Rank,Stop Name,Category,Responsible Party,SR Number,Complaint Description,Status,Created Date,Close Date,Age Days,Age Years,Duplicate After Closed,Year
8,115 7Th/Colorado,Missing Benches,CapMetro,SR23000874,Request bench installation at 115 7Th/Colorado,Open,2023-01-26,,1172,3.210958904109589,No,2023
8,115 7Th/Colorado,Missing Benches,CapMetro,SR23000883,No benches at 115 7Th/Colorado bus stop,Open,2023-03-16,,1123,3.0767123287671234,No,2023
8,115 7Th/Colorado,Missing Benches,CapMetro,SR23000899,Request bench installation at 115 7Th/Colorado,Open,2023-07-30,,987,2.7041095890410958,No,2023
8,115 7Th/Colorado,Missing Benches,CapMetro,SR23000813,Request bench installation at 115 7Th/Colorado,Open,2023-08-01,,985,2.6986301369863015,No,2023
8,115 7Th/Colorado,Missing Benches,CapMetro,SR23000895,No benches at 115 7Th/Colorado bus stop,Open,2023-08-26,,960,2.6301369863013697,No,2023
8,115 7Th/Colorado,Missing Benches,CapMetro,SR23000832,No benches at 115 7Th/Colorado bus stop,Open,2023-12-26,,838,2.2958904109589042,No,2023
8,115 7Th/Colorado,Missing Benches,CapMetro,SR23000854,No benches at 115 7Th/Colorado bus stop,Open,2024-02-09,,793,2.1726027397260275,No,2024
8,115 7Th/Colorado,Missing Benches,CapMetro,SR23000848,Request bench installation at 115 7Th/Colorado,Open,2024-06-12,,669,1.832876712328767,No,2024
8,115 7Th/Colorado,Missing Benches,CapMetro,SR23000816,Missing seating at 115 7Th/Colorado transit stop,Open,2024-06-23,,658,1.8027397260273972,No,2024
8,115 7Th/Colorado,Missing Benches,CapMetro,SR23000835,No benches at 115 7Th/Colorado bus stop,Closed,2024-11-11,2024-11-11,0,0.0,No,2024
8,115 7Th/Colorado,Missing Benches,CapMetro,SR23000865,No benches at 115 7Th/Colorado bus stop,Open,2025-02-13,,423,1.158904109589041,Yes,2025
8,115 7Th/Colorado,Missing Benches,CapMetro,SR23000849,No benches at 115 7Th/Colorado bus stop,Open,2025-05-10,,337,0.9232876712328767,Yes,2025
8,115 7Th/Colorado,Missing Benches,CapMetro,SR23000817,No benches at 115 7Th/Colorado bus stop,Closed,2025-08-16,2025-08-16,0,0.0,No,2025
8,115 7Th/Colorado,Missing Benches,CapMetro,SR23000843,Missing seating at 115 7Th/Colorado transit stop,Closed,2025-12-05,2025-12-05,0,0.0,No,2025
8,115 7Th/Colorado,Missing Benches,CapMetro,SR23000882,No benches at 115 7Th/Colorado bus stop,Open,2025-12-30,,103,0.2821917808219178,Yes,2025
8,115 7Th/Colorado,Missing Shelter,CapMetro,SR23000840,Transit stop 115 7Th/Colorado needs weather shelter,Open,2023-01-22,,1176,3.221917808219178,No,2023
8,115 7Th/Colorado,Missing Shelter,CapMetro,SR23000847,Request shelter installation at 115 7Th/Colorado,Open,2023-01-22,,1176,3.221917808219178,No,2023
8,115 7Th/Colorado,Missing Shelter,CapMetro,SR23000889,Transit stop 115 7Th/Colorado needs shelter for rider protection,Closed,2023-04-26,2023-04-26,0,0.0,No,2023
8,115 7Th/Colorado,Missing Shelter,CapMetro,SR23000898,Request shelter installation at 115 7Th/Colorado,Closed,2023-05-11,2023-05-11,0,0.0,No,2023
8,115 7Th/Colorado,Missing Shelter,CapMetro,SR23000867,Transit stop 115 7Th/Colorado needs shelter for rider protection,Open,2023-05-17,,1061,2.9068493150684933,Yes,2023
8,115 7Th/Colorado,Missing Shelter,CapMetro,SR23000831,No shelter at 115 7Th/Colorado transit stop,Open,2023-05-19,,1059,2.9013698630136986,Yes,2023
8,115 7Th/Colorado,Missing Shelter,CapMetro,SR23000852,Bus stop at 115 7Th/Colorado missing shelter - riders exposed to weather,Closed,2023-05-19,2023-05-19,0,0.0,No,2023
8,115 7Th/Colorado,Missing Shelter,CapMetro,SR23000837,Transit stop 115 7Th/Colorado needs shelter for rider protection,Open,2023-05-30,,1048,2.871232876712329,Yes,2023
8,115 7Th/Colorado,Missing Shelter,CapMetro,SR23000833,Transit stop 115 7Th/Colorado needs weather shelter,Open,2023-09-05,,950,2.6027397260273974,Yes,2023
8,115 7Th/Colorado,Missing Shelter,CapMetro,SR23000834,Bus stop at 115 7Th/Colorado missing shelter - riders exposed to weather,Open,2023-09-10,,945,2.589041095890411,Yes,2023
8,115 7Th/Colorado,Missing Shelter,CapMetro,SR23000870,Transit stop 115 7Th/Colorado needs shelter for rider protection,Open,2023-09-24,,931,2.5506849315068494,Yes,2023
8,115 7Th/Colorado,Missing Shelter,CapMetro,SR23000856,Transit stop 115 7Th/Colorado needs weather shelter,Closed,2023-10-03,2023-10-03,0,0.0,No,2023
8,115 7Th/Colorado,Missing Shelter,CapMetro,SR23000853,Bus stop at 115 7Th/Colorado missing shelter - riders exposed to weather,Open,2023-10-04,,921,2.5232876712328767,Yes,2023
8,115 7Th/Colorado,Missing Shelter,CapMetro,SR23000862,Transit stop 115 7Th/Colorado needs shelter for rider protection,Open,2023-10-20,,905,2.4794520547945207,Yes,2023
8,115 7Th/Colorado,Missing Shelter,CapMetro,SR23000892,No shelter at 115 7Th/Colorado transit stop,Open,2023-10-26,,899,2.463013698630137,Yes,2023
8,115 7Th/Colorado,Missing Shelter,CapMetro,SR23000868,No shelter at 115 7Th/Colorado transit stop,Closed,2023-11-04,2023-11-04,0,0.0,No,2023
8,115 7Th/Colorado,Missing Shelter,CapMetro,SR23000864,Request shelter installation at 115 7Th/Colorado,Open,2023-12-06,,858,2.350684931506849,Yes,2023
8,115 7Th/Colorado,Missing Shelter,CapMetro,SR23000885,Bus stop at 115 7Th/Colorado missing shelter - riders exposed to weather,Open,2023-12-28,,836,2.2904109589041095,Yes,2023
8,115 7Th/Colorado,Missing Shelter,CapMetro,SR23000838,No shelter at 115 7Th/Colorado transit stop,Open,2024-01-14,,819,2.243835616438356,Yes,2024
8,115 7Th/Colorado,Missing Shelter,CapMetro,SR23000823,Transit stop 115 7Th/Colorado needs shelter for rider protection,Open,2024-01-15,,818,2.241095890410959,Yes,2024
8,115 7Th/Colorado,Missing Shelter,CapMetro,SR23000871,Bus stop at 115 7Th/Colorado missing shelter - riders exposed to weather,Closed,2024-03-17,2024-03-17,0,0.0,No,2024
8,115 7Th/Colorado,Missing Shelter,CapMetro,SR23000879,No shelter at 115 7Th/Colorado transit stop,Open,2024-03-21,,752,2.0602739726027397,Yes,2024
8,115 7Th/Colorado,Missing Shelter,CapMetro,SR23000836,No shelter at 115 7Th/Colorado transit stop,Open,2024-07-15,,636,1.7424657534246575,Yes,2024
8,115 7Th/Colorado,Missing Shelter,CapMetro,SR23000827,Transit stop 115 7Th/Colorado needs shelter for rider protection,Open,2024-08-01,,619,1.6958904109589041,Yes,2024
8,115 7Th/Colorado,Missing Shelter,CapMetro,SR23000881,No weather protection at 115 7Th/Colorado transit stop,Open,2024-08-15,,605,1.6575342465753424,Yes,2024
8,115 7Th/Colorado,Missing Shelter,CapMetro,SR23000872,Bus stop at 115 7Th/Colorado missing shelter - riders exposed to weather,Open,2024-08-16,,604,1.6547945205479453,Yes,2024
8,115 7Th/Colorado,Missing Shelter,CapMetro,SR23000851,Request shelter installation at 115 7Th/Colorado,Closed,2024-09-02,2024-09-02,0,0.0,No,2024
8,115 7Th/Colorado,Missing Shelter,CapMetro,SR23000839,No shelter at 115 7Th/Colorado transit stop,Open,2024-09-22,,567,1.5534246575342465,Yes,2024
8,115 7Th/Colorado,Missing Shelter,CapMetro,SR23000820,Transit stop 115 7Th/Colorado needs shelter for rider protection,Open,2024-10-30,,529,1.4493150684931506,Yes,2024
8,115 7Th/Colorado,Missing Shelter,CapMetro,SR23000890,Transit stop 115 7Th/Colorado needs shelter for rider protection,Open,2024-12-20,,478,1.3095890410958904,Yes,2024
8,115 7Th/Colorado,Missing Shelter,CapMetro,SR23000829,No weather protection at 115 7Th/Colorado transit stop,Closed,2024-12-31,2024-12-31,0,0.0,No,2024
8,115 7Th/Colorado,Missing Shelter,CapMetro,SR23000873,Transit stop 115 7Th/Colorado needs shelter for rider protection,Open,2025-01-03,,464,1.2712328767123289,Yes,2025
8,115 7Th/Colorado,Missing Shelter,CapMetro,SR23000815,No shelter at 115 7Th/Colorado transit stop,Open,2025-01-16,,451,1.2356164383561643,Yes,2025
8,115 7Th/Colorado,Missing Shelter,CapMetro,SR23000860,Request shelter installation at 115 7Th/Colorado,Closed,2025-02-02,2025-02-02,0,0.0,No,2025
8,115 7Th/Colorado,Missing Shelter,CapMetro,SR23000857,Request shelter installation at 115 7Th/Colorado,Closed,2025-02-10,2025-02-10,0,0.0,No,2025
8,115 7Th/Colorado,Missing Shelter,CapMetro,SR23000850,Transit stop 115 7Th/Colorado needs shelter for rider protection,Open,2025-03-20,,388,1.063013698630137,Yes,2025
8,115 7Th/Colorado,Missing Shelter,CapMetro,SR23000845,Request shelter installation at 115 7Th/Colorado,Closed,2025-04-18,2025-04-18,0,0.0,No,2025
8,115 7Th/Colorado,Missing Shelter,CapMetro,SR23000822,Bus stop at 115 7Th/Colorado missing shelter - riders exposed to weather,Open,2025-04-29,,348,0.9534246575342465,Yes,2025
8,115 7Th/Colorado,Missing Shelter,CapMetro,SR23000846,Bus stop at 115 7Th/Colorado missing shelter - riders exposed to weather,Closed,2025-06-04,2025-06-04,0,0.0,No,2025
8,115 7Th/Colorado,Missing Shelter,CapMetro,SR23000825,Transit stop 115 7Th/Colorado needs shelter for rider protection,Open,2025-06-23,,293,0.8027397260273973,Yes,2025
8,115 7Th/Colorado,Missing Shelter,CapMetro,SR23000886,No shelter at 115 7Th/Colorado transit stop,Open,2025-06-26,,290,0.7945205479452054,Yes,2025
8,115 7Th/Colorado,Missing Shelter,CapMetro,SR23000877,Transit stop 115 7Th/Colorado needs shelter for rider protection,Closed,2025-07-15,2025-07-15,0,0.0,No,2025
8,115 7Th/Colorado,Missing Shelter,CapMetro,SR23000861,Request shelter installation at 115 7Th/Colorado,Open,2025-08-17,,238,0.6520547945205479,Yes,2025
8,115 7Th/Colorado,Missing Shelter,CapMetro,SR23000893,Transit stop 115 7Th/Colorado needs shelter for rider protection,Open,2025-09-28,,196,0.536986301369863,Yes,2025
8,115 7Th/Colorado,Missing Shelter,CapMetro,SR23000819,Transit stop 115 7Th/Colorado needs shelter for rider protection,Open,2025-09-29,,195,0.5342465753424658,Yes,2025
8,115 7Th/Colorado,Missing Shelter,CapMetro,SR23000842,Bus stop at 115 7Th/Colorado missing shelter - riders exposed to weather,Open,2025-11-23,,140,0.3835616438356164,Yes,2025
8,115 7Th/Colorado,Missing Shelter,CapMetro,SR23000844,Bus stop at 115 7Th/Colorado missing shelter - riders exposed to weather,Closed,2025-11-29,2025-11-29,0,0.0,No,2025
8,115 7Th/Colorado,Missing Shelter,CapMetro,SR23000894,No shelter at 115 7Th/Colorado transit stop,Open,2025-12-16,,117,0.32054794520547947,Yes,2025
8,115 7Th/Colorado,Missing Shelter,CapMetro,SR23000863,No shelter at 115 7Th/Colorado transit stop,Open,2026-01-23,,79,0.21643835616438356,Yes,2026
8,115 7Th/Colorado,Other,TBD,SR23000830,Riders have nowhere to sit at 115 7Th/Colorado,Open,2023-07-04,,1013,2.7753424657534245,No,2023
8,115 7Th/Colorado,Other,TBD,SR23000826,Riders have nowhere to sit at 115 7Th/Colorado,Open,2023-08-07,,979,2.682191780821918,No,2023
8,115 7Th/Colorado,Other,TBD,SR23000824,Riders have nowhere to sit at 115 7Th/Colorado,Open,2024-04-05,,737,2.0191780821917806,No,2024
8,115 7Th/Colorado,Other,TBD,SR23000841,Riders have nowhere to sit at 115 7Th/Colorado,Open,2024-04-08,,734,2.010958904109589,No,2024
8,115 7Th/Colorado,Other,TBD,SR23000814,Riders have nowhere to sit at 115 7Th/Colorado,Open,2025-01-26,,441,1.2082191780821918,No,2025
8,115 7Th/Colorado,Other,TBD,SR23000897,Riders have nowhere to sit at 115 7Th/Colorado,Closed,2025-07-08,2025-07-08,0,0.0,No,2025
8,115 7Th/Colorado,Other,TBD,SR23000812,Riders have nowhere to sit at 115 7Th/Colorado,Open,2025-07-28,,258,0.7068493150684931,Yes,2025
8,115 7Th/Colorado,Safety (Lighting),City of Austin,SR23000888,Safety concerns at 115 7Th/Colorado bus stop after dark,Open,2023-05-12,,1066,2.9205479452054797,No,2023
8,115 7Th/Colorado,Safety (Lighting),City of Austin,SR23000869,Safety concerns at 115 7Th/Colorado bus stop after dark,Open,2023-09-30,,925,2.5342465753424657,No,2023
8,115 7Th/Colorado,Safety Concerns,City of Austin / CapMetro,SR23000866,Feeling unsafe waiting at 115 7Th/Colorado,Open,2023-11-11,,883,2.419178082191781,No,2023
8,115 7Th/Colorado,Safety Concerns,City of Austin / CapMetro,SR23000818,Request safety improvements at 115 7Th/Colorado stop,Open,2023-12-29,,835,2.287671232876712,No,2023
8,115 7Th/Colorado,Weather Exposure,CapMetro,SR23000821,Riders getting wet at 115 7Th/Colorado during rain,Open,2023-02-21,,1146,3.1397260273972605,No,2023
8,115 7Th/Colorado,Weather Exposure,CapMetro,SR23000880,Riders getting wet at 115 7Th/Colorado during rain,Closed,2023-04-21,2023-04-21,0,0.0,No,2023
8,115 7Th/Colorado,Weather Exposure,CapMetro,SR23000884,Bus stop 115 7Th/Colorado exposed to extreme heat/sun,Open,2023-05-17,,1061,2.9068493150684933,Yes,2023
8,115 7Th/Colorado,Weather Exposure,CapMetro,SR23000876,Riders getting wet at 115 7Th/Colorado during rain,Open,2023-06-10,,1037,2.841095890410959,Yes,2023
8,115 7Th/Colorado,Weather Exposure,CapMetro,SR23000859,Riders getting wet at 115 7Th/Colorado during rain,Open,2023-11-10,,884,2.421917808219178,Yes,2023
8,115 7Th/Colorado,Weather Exposure,CapMetro,SR23000887,Riders getting wet at 115 7Th/Colorado during rain,Open,2024-03-28,,745,2.041095890410959,Yes,2024
8,115 7Th/Colorado,Weather Exposure,CapMetro,SR23000875,Riders getting wet at 115 7Th/Colorado during rain,Open,2024-08-29,,591,1.6191780821917807,Yes,2024
8,115 7Th/Colorado,Weather Exposure,CapMetro,SR23000858,Riders getting wet at 115 7Th/Colorado during rain,Open,2024-09-03,,586,1.6054794520547946,Yes,2024
8,115 7Th/Colorado,Weather Exposure,CapMetro,SR23000828,Riders getting wet at 115 7Th/Colorado during rain,Open,2024-12-26,,472,1.2931506849315069,Yes,2024
8,115 7Th/Colorado,Weather Exposure,CapMetro,SR23000878,Bus stop 115 7Th/Colorado exposed to extreme heat/sun,Open,2025-03-09,,399,1.093150684931507,Yes,2025
8,115 7Th/Colorado,Weather Exposure,CapMetro,SR23000896,Riders getting wet at 115 7Th/Colorado during rain,Open,2025-07-10,,276,0.7561643835616438,Yes,2025
8,115 7Th/Colorado,Weather Exposure,CapMetro,SR23000891,Bus stop 115 7Th/Colorado exposed to extreme heat/sun,Closed,2025-07-14,2025-07-14,0,0.0,No,2025
8,115 7Th/Colorado,Weather Exposure,CapMetro,SR23000855,Bus stop 115 7Th/Colorado exposed to extreme heat/sun,Open,2025-12-05,,128,0.3506849315068493,Yes,2025
1,1609 Lavaca/17th (Midblock),Missing Benches,CapMetro,SR23000075,Request bench installation at 1609 Lavaca/17th (Midblock),Open,2023-02-14,,1153,3.158904109589041,No,2023
1,1609 Lavaca/17th (Midblock),Missing Benches,CapMetro,SR23000071,Missing seating at 1609 Lavaca/17th (Midblock) transit stop,Closed,2023-03-25,2023-03-25,0,0.0,No,2023
1,1609 Lavaca/17th (Midblock),Missing Benches,CapMetro,SR23000069,Missing seating at 1609 Lavaca/17th (Midblock) transit stop,Closed,2023-07-13,2023-07-13,0,0.0,No,2023
1,1609 Lavaca/17th (Midblock),Missing Benches,CapMetro,SR23000054,Missing seating at 1609 Lavaca/17th (Midblock) transit stop,Open,2023-07-15,,1002,2.745205479452055,Yes,2023
1,1609 Lavaca/17th (Midblock),Missing Benches,CapMetro,SR23000003,Missing seating at 1609 Lavaca/17th (Midblock) transit stop,Open,2023-08-07,,979,2.682191780821918,Yes,2023
1,1609 Lavaca/17th (Midblock),Missing Benches,CapMetro,SR23000047,Request bench installation at 1609 Lavaca/17th (Midblock),Open,2023-08-08,,978,2.6794520547945204,Yes,2023
1,1609 Lavaca/17th (Midblock),Missing Benches,CapMetro,SR23000121,Request bench installation at 1609 Lavaca/17th (Midblock),Open,2023-10-23,,902,2.4712328767123286,Yes,2023
1,1609 Lavaca/17th (Midblock),Missing Benches,CapMetro,SR23000073,Missing seating at 1609 Lavaca/17th (Midblock) transit stop,Open,2023-11-02,,892,2.4438356164383563,Yes,2023
1,1609 Lavaca/17th (Midblock),Missing Benches,CapMetro,SR23000012,Missing seating at 1609 Lavaca/17th (Midblock) transit stop,Open,2024-01-13,,820,2.2465753424657535,Yes,2024
1,1609 Lavaca/17th (Midblock),Missing Benches,CapMetro,SR23000044,Request bench installation at 1609 Lavaca/17th (Midblock),Closed,2024-04-10,2024-04-10,0,0.0,No,2024
1,1609 Lavaca/17th (Midblock),Missing Benches,CapMetro,SR23000131,Request bench installation at 1609 Lavaca/17th (Midblock),Open,2024-05-10,,702,1.9232876712328768,Yes,2024
1,1609 Lavaca/17th (Midblock),Missing Benches,CapMetro,SR23000096,No benches at 1609 Lavaca/17th (Midblock) bus stop,Open,2024-11-15,,513,1.4054794520547946,Yes,2024
1,1609 Lavaca/17th (Midblock),Missing Benches,CapMetro,SR23000117,Missing seating at 1609 Lavaca/17th (Midblock) transit stop,Open,2025-01-05,,462,1.2657534246575342,Yes,2025
1,1609 Lavaca/17th (Midblock),Missing Benches,CapMetro,SR23000093,Request bench installation at 1609 Lavaca/17th (Midblock),Open,2025-01-08,,459,1.2575342465753425,Yes,2025
1,1609 Lavaca/17th (Midblock),Missing Benches,CapMetro,SR23000113,Request bench installation at 1609 Lavaca/17th (Midblock),Open,2025-01-16,,451,1.2356164383561643,Yes,2025
1,1609 Lavaca/17th (Midblock),Missing Benches,CapMetro,SR23000040,No benches at 1609 Lavaca/17th (Midblock) bus stop,Open,2025-01-22,,445,1.2191780821917808,Yes,2025
1,1609 Lavaca/17th (Midblock),Missing Benches,CapMetro,SR23000122,Request bench installation at 1609 Lavaca/17th (Midblock),Closed,2025-02-24,2025-02-24,0,0.0,No,2025
1,1609 Lavaca/17th (Midblock),Missing Benches,CapMetro,SR23000051,No benches at 1609 Lavaca/17th (Midblock) bus stop,Closed,2025-03-01,2025-03-01,0,0.0,No,2025
1,1609 Lavaca/17th (Midblock),Missing Benches,CapMetro,SR23000062,No benches at 1609 Lavaca/17th (Midblock) bus stop,Open,2025-03-07,,401,1.0986301369863014,Yes,2025
1,1609 Lavaca/17th (Midblock),Missing Benches,CapMetro,SR23000064,Request bench installation at 1609 Lavaca/17th (Midblock),Closed,2025-07-06,2025-07-06,0,0.0,No,2025
1,1609 Lavaca/17th (Midblock),Missing Benches,CapMetro,SR23000066,Request bench installation at 1609 Lavaca/17th (Midblock),Open,2025-09-18,,206,0.5643835616438356,Yes,2025
1,1609 Lavaca/17th (Midblock),Missing Benches,CapMetro,SR23000032,Request bench installation at 1609 Lavaca/17th (Midblock),Open,2025-12-24,,109,0.29863013698630136,Yes,2025
1,1609 Lavaca/17th (Midblock),Missing Benches,CapMetro,SR23000074,No benches at 1609 Lavaca/17th (Midblock) bus stop,Open,2025-12-31,,102,0.27945205479452057,Yes,2025
1,1609 Lavaca/17th (Midblock),Missing Benches,CapMetro,SR23000134,Request bench installation at 1609 Lavaca/17th (Midblock),Open,2026-01-01,,101,0.27671232876712326,Yes,2026
1,1609 Lavaca/17th (Midblock),Missing Benches,CapMetro,SR23000056,Request bench installation at 1609 Lavaca/17th (Midblock),Open,2026-02-10,,61,0.16712328767123288,Yes,2026
1,1609 Lavaca/17th (Midblock),Missing Benches,CapMetro,SR23000010,Request bench installation at 1609 Lavaca/17th (Midblock),Open,2026-02-18,,53,0.14520547945205478,Yes,2026
1,1609 Lavaca/17th (Midblock),Missing Benches,CapMetro,SR23000037,Request bench installation at 1609 Lavaca/17th (Midblock),Open,2026-02-22,,49,0.13424657534246576,Yes,2026
1,1609 Lavaca/17th (Midblock),Missing Shelter,CapMetro,SR23000085,Transit stop 1609 Lavaca/17th (Midblock) needs shelter for rider protection,Open,2023-01-13,,1185,3.2465753424657535,No,2023
1,1609 Lavaca/17th (Midblock),Missing Shelter,CapMetro,SR23000140,Bus stop at 1609 Lavaca/17th (Midblock) missing shelter - riders exposed to weather,Open,2023-01-14,,1184,3.243835616438356,No,2023
1,1609 Lavaca/17th (Midblock),Missing Shelter,CapMetro,SR23000111,Request shelter installation at 1609 Lavaca/17th (Midblock),Open,2023-01-17,,1181,3.2356164383561645,No,2023
1,1609 Lavaca/17th (Midblock),Missing Shelter,CapMetro,SR23000043,No shelter at 1609 Lavaca/17th (Midblock) transit stop,Open,2023-01-31,,1167,3.197260273972603,No,2023
1,1609 Lavaca/17th (Midblock),Missing Shelter,CapMetro,SR23000052,Request shelter installation at 1609 Lavaca/17th (Midblock),Open,2023-03-03,,1136,3.1123287671232878,No,2023
1,1609 Lavaca/17th (Midblock),Missing Shelter,CapMetro,SR23000068,Bus stop at 1609 Lavaca/17th (Midblock) missing shelter - riders exposed to weather,Closed,2023-03-18,2023-03-18,0,0.0,No,2023
1,1609 Lavaca/17th (Midblock),Missing Shelter,CapMetro,SR23000067,No shelter at 1609 Lavaca/17th (Midblock) transit stop,Closed,2023-03-19,2023-03-19,0,0.0,No,2023
1,1609 Lavaca/17th (Midblock),Missing Shelter,CapMetro,SR23000053,No shelter at 1609 Lavaca/17th (Midblock) transit stop,Open,2023-04-02,,1106,3.03013698630137,Yes,2023
1,1609 Lavaca/17th (Midblock),Missing Shelter,CapMetro,SR23000098,Transit stop 1609 Lavaca/17th (Midblock) needs shelter for rider protection,Open,2023-05-30,,1048,2.871232876712329,Yes,2023
1,1609 Lavaca/17th (Midblock),Missing Shelter,CapMetro,SR23000065,Transit stop 1609 Lavaca/17th (Midblock) needs weather shelter,Open,2023-06-23,,1024,2.8054794520547945,Yes,2023
1,1609 Lavaca/17th (Midblock),Missing Shelter,CapMetro,SR23000063,Transit stop 1609 Lavaca/17th (Midblock) needs weather shelter,Open,2023-07-19,,998,2.734246575342466,Yes,2023
1,1609 Lavaca/17th (Midblock),Missing Shelter,CapMetro,SR23000072,Request shelter installation at 1609 Lavaca/17th (Midblock),Open,2023-08-03,,983,2.6931506849315068,Yes,2023
1,1609 Lavaca/17th (Midblock),Missing Shelter,CapMetro,SR23000002,Transit stop 1609 Lavaca/17th (Midblock) needs shelter for rider protection,Closed,2023-08-18,2023-08-18,0,0.0,No,2023
1,1609 Lavaca/17th (Midblock),Missing Shelter,CapMetro,SR23000080,Request shelter installation at 1609 Lavaca/17th (Midblock),Open,2023-10-04,,921,2.5232876712328767,Yes,2023
1,1609 Lavaca/17th (Midblock),Missing Shelter,CapMetro,SR23000008,Transit stop 1609 Lavaca/17th (Midblock) needs weather shelter,Open,2023-10-15,,910,2.493150684931507,Yes,2023
1,1609 Lavaca/17th (Midblock),Missing Shelter,CapMetro,SR23000091,No shelter at 1609 Lavaca/17th (Midblock) transit stop,Open,2023-11-02,,892,2.4438356164383563,Yes,2023
1,1609 Lavaca/17th (Midblock),Missing Shelter,CapMetro,SR23000102,Bus stop at 1609 Lavaca/17th (Midblock) missing shelter - riders exposed to weather,Open,2023-11-06,,888,2.4328767123287673,Yes,2023
1,1609 Lavaca/17th (Midblock),Missing Shelter,CapMetro,SR23000011,No shelter at 1609 Lavaca/17th (Midblock) transit stop,Open,2023-11-21,,873,2.3917808219178083,Yes,2023
1,1609 Lavaca/17th (Midblock),Missing Shelter,CapMetro,SR23000046,Transit stop 1609 Lavaca/17th (Midblock) needs shelter for rider protection,Open,2023-12-03,,861,2.3589041095890413,Yes,2023
1,1609 Lavaca/17th (Midblock),Missing Shelter,CapMetro,SR23000045,Transit stop 1609 Lavaca/17th (Midblock) needs weather shelter,Closed,2023-12-20,2023-12-20,0,0.0,No,2023
1,1609 Lavaca/17th (Midblock),Missing Shelter,CapMetro,SR23000115,Bus stop at 1609 Lavaca/17th (Midblock) missing shelter - riders exposed to weather,Open,2024-01-09,,824,2.2575342465753425,Yes,2024
1,1609 Lavaca/17th (Midblock),Missing Shelter,CapMetro,SR23000125,Request shelter installation at 1609 Lavaca/17th (Midblock),Closed,2024-01-16,2024-01-16,0,0.0,No,2024
1,1609 Lavaca/17th (Midblock),Missing Shelter,CapMetro,SR23000139,Bus stop at 1609 Lavaca/17th (Midblock) missing shelter - riders exposed to weather,Open,2024-03-03,,770,2.1095890410958904,Yes,2024
1,1609 Lavaca/17th (Midblock),Missing Shelter,CapMetro,SR23000055,Bus stop at 1609 Lavaca/17th (Midblock) missing shelter - riders exposed to weather,Open,2024-03-11,,762,2.0876712328767124,Yes,2024
1,1609 Lavaca/17th (Midblock),Missing Shelter,CapMetro,SR23000137,Request shelter installation at 1609 Lavaca/17th (Midblock),Open,2024-06-09,,672,1.841095890410959,Yes,2024
1,1609 Lavaca/17th (Midblock),Missing Shelter,CapMetro,SR23000007,Request shelter installation at 1609 Lavaca/17th (Midblock),Open,2024-06-14,,667,1.8273972602739725,Yes,2024
1,1609 Lavaca/17th (Midblock),Missing Shelter,CapMetro,SR23000089,No weather protection at 1609 Lavaca/17th (Midblock) transit stop,Open,2024-07-15,,636,1.7424657534246575,Yes,2024
1,1609 Lavaca/17th (Midblock),Missing Shelter,CapMetro,SR23000076,Request shelter installation at 1609 Lavaca/17th (Midblock),Open,2024-08-08,,612,1.6767123287671233,Yes,2024
1,1609 Lavaca/17th (Midblock),Missing Shelter,CapMetro,SR23000108,No shelter at 1609 Lavaca/17th (Midblock) transit stop,Open,2024-08-15,,605,1.6575342465753424,Yes,2024
1,1609 Lavaca/17th (Midblock),Missing Shelter,CapMetro,SR23000017,Transit stop 1609 Lavaca/17th (Midblock) needs weather shelter,Open,2024-08-20,,600,1.643835616438356,Yes,2024
1,1609 Lavaca/17th (Midblock),Missing Shelter,CapMetro,SR23000023,Request shelter installation at 1609 Lavaca/17th (Midblock),Open,2024-08-22,,598,1.6383561643835616,Yes,2024
1,1609 Lavaca/17th (Midblock),Missing Shelter,CapMetro,SR23000135,Transit stop 1609 Lavaca/17th (Midblock) needs shelter for rider protection,Open,2024-09-16,,573,1.5698630136986302,Yes,2024
1,1609 Lavaca/17th (Midblock),Missing Shelter,CapMetro,SR23000141,No shelter at 1609 Lavaca/17th (Midblock) transit stop,Open,2024-09-26,,563,1.5424657534246575,Yes,2024
1,1609 Lavaca/17th (Midblock),Missing Shelter,CapMetro,SR23000061,Request shelter installation at 1609 Lavaca/17th (Midblock),Open,2024-09-30,,559,1.5315068493150685,Yes,2024
1,1609 Lavaca/17th (Midblock),Missing Shelter,CapMetro,SR23000087,Request shelter installation at 1609 Lavaca/17th (Midblock),Closed,2024-10-12,2024-10-12,0,0.0,No,2024
1,1609 Lavaca/17th (Midblock),Missing Shelter,CapMetro,SR23000132,Request shelter installation at 1609 Lavaca/17th (Midblock),Open,2024-10-14,,545,1.4931506849315068,Yes,2024
1,1609 Lavaca/17th (Midblock),Missing Shelter,CapMetro,SR23000025,Bus stop at 1609 Lavaca/17th (Midblock) missing shelter - riders exposed to weather,Open,2024-11-09,,519,1.4219178082191781,Yes,2024
1,1609 Lavaca/17th (Midblock),Missing Shelter,CapMetro,SR23000019,No shelter at 1609 Lavaca/17th (Midblock) transit stop,Open,2024-12-03,,495,1.356164383561644,Yes,2024
1,1609 Lavaca/17th (Midblock),Missing Shelter,CapMetro,SR23000105,No weather protection at 1609 Lavaca/17th (Midblock) transit stop,Open,2024-12-15,,483,1.3232876712328767,Yes,2024
1,1609 Lavaca/17th (Midblock),Missing Shelter,CapMetro,SR23000041,Request shelter installation at 1609 Lavaca/17th (Midblock),Closed,2025-01-01,2025-01-01,0,0.0,No,2025
1,1609 Lavaca/17th (Midblock),Missing Shelter,CapMetro,SR23000084,Bus stop at 1609 Lavaca/17th (Midblock) missing shelter - riders exposed to weather,Open,2025-01-03,,464,1.2712328767123289,Yes,2025
1,1609 Lavaca/17th (Midblock),Missing Shelter,CapMetro,SR23000123,Bus stop at 1609 Lavaca/17th (Midblock) missing shelter - riders exposed to weather,Open,2025-01-14,,453,1.2410958904109588,Yes,2025
1,1609 Lavaca/17th (Midblock),Missing Shelter,CapMetro,SR23000124,Bus stop at 1609 Lavaca/17th (Midblock) missing shelter - riders exposed to weather,Open,2025-01-14,,453,1.2410958904109588,Yes,2025
1,1609 Lavaca/17th (Midblock),Missing Shelter,CapMetro,SR23000133,Request shelter installation at 1609 Lavaca/17th (Midblock),Open,2025-01-18,,449,1.2301369863013698,Yes,2025
1,1609 Lavaca/17th (Midblock),Missing Shelter,CapMetro,SR23000112,Transit stop 1609 Lavaca/17th (Midblock) needs shelter for rider protection,Open,2025-02-05,,431,1.180821917808219,Yes,2025
1,1609 Lavaca/17th (Midblock),Missing Shelter,CapMetro,SR23000027,Request shelter installation at 1609 Lavaca/17th (Midblock),Closed,2025-02-10,2025-02-10,0,0.0,No,2025
1,1609 Lavaca/17th (Midblock),Missing Shelter,CapMetro,SR23000005,No shelter at 1609 Lavaca/17th (Midblock) transit stop,Closed,2025-02-12,2025-02-12,0,0.0,No,2025
1,1609 Lavaca/17th (Midblock),Missing Shelter,CapMetro,SR23000024,Bus stop at 1609 Lavaca/17th (Midblock) missing shelter - riders exposed to weather,Closed,2025-03-05,2025-03-05,0,0.0,No,2025
1,1609 Lavaca/17th (Midblock),Missing Shelter,CapMetro,SR23000138,Transit stop 1609 Lavaca/17th (Midblock) needs shelter for rider protection,Closed,2025-03-10,2025-03-10,0,0.0,No,2025
1,1609 Lavaca/17th (Midblock),Missing Shelter,CapMetro,SR23000110,No weather protection at 1609 Lavaca/17th (Midblock) transit stop,Open,2025-03-27,,381,1.0438356164383562,Yes,2025
1,1609 Lavaca/17th (Midblock),Missing Shelter,CapMetro,SR23000030,Request shelter installation at 1609 Lavaca/17th (Midblock),Closed,2025-04-10,2025-04-10,0,0.0,No,2025
1,1609 Lavaca/17th (Midblock),Missing Shelter,CapMetro,SR23000130,Request shelter installation at 1609 Lavaca/17th (Midblock),Open,2025-05-13,,334,0.915068493150685,Yes,2025
1,1609 Lavaca/17th (Midblock),Missing Shelter,CapMetro,SR23000082,Bus stop at 1609 Lavaca/17th (Midblock) missing shelter - riders exposed to weather,Open,2025-06-05,,311,0.852054794520548,Yes,2025
1,1609 Lavaca/17th (Midblock),Missing Shelter,CapMetro,SR23000033,Bus stop at 1609 Lavaca/17th (Midblock) missing shelter - riders exposed to weather,Open,2025-06-08,,308,0.8438356164383561,Yes,2025
1,1609 Lavaca/17th (Midblock),Missing Shelter,CapMetro,SR23000035,Request shelter installation at 1609 Lavaca/17th (Midblock),Open,2025-06-08,,308,0.8438356164383561,Yes,2025
1,1609 Lavaca/17th (Midblock),Missing Shelter,CapMetro,SR23000049,Bus stop at 1609 Lavaca/17th (Midblock) missing shelter - riders exposed to weather,Closed,2025-06-14,2025-06-14,0,0.0,No,2025
1,1609 Lavaca/17th (Midblock),Missing Shelter,CapMetro,SR23000116,Bus stop at 1609 Lavaca/17th (Midblock) missing shelter - riders exposed to weather,Open,2025-06-17,,299,0.8191780821917808,Yes,2025
1,1609 Lavaca/17th (Midblock),Missing Shelter,CapMetro,SR23000042,Bus stop at 1609 Lavaca/17th (Midblock) missing shelter - riders exposed to weather,Open,2025-09-28,,196,0.536986301369863,Yes,2025
1,1609 Lavaca/17th (Midblock),Missing Shelter,CapMetro,SR23000099,Transit stop 1609 Lavaca/17th (Midblock) needs shelter for rider protection,Open,2025-10-10,,184,0.5041095890410959,Yes,2025
1,1609 Lavaca/17th (Midblock),Missing Shelter,CapMetro,SR23000036,Request shelter installation at 1609 Lavaca/17th (Midblock),Closed,2025-10-11,2025-10-11,0,0.0,No,2025
1,1609 Lavaca/17th (Midblock),Missing Shelter,CapMetro,SR23000090,Transit stop 1609 Lavaca/17th (Midblock) needs shelter for rider protection,Closed,2025-10-22,2025-10-22,0,0.0,No,2025
1,1609 Lavaca/17th (Midblock),Missing Shelter,CapMetro,SR23000094,Bus stop at 1609 Lavaca/17th (Midblock) missing shelter - riders exposed to weather,Open,2025-10-28,,166,0.4547945205479452,Yes,2025
1,1609 Lavaca/17th (Midblock),Missing Shelter,CapMetro,SR23000100,Request shelter installation at 1609 Lavaca/17th (Midblock),Open,2025-11-13,,150,0.410958904109589,Yes,2025
1,1609 Lavaca/17th (Midblock),Missing Shelter,CapMetro,SR23000083,No shelter at 1609 Lavaca/17th (Midblock) transit stop,Open,2025-11-21,,142,0.38904109589041097,Yes,2025
1,1609 Lavaca/17th (Midblock),Missing Shelter,CapMetro,SR23000079,Transit stop 1609 Lavaca/17th (Midblock) needs weather shelter,Open,2025-12-18,,115,0.3150684931506849,Yes,2025
1,1609 Lavaca/17th (Midblock),Missing Shelter,CapMetro,SR23000095,Transit stop 1609 Lavaca/17th (Midblock) needs weather shelter,Closed,2026-01-07,2026-01-07,0,0.0,No,2026
1,1609 Lavaca/17th (Midblock),Missing Shelter,CapMetro,SR23000107,Transit stop 1609 Lavaca/17th (Midblock) needs shelter for rider protection,Closed,2026-01-14,2026-01-14,0,0.0,No,2026
1,1609 Lavaca/17th (Midblock),Missing Shelter,CapMetro,SR23000078,Request shelter installation at 1609 Lavaca/17th (Midblock),Open,2026-01-30,,72,0.19726027397260273,Yes,2026
1,1609 Lavaca/17th (Midblock),Missing Shelter,CapMetro,SR23000004,Bus stop at 1609 Lavaca/17th (Midblock) missing shelter - riders exposed to weather,Open,2026-02-12,,59,0.16164383561643836,Yes,2026
1,1609 Lavaca/17th (Midblock),Missing Shelter,CapMetro,SR23000006,Bus stop at 1609 Lavaca/17th (Midblock) missing shelter - riders exposed to weather,Open,2026-02-15,,56,0.15342465753424658,Yes,2026
1,1609 Lavaca/17th (Midblock),Missing Shelter,CapMetro,SR23000022,Request shelter installation at 1609 Lavaca/17th (Midblock),Open,2026-03-25,,18,0.049315068493150684,Yes,2026
1,1609 Lavaca/17th (Midblock),Other,TBD,SR23000014,Riders have nowhere to sit at 1609 Lavaca/17th (Midblock),Open,2023-02-01,,1166,3.1945205479452055,No,2023
1,1609 Lavaca/17th (Midblock),Other,TBD,SR23000057,Riders have nowhere to sit at 1609 Lavaca/17th (Midblock),Open,2023-03-06,,1133,3.1041095890410957,No,2023
1,1609 Lavaca/17th (Midblock),Other,TBD,SR23000118,Riders have nowhere to sit at 1609 Lavaca/17th (Midblock),Open,2023-07-31,,986,2.7013698630136984,No,2023
1,1609 Lavaca/17th (Midblock),Other,TBD,SR23000060,Riders have nowhere to sit at 1609 Lavaca/17th (Midblock),Open,2024-04-16,,726,1.989041095890411,No,2024
1,1609 Lavaca/17th (Midblock),Other,TBD,SR23000001,Riders have nowhere to sit at 1609 Lavaca/17th (Midblock),Open,2024-06-28,,653,1.789041095890411,No,2024
1,1609 Lavaca/17th (Midblock),Other,TBD,SR23000106,Riders have nowhere to sit at 1609 Lavaca/17th (Midblock),Closed,2024-09-28,2024-09-28,0,0.0,No,2024
1,1609 Lavaca/17th (Midblock),Other,TBD,SR23000081,Riders have nowhere to sit at 1609 Lavaca/17th (Midblock),Open,2024-11-18,,510,1.3972602739726028,Yes,2024
1,1609 Lavaca/17th (Midblock),Other,TBD,SR23000101,Riders have nowhere to sit at 1609 Lavaca/17th (Midblock),Open,2024-12-20,,478,1.3095890410958904,Yes,2024
1,1609 Lavaca/17th (Midblock),Other,TBD,SR23000086,Riders have nowhere to sit at 1609 Lavaca/17th (Midblock),Open,2025-02-03,,433,1.1863013698630136,Yes,2025
1,1609 Lavaca/17th (Midblock),Other,TBD,SR23000018,Riders have nowhere to sit at 1609 Lavaca/17th (Midblock),Open,2025-11-09,,154,0.42191780821917807,Yes,2025
1,1609 Lavaca/17th (Midblock),Other,TBD,SR23000038,Riders have nowhere to sit at 1609 Lavaca/17th (Midblock),Open,2025-12-02,,131,0.3589041095890411,Yes,2025
1,1609 Lavaca/17th (Midblock),Safety (Lighting),City of Austin,SR23000034,Transit stop 1609 Lavaca/17th (Midblock) needs better lighting,Open,2024-01-20,,813,2.2273972602739724,No,2024
1,1609 Lavaca/17th (Midblock),Safety (Lighting),City of Austin,SR23000103,Transit stop 1609 Lavaca/17th (Midblock) needs better lighting,Open,2024-03-22,,751,2.0575342465753423,No,2024
1,1609 Lavaca/17th (Midblock),Safety (Lighting),City of Austin,SR23000070,Safety concerns at 1609 Lavaca/17th (Midblock) bus stop after dark,Open,2024-04-10,,732,2.0054794520547947,No,2024
1,1609 Lavaca/17th (Midblock),Safety (Lighting),City of Austin,SR23000015,Safety concerns at 1609 Lavaca/17th (Midblock) bus stop after dark,Open,2024-04-14,,728,1.9945205479452055,No,2024
1,1609 Lavaca/17th (Midblock),Safety (Lighting),City of Austin,SR23000031,Safety concerns at 1609 Lavaca/17th (Midblock) bus stop after dark,Open,2024-05-10,,702,1.9232876712328768,No,2024
1,1609 Lavaca/17th (Midblock),Safety (Lighting),City of Austin,SR23000020,Transit stop 1609 Lavaca/17th (Midblock) needs better lighting,Open,2024-06-02,,679,1.8602739726027397,No,2024
1,1609 Lavaca/17th (Midblock),Safety (Lighting),City of Austin,SR23000026,Transit stop 1609 Lavaca/17th (Midblock) needs better lighting,Open,2024-06-03,,678,1.8575342465753424,No,2024
1,1609 Lavaca/17th (Midblock),Safety (Lighting),City of Austin,SR23000088,Safety concerns at 1609 Lavaca/17th (Midblock) bus stop after dark,Open,2025-04-18,,359,0.9835616438356164,No,2025
1,1609 Lavaca/17th (Midblock),Safety (Lighting),City of Austin,SR23000016,Safety concerns at 1609 Lavaca/17th (Midblock) bus stop after dark,Open,2025-06-13,,303,0.8301369863013699,No,2025
1,1609 Lavaca/17th (Midblock),Safety (Lighting),City of Austin,SR23000104,Transit stop 1609 Lavaca/17th (Midblock) needs better lighting,Open,2025-06-19,,297,0.8136986301369863,No,2025
1,1609 Lavaca/17th (Midblock),Safety Concerns,City of Austin / CapMetro,SR23000092,Request safety improvements at 1609 Lavaca/17th (Midblock) stop,Open,2023-10-02,,923,2.5287671232876714,No,2023
1,1609 Lavaca/17th (Midblock),Safety Concerns,City of Austin / CapMetro,SR23000120,Request safety improvements at 1609 Lavaca/17th (Midblock) stop,Open,2024-03-30,,743,2.0356164383561643,No,2024
1,1609 Lavaca/17th (Midblock),Safety Concerns,City of Austin / CapMetro,SR23000119,Request safety improvements at 1609 Lavaca/17th (Midblock) stop,Closed,2024-07-19,2024-07-19,0,0.0,No,2024
1,1609 Lavaca/17th (Midblock),Safety Concerns,City of Austin / CapMetro,SR23000058,Request safety improvements at 1609 Lavaca/17th (Midblock) stop,Closed,2024-07-26,2024-07-26,0,0.0,No,2024
1,1609 Lavaca/17th (Midblock),Safety Concerns,City of Austin / CapMetro,SR23000013,Feeling unsafe waiting at 1609 Lavaca/17th (Midblock),Open,2025-01-01,,466,1.2767123287671234,Yes,2025
1,1609 Lavaca/17th (Midblock),Safety Concerns,City of Austin / CapMetro,SR23000077,Feeling unsafe waiting at 1609 Lavaca/17th (Midblock),Open,2025-01-29,,438,1.2,Yes,2025
1,1609 Lavaca/17th (Midblock),Safety Concerns,City of Austin / CapMetro,SR23000127,Request safety improvements at 1609 Lavaca/17th (Midblock) stop,Open,2025-06-19,,297,0.8136986301369863,Yes,2025
1,1609 Lavaca/17th (Midblock),Safety Concerns,City of Austin / CapMetro,SR23000109,Request safety improvements at 1609 Lavaca/17th (Midblock) stop,Closed,2025-09-25,2025-09-25,0,0.0,No,2025
1,1609 Lavaca/17th (Midblock),Safety Concerns,City of Austin / CapMetro,SR23000136,Feeling unsafe waiting at 1609 Lavaca/17th (Midblock),Closed,2025-10-03,2025-10-03,0,0.0,No,2025
1,1609 Lavaca/17th (Midblock),Weather Exposure,CapMetro,SR23000039,Riders getting wet at 1609 Lavaca/17th (Midblock) during rain,Open,2023-04-09,,1099,3.010958904109589,No,2023
1,1609 Lavaca/17th (Midblock),Weather Exposure,CapMetro,SR23000009,Bus stop 1609 Lavaca/17th (Midblock) exposed to extreme heat/sun,Open,2023-05-07,,1071,2.9342465753424656,No,2023
1,1609 Lavaca/17th (Midblock),Weather Exposure,CapMetro,SR23000029,Riders getting wet at 1609 Lavaca/17th (Midblock) during rain,Open,2023-05-09,,1069,2.9287671232876713,No,2023
1,1609 Lavaca/17th (Midblock),Weather Exposure,CapMetro,SR23000129,Bus stop 1609 Lavaca/17th (Midblock) exposed to extreme heat/sun,Open,2023-07-29,,988,2.706849315068493,No,2023
1,1609 Lavaca/17th (Midblock),Weather Exposure,CapMetro,SR23000050,Riders getting wet at 1609 Lavaca/17th (Midblock) during rain,Open,2023-09-07,,948,2.5972602739726027,No,2023
1,1609 Lavaca/17th (Midblock),Weather Exposure,CapMetro,SR23000028,Bus stop 1609 Lavaca/17th (Midblock) exposed to extreme heat/sun,Open,2023-09-22,,933,2.5561643835616437,No,2023
1,1609 Lavaca/17th (Midblock),Weather Exposure,CapMetro,SR23000000,Riders getting wet at 1609 Lavaca/17th (Midblock) during rain,Open,2024-02-25,,777,2.128767123287671,No,2024
1,1609 Lavaca/17th (Midblock),Weather Exposure,CapMetro,SR23000097,Bus stop 1609 Lavaca/17th (Midblock) exposed to extreme heat/sun,Open,2024-05-11,,701,1.9205479452054794,No,2024
1,1609 Lavaca/17th (Midblock),Weather Exposure,CapMetro,SR23000021,Bus stop 1609 Lavaca/17th (Midblock) exposed to extreme heat/sun,Closed,2024-07-18,2024-07-18,0,0.0,No,2024
1,1609 Lavaca/17th (Midblock),Weather Exposure,CapMetro,SR23000114,Riders getting wet at 1609 Lavaca/17th (Midblock) during rain,Open,2025-04-14,,363,0.9945205479452055,Yes,2025
1,1609 Lavaca/17th (Midblock),Weather Exposure,CapMetro,SR23000048,Bus stop 1609 Lavaca/17th (Midblock) exposed to extreme heat/sun,Open,2025-07-25,,261,0.7150684931506849,Yes,2025
1,1609 Lavaca/17th (Midblock),Weather Exposure,CapMetro,SR23000126,Bus stop 1609 Lavaca/17th (Midblock) exposed to extreme heat/sun,Open,2025-10-17,,177,0.4849315068493151,Yes,2025
1,1609 Lavaca/17th (Midblock),Weather Exposure,CapMetro,SR23000128,Riders getting wet at 1609 Lavaca/17th (Midblock) during rain,Open,2025-11-14,,149,0.40821917808219177,Yes,2025
1,1609 Lavaca/17th (Midblock),Weather Exposure,CapMetro,SR23000059,Bus stop 1609 Lavaca/17th (Midblock) exposed to extreme heat/sun,Open,2026-03-18,,25,0.0684931506849315,Yes,2026
9,501 Pleasant Valley/5th,Missing Benches,CapMetro,SR23000923,Missing seating at 501 Pleasant Valley/5th transit stop,Open,2023-01-03,,1195,3.2739726027397262,No,2023
9,501 Pleasant Valley/5th,Missing Benches,CapMetro,SR23000953,Missing seating at 501 Pleasant Valley/5th transit stop,Closed,2023-02-12,2023-02-12,0,0.0,No,2023
9,501 Pleasant Valley/5th,Missing Benches,CapMetro,SR23000950,Missing seating at 501 Pleasant Valley/5th transit stop,Closed,2023-03-16,2023-03-16,0,0.0,No,2023
9,501 Pleasant Valley/5th,Missing Benches,CapMetro,SR23000979,No benches at 501 Pleasant Valley/5th bus stop,Closed,2023-04-07,2023-04-07,0,0.0,No,2023
9,501 Pleasant Valley/5th,Missing Benches,CapMetro,SR23000907,Request bench installation at 501 Pleasant Valley/5th,Open,2023-04-13,,1095,3.0,Yes,2023
9,501 Pleasant Valley/5th,Missing Benches,CapMetro,SR23000934,Request bench installation at 501 Pleasant Valley/5th,Open,2023-11-03,,891,2.441095890410959,Yes,2023
9,501 Pleasant Valley/5th,Missing Benches,CapMetro,SR23000945,Request bench installation at 501 Pleasant Valley/5th,Open,2023-12-16,,848,2.3232876712328765,Yes,2023
9,501 Pleasant Valley/5th,Missing Benches,CapMetro,SR23000965,Request bench installation at 501 Pleasant Valley/5th,Open,2024-04-11,,731,2.0027397260273974,Yes,2024
9,501 Pleasant Valley/5th,Missing Benches,CapMetro,SR23000959,No benches at 501 Pleasant Valley/5th bus stop,Open,2024-07-16,,635,1.7397260273972603,Yes,2024
9,501 Pleasant Valley/5th,Missing Benches,CapMetro,SR23000906,Missing seating at 501 Pleasant Valley/5th transit stop,Closed,2024-11-09,2024-11-09,0,0.0,No,2024
9,501 Pleasant Valley/5th,Missing Benches,CapMetro,SR23000912,Request bench installation at 501 Pleasant Valley/5th,Open,2024-12-09,,489,1.3397260273972602,Yes,2024
9,501 Pleasant Valley/5th,Missing Benches,CapMetro,SR23000911,Missing seating at 501 Pleasant Valley/5th transit stop,Closed,2024-12-24,2024-12-24,0,0.0,No,2024
9,501 Pleasant Valley/5th,Missing Benches,CapMetro,SR23000920,Request bench installation at 501 Pleasant Valley/5th,Open,2025-02-25,,411,1.126027397260274,Yes,2025
9,501 Pleasant Valley/5th,Missing Benches,CapMetro,SR23000961,No benches at 501 Pleasant Valley/5th bus stop,Open,2025-05-20,,327,0.8958904109589041,Yes,2025
9,501 Pleasant Valley/5th,Missing Benches,CapMetro,SR23000972,No benches at 501 Pleasant Valley/5th bus stop,Open,2025-08-22,,233,0.6383561643835617,Yes,2025
9,501 Pleasant Valley/5th,Missing Benches,CapMetro,SR23000955,Request bench installation at 501 Pleasant Valley/5th,Open,2025-09-11,,213,0.5835616438356165,Yes,2025
9,501 Pleasant Valley/5th,Missing Benches,CapMetro,SR23000909,Request bench installation at 501 Pleasant Valley/5th,Open,2025-12-24,,109,0.29863013698630136,Yes,2025
9,501 Pleasant Valley/5th,Missing Benches,CapMetro,SR23000910,Request bench installation at 501 Pleasant Valley/5th,Closed,2026-01-23,2026-01-23,0,0.0,No,2026
9,501 Pleasant Valley/5th,Missing Benches,CapMetro,SR23000975,No benches at 501 Pleasant Valley/5th bus stop,Open,2026-02-26,,45,0.1232876712328767,Yes,2026
9,501 Pleasant Valley/5th,Missing Benches,CapMetro,SR23000937,Missing seating at 501 Pleasant Valley/5th transit stop,Open,2026-03-07,,36,0.09863013698630137,Yes,2026
9,501 Pleasant Valley/5th,Missing Shelter,CapMetro,SR23000903,No shelter at 501 Pleasant Valley/5th transit stop,Open,2023-01-19,,1179,3.23013698630137,No,2023
9,501 Pleasant Valley/5th,Missing Shelter,CapMetro,SR23000902,Bus stop at 501 Pleasant Valley/5th missing shelter - riders exposed to weather,Open,2023-01-21,,1177,3.2246575342465755,No,2023
9,501 Pleasant Valley/5th,Missing Shelter,CapMetro,SR23000951,No weather protection at 501 Pleasant Valley/5th transit stop,Open,2023-02-19,,1148,3.1452054794520548,No,2023
9,501 Pleasant Valley/5th,Missing Shelter,CapMetro,SR23000930,Transit stop 501 Pleasant Valley/5th needs shelter for rider protection,Open,2023-03-06,,1133,3.1041095890410957,No,2023
9,501 Pleasant Valley/5th,Missing Shelter,CapMetro,SR23000931,No shelter at 501 Pleasant Valley/5th transit stop,Open,2023-03-07,,1132,3.1013698630136988,No,2023
9,501 Pleasant Valley/5th,Missing Shelter,CapMetro,SR23000935,Transit stop 501 Pleasant Valley/5th needs shelter for rider protection,Open,2023-03-31,,1108,3.0356164383561643,No,2023
9,501 Pleasant Valley/5th,Missing Shelter,CapMetro,SR23000917,Bus stop at 501 Pleasant Valley/5th missing shelter - riders exposed to weather,Open,2023-08-25,,961,2.632876712328767,No,2023
9,501 Pleasant Valley/5th,Missing Shelter,CapMetro,SR23000968,No shelter at 501 Pleasant Valley/5th transit stop,Open,2023-09-03,,952,2.6082191780821917,No,2023
9,501 Pleasant Valley/5th,Missing Shelter,CapMetro,SR23000949,No weather protection at 501 Pleasant Valley/5th transit stop,Open,2023-09-23,,932,2.5534246575342467,No,2023
9,501 Pleasant Valley/5th,Missing Shelter,CapMetro,SR23000984,Transit stop 501 Pleasant Valley/5th needs weather shelter,Open,2023-10-11,,914,2.504109589041096,No,2023
9,501 Pleasant Valley/5th,Missing Shelter,CapMetro,SR23000925,Transit stop 501 Pleasant Valley/5th needs shelter for rider protection,Open,2023-10-27,,898,2.4602739726027396,No,2023
9,501 Pleasant Valley/5th,Missing Shelter,CapMetro,SR23000956,Bus stop at 501 Pleasant Valley/5th missing shelter - riders exposed to weather,Closed,2023-11-04,2023-11-04,0,0.0,No,2023
9,501 Pleasant Valley/5th,Missing Shelter,CapMetro,SR23000900,Bus stop at 501 Pleasant Valley/5th missing shelter - riders exposed to weather,Closed,2023-12-23,2023-12-23,0,0.0,No,2023
9,501 Pleasant Valley/5th,Missing Shelter,CapMetro,SR23000905,Bus stop at 501 Pleasant Valley/5th missing shelter - riders exposed to weather,Open,2023-12-24,,840,2.3013698630136985,Yes,2023
9,501 Pleasant Valley/5th,Missing Shelter,CapMetro,SR23000933,No weather protection at 501 Pleasant Valley/5th transit stop,Open,2023-12-29,,835,2.287671232876712,Yes,2023
9,501 Pleasant Valley/5th,Missing Shelter,CapMetro,SR23000946,No weather protection at 501 Pleasant Valley/5th transit stop,Closed,2024-01-13,2024-01-13,0,0.0,No,2024
9,501 Pleasant Valley/5th,Missing Shelter,CapMetro,SR23000947,Transit stop 501 Pleasant Valley/5th needs shelter for rider protection,Open,2024-02-07,,795,2.1780821917808217,Yes,2024
9,501 Pleasant Valley/5th,Missing Shelter,CapMetro,SR23000958,Request shelter installation at 501 Pleasant Valley/5th,Open,2024-03-22,,751,2.0575342465753423,Yes,2024
9,501 Pleasant Valley/5th,Missing Shelter,CapMetro,SR23000976,Transit stop 501 Pleasant Valley/5th needs weather shelter,Closed,2024-05-06,2024-05-06,0,0.0,No,2024
9,501 Pleasant Valley/5th,Missing Shelter,CapMetro,SR23000964,No shelter at 501 Pleasant Valley/5th transit stop,Open,2024-05-21,,691,1.893150684931507,Yes,2024
9,501 Pleasant Valley/5th,Missing Shelter,CapMetro,SR23000952,Transit stop 501 Pleasant Valley/5th needs shelter for rider protection,Open,2024-07-28,,623,1.7068493150684931,Yes,2024
9,501 Pleasant Valley/5th,Missing Shelter,CapMetro,SR23000924,Bus stop at 501 Pleasant Valley/5th missing shelter - riders exposed to weather,Open,2024-09-04,,585,1.6027397260273972,Yes,2024
9,501 Pleasant Valley/5th,Missing Shelter,CapMetro,SR23000926,Bus stop at 501 Pleasant Valley/5th missing shelter - riders exposed to weather,Open,2024-10-06,,553,1.515068493150685,Yes,2024
9,501 Pleasant Valley/5th,Missing Shelter,CapMetro,SR23000938,Bus stop at 501 Pleasant Valley/5th missing shelter - riders exposed to weather,Closed,2024-11-01,2024-11-01,0,0.0,No,2024
9,501 Pleasant Valley/5th,Missing Shelter,CapMetro,SR23000983,Request shelter installation at 501 Pleasant Valley/5th,Open,2024-12-24,,474,1.2986301369863014,Yes,2024
9,501 Pleasant Valley/5th,Missing Shelter,CapMetro,SR23000981,Request shelter installation at 501 Pleasant Valley/5th,Open,2025-02-05,,431,1.180821917808219,Yes,2025
9,501 Pleasant Valley/5th,Missing Shelter,CapMetro,SR23000921,Transit stop 501 Pleasant Valley/5th needs shelter for rider protection,Open,2025-04-11,,366,1.0027397260273974,Yes,2025
9,501 Pleasant Valley/5th,Missing Shelter,CapMetro,SR23000939,Bus stop at 501 Pleasant Valley/5th missing shelter - riders exposed to weather,Open,2025-04-11,,366,1.0027397260273974,Yes,2025
9,501 Pleasant Valley/5th,Missing Shelter,CapMetro,SR23000940,No shelter at 501 Pleasant Valley/5th transit stop,Open,2025-04-29,,348,0.9534246575342465,Yes,2025
9,501 Pleasant Valley/5th,Missing Shelter,CapMetro,SR23000973,Request shelter installation at 501 Pleasant Valley/5th,Open,2025-05-18,,329,0.9013698630136986,Yes,2025
9,501 Pleasant Valley/5th,Missing Shelter,CapMetro,SR23000971,Transit stop 501 Pleasant Valley/5th needs weather shelter,Open,2025-05-19,,328,0.8986301369863013,Yes,2025
9,501 Pleasant Valley/5th,Missing Shelter,CapMetro,SR23000944,No weather protection at 501 Pleasant Valley/5th transit stop,Open,2025-05-20,,327,0.8958904109589041,Yes,2025
9,501 Pleasant Valley/5th,Missing Shelter,CapMetro,SR23000970,Bus stop at 501 Pleasant Valley/5th missing shelter - riders exposed to weather,Open,2025-05-20,,327,0.8958904109589041,Yes,2025
9,501 Pleasant Valley/5th,Missing Shelter,CapMetro,SR23000913,Transit stop 501 Pleasant Valley/5th needs shelter for rider protection,Open,2025-06-03,,313,0.8575342465753425,Yes,2025
9,501 Pleasant Valley/5th,Missing Shelter,CapMetro,SR23000908,No shelter at 501 Pleasant Valley/5th transit stop,Closed,2025-07-15,2025-07-15,0,0.0,No,2025
9,501 Pleasant Valley/5th,Missing Shelter,CapMetro,SR23000960,Request shelter installation at 501 Pleasant Valley/5th,Open,2025-10-03,,191,0.5232876712328767,Yes,2025
9,501 Pleasant Valley/5th,Missing Shelter,CapMetro,SR23000954,Request shelter installation at 501 Pleasant Valley/5th,Open,2025-10-17,,177,0.4849315068493151,Yes,2025
9,501 Pleasant Valley/5th,Missing Shelter,CapMetro,SR23000936,Transit stop 501 Pleasant Valley/5th needs shelter for rider protection,Open,2025-12-12,,121,0.3315068493150685,Yes,2025
9,501 Pleasant Valley/5th,Missing Shelter,CapMetro,SR23000963,Request shelter installation at 501 Pleasant Valley/5th,Open,2026-02-16,,55,0.1506849315068493,Yes,2026
9,501 Pleasant Valley/5th,Missing Shelter,CapMetro,SR23000977,Bus stop at 501 Pleasant Valley/5th missing shelter - riders exposed to weather,Open,2026-03-16,,27,0.07397260273972603,Yes,2026
9,501 Pleasant Valley/5th,Missing Shelter,CapMetro,SR23000901,Request shelter installation at 501 Pleasant Valley/5th,Open,2026-03-29,,14,0.038356164383561646,Yes,2026
9,501 Pleasant Valley/5th,Missing Shelter,CapMetro,SR23000904,Bus stop at 501 Pleasant Valley/5th missing shelter - riders exposed to weather,Open,2026-03-31,,12,0.03287671232876712,Yes,2026
9,501 Pleasant Valley/5th,Other,TBD,SR23000962,Riders have nowhere to sit at 501 Pleasant Valley/5th,Open,2023-07-04,,1013,2.7753424657534245,No,2023
9,501 Pleasant Valley/5th,Other,TBD,SR23000969,Riders have nowhere to sit at 501 Pleasant Valley/5th,Open,2024-09-26,,563,1.5424657534246575,No,2024
9,501 Pleasant Valley/5th,Other,TBD,SR23000941,Riders have nowhere to sit at 501 Pleasant Valley/5th,Open,2025-07-24,,262,0.7178082191780822,No,2025
9,501 Pleasant Valley/5th,Safety (Lighting),City of Austin,SR23000948,Safety concerns at 501 Pleasant Valley/5th bus stop after dark,Open,2023-09-11,,944,2.5863013698630137,No,2023
9,501 Pleasant Valley/5th,Safety (Lighting),City of Austin,SR23000942,Transit stop 501 Pleasant Valley/5th needs better lighting,Closed,2024-01-11,2024-01-11,0,0.0,No,2024
9,501 Pleasant Valley/5th,Safety (Lighting),City of Austin,SR23000982,Safety concerns at 501 Pleasant Valley/5th bus stop after dark,Open,2024-03-18,,755,2.0684931506849313,Yes,2024
9,501 Pleasant Valley/5th,Safety (Lighting),City of Austin,SR23000916,Transit stop 501 Pleasant Valley/5th needs better lighting,Open,2025-05-03,,344,0.9424657534246575,Yes,2025
9,501 Pleasant Valley/5th,Safety Concerns,City of Austin / CapMetro,SR23000919,Feeling unsafe waiting at 501 Pleasant Valley/5th,Closed,2023-02-04,2023-02-04,0,0.0,No,2023
9,501 Pleasant Valley/5th,Safety Concerns,City of Austin / CapMetro,SR23000929,Feeling unsafe waiting at 501 Pleasant Valley/5th,Open,2024-05-25,,687,1.8821917808219177,Yes,2024
9,501 Pleasant Valley/5th,Safety Concerns,City of Austin / CapMetro,SR23000980,Feeling unsafe waiting at 501 Pleasant Valley/5th,Open,2025-05-30,,317,0.8684931506849315,Yes,2025
9,501 Pleasant Valley/5th,Weather Exposure,CapMetro,SR23000966,Riders getting wet at 501 Pleasant Valley/5th during rain,Open,2023-01-19,,1179,3.23013698630137,No,2023
9,501 Pleasant Valley/5th,Weather Exposure,CapMetro,SR23000967,Bus stop 501 Pleasant Valley/5th exposed to extreme heat/sun,Open,2023-03-07,,1132,3.1013698630136988,No,2023
9,501 Pleasant Valley/5th,Weather Exposure,CapMetro,SR23000928,Riders getting wet at 501 Pleasant Valley/5th during rain,Open,2023-04-27,,1081,2.9616438356164383,No,2023
9,501 Pleasant Valley/5th,Weather Exposure,CapMetro,SR23000914,Riders getting wet at 501 Pleasant Valley/5th during rain,Closed,2023-07-12,2023-07-12,0,0.0,No,2023
9,501 Pleasant Valley/5th,Weather Exposure,CapMetro,SR23000915,Bus stop 501 Pleasant Valley/5th exposed to extreme heat/sun,Open,2023-08-09,,977,2.6767123287671235,Yes,2023
9,501 Pleasant Valley/5th,Weather Exposure,CapMetro,SR23000943,Bus stop 501 Pleasant Valley/5th exposed to extreme heat/sun,Open,2024-02-26,,776,2.126027397260274,Yes,2024
9,501 Pleasant Valley/5th,Weather Exposure,CapMetro,SR23000932,Bus stop 501 Pleasant Valley/5th exposed to extreme heat/sun,Open,2024-03-20,,753,2.063013698630137,Yes,2024
9,501 Pleasant Valley/5th,Weather Exposure,CapMetro,SR23000927,Bus stop 501 Pleasant Valley/5th exposed to extreme heat/sun,Open,2024-12-28,,470,1.2876712328767124,Yes,2024
9,501 Pleasant Valley/5th,Weather Exposure,CapMetro,SR23000974,Bus stop 501 Pleasant Valley/5th exposed to extreme heat/sun,Closed,2025-02-09,2025-02-09,0,0.0,No,2025
9,501 Pleasant Valley/5th,Weather Exposure,CapMetro,SR23000978,Bus stop 501 Pleasant Valley/5th exposed to extreme heat/sun,Closed,2025-04-02,2025-04-02,0,0.0,No,2025
9,501 Pleasant Valley/5th,Weather Exposure,CapMetro,SR23000922,Riders getting wet at 501 Pleasant Valley/5th during rain,Open,2025-04-04,,373,1.021917808219178,Yes,2025
9,501 Pleasant Valley/5th,Weather Exposure,CapMetro,SR23000957,Riders getting wet at 501 Pleasant Valley/5th during rain,Open,2025-09-08,,216,0.5917808219178082,Yes,2025
9,501 Pleasant Valley/5th,Weather Exposure,CapMetro,SR23000918,Bus stop 501 Pleasant Valley/5th exposed to extreme heat/sun,Closed,2025-09-26,2025-09-26,0,0.0,No,2025
14,8th Street NB (Trinity/8th),Missing Benches,CapMetro,SR23001347,Missing seating at 8th Street NB (Trinity/8th) transit stop,Open,2023-08-10,,976,2.673972602739726,No,2023
14,8th Street NB (Trinity/8th),Missing Benches,CapMetro,SR23001336,Missing seating at 8th Street NB (Trinity/8th) transit stop,Open,2023-09-24,,931,2.5506849315068494,No,2023
14,8th Street NB (Trinity/8th),Missing Benches,CapMetro,SR23001300,Request bench installation at 8th Street NB (Trinity/8th),Open,2023-11-29,,865,2.3698630136986303,No,2023
14,8th Street NB (Trinity/8th),Missing Benches,CapMetro,SR23001331,No benches at 8th Street NB (Trinity/8th) bus stop,Open,2023-11-30,,864,2.367123287671233,No,2023
14,8th Street NB (Trinity/8th),Missing Benches,CapMetro,SR23001297,Request bench installation at 8th Street NB (Trinity/8th),Closed,2023-12-06,2023-12-06,0,0.0,No,2023
14,8th Street NB (Trinity/8th),Missing Benches,CapMetro,SR23001342,No benches at 8th Street NB (Trinity/8th) bus stop,Closed,2024-01-14,2024-01-14,0,0.0,No,2024
14,8th Street NB (Trinity/8th),Missing Benches,CapMetro,SR23001311,Request bench installation at 8th Street NB (Trinity/8th),Open,2024-02-16,,786,2.1534246575342464,Yes,2024
14,8th Street NB (Trinity/8th),Missing Benches,CapMetro,SR23001304,Missing seating at 8th Street NB (Trinity/8th) transit stop,Open,2024-03-26,,747,2.0465753424657533,Yes,2024
14,8th Street NB (Trinity/8th),Missing Benches,CapMetro,SR23001315,Missing seating at 8th Street NB (Trinity/8th) transit stop,Open,2024-04-07,,735,2.0136986301369864,Yes,2024
14,8th Street NB (Trinity/8th),Missing Benches,CapMetro,SR23001348,Request bench installation at 8th Street NB (Trinity/8th),Open,2024-04-25,,717,1.9643835616438357,Yes,2024
14,8th Street NB (Trinity/8th),Missing Benches,CapMetro,SR23001317,No benches at 8th Street NB (Trinity/8th) bus stop,Closed,2024-04-27,2024-04-27,0,0.0,No,2024
14,8th Street NB (Trinity/8th),Missing Benches,CapMetro,SR23001319,No benches at 8th Street NB (Trinity/8th) bus stop,Open,2024-06-20,,661,1.810958904109589,Yes,2024
14,8th Street NB (Trinity/8th),Missing Benches,CapMetro,SR23001298,No benches at 8th Street NB (Trinity/8th) bus stop,Open,2024-11-22,,506,1.3863013698630138,Yes,2024
14,8th Street NB (Trinity/8th),Missing Benches,CapMetro,SR23001295,No benches at 8th Street NB (Trinity/8th) bus stop,Open,2024-12-13,,485,1.3287671232876712,Yes,2024
14,8th Street NB (Trinity/8th),Missing Benches,CapMetro,SR23001334,Missing seating at 8th Street NB (Trinity/8th) transit stop,Open,2025-01-26,,441,1.2082191780821918,Yes,2025
14,8th Street NB (Trinity/8th),Missing Benches,CapMetro,SR23001350,No benches at 8th Street NB (Trinity/8th) bus stop,Closed,2025-04-11,2025-04-11,0,0.0,No,2025
14,8th Street NB (Trinity/8th),Missing Benches,CapMetro,SR23001292,No benches at 8th Street NB (Trinity/8th) bus stop,Open,2025-05-13,,334,0.915068493150685,Yes,2025
14,8th Street NB (Trinity/8th),Missing Benches,CapMetro,SR23001356,Request bench installation at 8th Street NB (Trinity/8th),Open,2025-09-03,,221,0.6054794520547945,Yes,2025
14,8th Street NB (Trinity/8th),Missing Benches,CapMetro,SR23001357,Missing seating at 8th Street NB (Trinity/8th) transit stop,Open,2025-11-05,,158,0.4328767123287671,Yes,2025
14,8th Street NB (Trinity/8th),Missing Benches,CapMetro,SR23001305,Request bench installation at 8th Street NB (Trinity/8th),Closed,2025-12-12,2025-12-12,0,0.0,No,2025
14,8th Street NB (Trinity/8th),Missing Benches,CapMetro,SR23001327,Request bench installation at 8th Street NB (Trinity/8th),Open,2025-12-27,,106,0.29041095890410956,Yes,2025
14,8th Street NB (Trinity/8th),Missing Benches,CapMetro,SR23001335,Request bench installation at 8th Street NB (Trinity/8th),Open,2026-01-24,,78,0.2136986301369863,Yes,2026
14,8th Street NB (Trinity/8th),Missing Benches,CapMetro,SR23001312,Missing seating at 8th Street NB (Trinity/8th) transit stop,Open,2026-04-03,,9,0.024657534246575342,Yes,2026
14,8th Street NB (Trinity/8th),Missing Shelter,CapMetro,SR23001339,Transit stop 8th Street NB (Trinity/8th) needs shelter for rider protection,Open,2023-05-08,,1070,2.9315068493150687,No,2023
14,8th Street NB (Trinity/8th),Missing Shelter,CapMetro,SR23001310,Bus stop at 8th Street NB (Trinity/8th) missing shelter - riders exposed to weather,Open,2023-07-08,,1009,2.7643835616438355,No,2023
14,8th Street NB (Trinity/8th),Missing Shelter,CapMetro,SR23001354,Bus stop at 8th Street NB (Trinity/8th) missing shelter - riders exposed to weather,Closed,2023-07-12,2023-07-12,0,0.0,No,2023
14,8th Street NB (Trinity/8th),Missing Shelter,CapMetro,SR23001299,Request shelter installation at 8th Street NB (Trinity/8th),Open,2023-07-19,,998,2.734246575342466,Yes,2023
14,8th Street NB (Trinity/8th),Missing Shelter,CapMetro,SR23001306,No shelter at 8th Street NB (Trinity/8th) transit stop,Closed,2023-08-19,2023-08-19,0,0.0,No,2023
14,8th Street NB (Trinity/8th),Missing Shelter,CapMetro,SR23001330,Transit stop 8th Street NB (Trinity/8th) needs weather shelter,Closed,2024-01-24,2024-01-24,0,0.0,No,2024
14,8th Street NB (Trinity/8th),Missing Shelter,CapMetro,SR23001333,Bus stop at 8th Street NB (Trinity/8th) missing shelter - riders exposed to weather,Closed,2024-03-02,2024-03-02,0,0.0,No,2024
14,8th Street NB (Trinity/8th),Missing Shelter,CapMetro,SR23001318,Request shelter installation at 8th Street NB (Trinity/8th),Open,2024-03-16,,757,2.073972602739726,Yes,2024
14,8th Street NB (Trinity/8th),Missing Shelter,CapMetro,SR23001322,Request shelter installation at 8th Street NB (Trinity/8th),Closed,2024-03-18,2024-03-18,0,0.0,No,2024
14,8th Street NB (Trinity/8th),Missing Shelter,CapMetro,SR23001349,Transit stop 8th Street NB (Trinity/8th) needs weather shelter,Open,2024-04-26,,716,1.9616438356164383,Yes,2024
14,8th Street NB (Trinity/8th),Missing Shelter,CapMetro,SR23001324,Transit stop 8th Street NB (Trinity/8th) needs weather shelter,Closed,2024-06-02,2024-06-02,0,0.0,No,2024
14,8th Street NB (Trinity/8th),Missing Shelter,CapMetro,SR23001326,Request shelter installation at 8th Street NB (Trinity/8th),Closed,2024-06-22,2024-06-22,0,0.0,No,2024
14,8th Street NB (Trinity/8th),Missing Shelter,CapMetro,SR23001293,No shelter at 8th Street NB (Trinity/8th) transit stop,Open,2024-07-10,,641,1.7561643835616438,Yes,2024
14,8th Street NB (Trinity/8th),Missing Shelter,CapMetro,SR23001294,Transit stop 8th Street NB (Trinity/8th) needs weather shelter,Closed,2024-07-12,2024-07-12,0,0.0,No,2024
14,8th Street NB (Trinity/8th),Missing Shelter,CapMetro,SR23001320,Transit stop 8th Street NB (Trinity/8th) needs shelter for rider protection,Open,2024-08-02,,618,1.6931506849315068,Yes,2024
14,8th Street NB (Trinity/8th),Missing Shelter,CapMetro,SR23001341,No weather protection at 8th Street NB (Trinity/8th) transit stop,Closed,2024-10-13,2024-10-13,0,0.0,No,2024
14,8th Street NB (Trinity/8th),Missing Shelter,CapMetro,SR23001301,Bus stop at 8th Street NB (Trinity/8th) missing shelter - riders exposed to weather,Open,2024-11-09,,519,1.4219178082191781,Yes,2024
14,8th Street NB (Trinity/8th),Missing Shelter,CapMetro,SR23001314,No shelter at 8th Street NB (Trinity/8th) transit stop,Open,2025-03-13,,395,1.082191780821918,Yes,2025
14,8th Street NB (Trinity/8th),Missing Shelter,CapMetro,SR23001352,No weather protection at 8th Street NB (Trinity/8th) transit stop,Open,2025-03-25,,383,1.0493150684931507,Yes,2025
14,8th Street NB (Trinity/8th),Missing Shelter,CapMetro,SR23001321,No shelter at 8th Street NB (Trinity/8th) transit stop,Closed,2025-04-23,2025-04-23,0,0.0,No,2025
14,8th Street NB (Trinity/8th),Missing Shelter,CapMetro,SR23001338,Transit stop 8th Street NB (Trinity/8th) needs shelter for rider protection,Closed,2025-08-07,2025-08-07,0,0.0,No,2025
14,8th Street NB (Trinity/8th),Missing Shelter,CapMetro,SR23001308,No shelter at 8th Street NB (Trinity/8th) transit stop,Open,2025-10-06,,188,0.5150684931506849,Yes,2025
14,8th Street NB (Trinity/8th),Missing Shelter,CapMetro,SR23001329,Request shelter installation at 8th Street NB (Trinity/8th),Closed,2025-12-08,2025-12-08,0,0.0,No,2025
14,8th Street NB (Trinity/8th),Missing Shelter,CapMetro,SR23001313,No shelter at 8th Street NB (Trinity/8th) transit stop,Closed,2026-02-06,2026-02-06,0,0.0,No,2026
14,8th Street NB (Trinity/8th),Missing Shelter,CapMetro,SR23001351,Transit stop 8th Street NB (Trinity/8th) needs weather shelter,Open,2026-02-20,,51,0.13972602739726028,Yes,2026
14,8th Street NB (Trinity/8th),Missing Shelter,CapMetro,SR23001359,Bus stop at 8th Street NB (Trinity/8th) missing shelter - riders exposed to weather,Open,2026-02-26,,45,0.1232876712328767,Yes,2026
14,8th Street NB (Trinity/8th),Missing Shelter,CapMetro,SR23001358,No shelter at 8th Street NB (Trinity/8th) transit stop,Open,2026-02-28,,43,0.1178082191780822,Yes,2026
14,8th Street NB (Trinity/8th),Missing Shelter,CapMetro,SR23001344,Request shelter installation at 8th Street NB (Trinity/8th),Closed,2026-03-27,2026-03-27,0,0.0,No,2026
14,8th Street NB (Trinity/8th),Other,TBD,SR23001296,Riders have nowhere to sit at 8th Street NB (Trinity/8th),Open,2023-03-13,,1126,3.084931506849315,No,2023
14,8th Street NB (Trinity/8th),Other,TBD,SR23001325,Riders have nowhere to sit at 8th Street NB (Trinity/8th),Open,2024-01-28,,805,2.2054794520547945,No,2024
14,8th Street NB (Trinity/8th),Safety (Lighting),City of Austin,SR23001337,Safety concerns at 8th Street NB (Trinity/8th) bus stop after dark,Open,2023-06-20,,1027,2.813698630136986,No,2023
14,8th Street NB (Trinity/8th),Safety (Lighting),City of Austin,SR23001309,Transit stop 8th Street NB (Trinity/8th) needs better lighting,Closed,2023-10-03,2023-10-03,0,0.0,No,2023
14,8th Street NB (Trinity/8th),Safety (Lighting),City of Austin,SR23001307,Safety concerns at 8th Street NB (Trinity/8th) bus stop after dark,Open,2024-06-28,,653,1.789041095890411,Yes,2024
14,8th Street NB (Trinity/8th),Safety (Lighting),City of Austin,SR23001340,Safety concerns at 8th Street NB (Trinity/8th) bus stop after dark,Closed,2025-04-13,2025-04-13,0,0.0,No,2025
14,8th Street NB (Trinity/8th),Safety (Lighting),City of Austin,SR23001345,Transit stop 8th Street NB (Trinity/8th) needs better lighting,Open,2026-01-10,,92,0.25205479452054796,Yes,2026
14,8th Street NB (Trinity/8th),Safety (Lighting),City of Austin,SR23001303,Transit stop 8th Street NB (Trinity/8th) needs better lighting,Open,2026-02-26,,45,0.1232876712328767,Yes,2026
14,8th Street NB (Trinity/8th),Safety Concerns,City of Austin / CapMetro,SR23001346,Request safety improvements at 8th Street NB (Trinity/8th) stop,Open,2023-06-16,,1031,2.824657534246575,No,2023
14,8th Street NB (Trinity/8th),Safety Concerns,City of Austin / CapMetro,SR23001316,Request safety improvements at 8th Street NB (Trinity/8th) stop,Closed,2024-07-26,2024-07-26,0,0.0,No,2024
14,8th Street NB (Trinity/8th),Safety Concerns,City of Austin / CapMetro,SR23001328,Request safety improvements at 8th Street NB (Trinity/8th) stop,Open,2024-09-29,,560,1.5342465753424657,Yes,2024
14,8th Street NB (Trinity/8th),Safety Concerns,City of Austin / CapMetro,SR23001355,Request safety improvements at 8th Street NB (Trinity/8th) stop,Open,2025-08-08,,247,0.6767123287671233,Yes,2025
14,8th Street NB (Trinity/8th),Weather Exposure,CapMetro,SR23001343,Riders getting wet at 8th Street NB (Trinity/8th) during rain,Closed,2023-04-07,2023-04-07,0,0.0,No,2023
14,8th Street NB (Trinity/8th),Weather Exposure,CapMetro,SR23001353,Bus stop 8th Street NB (Trinity/8th) exposed to extreme heat/sun,Open,2023-08-23,,963,2.638356164383562,Yes,2023
14,8th Street NB (Trinity/8th),Weather Exposure,CapMetro,SR23001302,Riders getting wet at 8th Street NB (Trinity/8th) during rain,Closed,2024-12-20,2024-12-20,0,0.0,No,2024
14,8th Street NB (Trinity/8th),Weather Exposure,CapMetro,SR23001332,Bus stop 8th Street NB (Trinity/8th) exposed to extreme heat/sun,Open,2025-04-05,,372,1.0191780821917809,Yes,2025
14,8th Street NB (Trinity/8th),Weather Exposure,CapMetro,SR23001323,Riders getting wet at 8th Street NB (Trinity/8th) during rain,Open,2025-06-22,,294,0.8054794520547945,Yes,2025
12,Bluebonnet Station (SB),Missing Benches,CapMetro,SR23001196,Request bench installation at Bluebonnet Station (SB),Open,2023-07-14,,1003,2.747945205479452,No,2023
12,Bluebonnet Station (SB),Missing Benches,CapMetro,SR23001152,No benches at Bluebonnet Station (SB) bus stop,Closed,2024-01-22,2024-01-22,0,0.0,No,2024
12,Bluebonnet Station (SB),Missing Benches,CapMetro,SR23001185,No benches at Bluebonnet Station (SB) bus stop,Open,2024-03-19,,754,2.0657534246575344,Yes,2024
12,Bluebonnet Station (SB),Missing Benches,CapMetro,SR23001179,Missing seating at Bluebonnet Station (SB) transit stop,Open,2024-10-14,,545,1.4931506849315068,Yes,2024
12,Bluebonnet Station (SB),Missing Benches,CapMetro,SR23001151,No benches at Bluebonnet Station (SB) bus stop,Open,2024-12-31,,467,1.2794520547945205,Yes,2024
12,Bluebonnet Station (SB),Missing Benches,CapMetro,SR23001205,Request bench installation at Bluebonnet Station (SB),Closed,2025-01-21,2025-01-21,0,0.0,No,2025
12,Bluebonnet Station (SB),Missing Benches,CapMetro,SR23001145,No benches at Bluebonnet Station (SB) bus stop,Open,2025-02-26,,410,1.1232876712328768,Yes,2025
12,Bluebonnet Station (SB),Missing Benches,CapMetro,SR23001154,No benches at Bluebonnet Station (SB) bus stop,Open,2025-05-11,,336,0.9205479452054794,Yes,2025
12,Bluebonnet Station (SB),Missing Benches,CapMetro,SR23001153,Missing seating at Bluebonnet Station (SB) transit stop,Open,2025-06-07,,309,0.8465753424657534,Yes,2025
12,Bluebonnet Station (SB),Missing Benches,CapMetro,SR23001171,Request bench installation at Bluebonnet Station (SB),Closed,2025-06-17,2025-06-17,0,0.0,No,2025
12,Bluebonnet Station (SB),Missing Benches,CapMetro,SR23001194,Request bench installation at Bluebonnet Station (SB),Open,2025-07-04,,282,0.7726027397260274,Yes,2025
12,Bluebonnet Station (SB),Missing Benches,CapMetro,SR23001212,Request bench installation at Bluebonnet Station (SB),Closed,2025-09-04,2025-09-04,0,0.0,No,2025
12,Bluebonnet Station (SB),Missing Benches,CapMetro,SR23001201,Missing seating at Bluebonnet Station (SB) transit stop,Closed,2025-11-17,2025-11-17,0,0.0,No,2025
12,Bluebonnet Station (SB),Missing Benches,CapMetro,SR23001164,No benches at Bluebonnet Station (SB) bus stop,Open,2025-11-23,,140,0.3835616438356164,Yes,2025
12,Bluebonnet Station (SB),Missing Benches,CapMetro,SR23001148,No benches at Bluebonnet Station (SB) bus stop,Open,2025-12-06,,127,0.34794520547945207,Yes,2025
12,Bluebonnet Station (SB),Missing Benches,CapMetro,SR23001150,Missing seating at Bluebonnet Station (SB) transit stop,Closed,2026-01-27,2026-01-27,0,0.0,No,2026
12,Bluebonnet Station (SB),Missing Benches,CapMetro,SR23001182,No benches at Bluebonnet Station (SB) bus stop,Closed,2026-02-01,2026-02-01,0,0.0,No,2026
12,Bluebonnet Station (SB),Missing Benches,CapMetro,SR23001203,No benches at Bluebonnet Station (SB) bus stop,Open,2026-02-25,,46,0.12602739726027398,Yes,2026
12,Bluebonnet Station (SB),Missing Benches,CapMetro,SR23001178,No benches at Bluebonnet Station (SB) bus stop,Closed,2026-03-06,2026-03-06,0,0.0,No,2026
12,Bluebonnet Station (SB),Missing Shelter,CapMetro,SR23001210,Transit stop Bluebonnet Station (SB) needs weather shelter,Open,2023-02-16,,1151,3.1534246575342464,No,2023
12,Bluebonnet Station (SB),Missing Shelter,CapMetro,SR23001181,Request shelter installation at Bluebonnet Station (SB),Open,2023-03-11,,1128,3.0904109589041098,No,2023
12,Bluebonnet Station (SB),Missing Shelter,CapMetro,SR23001175,Bus stop at Bluebonnet Station (SB) missing shelter - riders exposed to weather,Closed,2023-05-03,2023-05-03,0,0.0,No,2023
12,Bluebonnet Station (SB),Missing Shelter,CapMetro,SR23001206,Request shelter installation at Bluebonnet Station (SB),Open,2023-05-04,,1074,2.9424657534246577,Yes,2023
12,Bluebonnet Station (SB),Missing Shelter,CapMetro,SR23001200,Bus stop at Bluebonnet Station (SB) missing shelter - riders exposed to weather,Open,2023-06-05,,1042,2.8547945205479452,Yes,2023
12,Bluebonnet Station (SB),Missing Shelter,CapMetro,SR23001189,Transit stop Bluebonnet Station (SB) needs shelter for rider protection,Closed,2023-06-07,2023-06-07,0,0.0,No,2023
12,Bluebonnet Station (SB),Missing Shelter,CapMetro,SR23001211,Transit stop Bluebonnet Station (SB) needs shelter for rider protection,Open,2023-06-08,,1039,2.8465753424657536,Yes,2023
12,Bluebonnet Station (SB),Missing Shelter,CapMetro,SR23001215,Bus stop at Bluebonnet Station (SB) missing shelter - riders exposed to weather,Closed,2023-07-15,2023-07-15,0,0.0,No,2023
12,Bluebonnet Station (SB),Missing Shelter,CapMetro,SR23001165,Bus stop at Bluebonnet Station (SB) missing shelter - riders exposed to weather,Open,2023-08-01,,985,2.6986301369863015,Yes,2023
12,Bluebonnet Station (SB),Missing Shelter,CapMetro,SR23001158,No weather protection at Bluebonnet Station (SB) transit stop,Open,2023-08-04,,982,2.6904109589041094,Yes,2023
12,Bluebonnet Station (SB),Missing Shelter,CapMetro,SR23001155,Request shelter installation at Bluebonnet Station (SB),Open,2023-11-15,,879,2.408219178082192,Yes,2023
12,Bluebonnet Station (SB),Missing Shelter,CapMetro,SR23001202,No shelter at Bluebonnet Station (SB) transit stop,Closed,2024-01-10,2024-01-10,0,0.0,No,2024
12,Bluebonnet Station (SB),Missing Shelter,CapMetro,SR23001180,Transit stop Bluebonnet Station (SB) needs shelter for rider protection,Open,2024-02-05,,797,2.1835616438356165,Yes,2024
12,Bluebonnet Station (SB),Missing Shelter,CapMetro,SR23001160,Transit stop Bluebonnet Station (SB) needs shelter for rider protection,Open,2024-03-09,,764,2.0931506849315067,Yes,2024
12,Bluebonnet Station (SB),Missing Shelter,CapMetro,SR23001157,Request shelter installation at Bluebonnet Station (SB),Closed,2024-04-23,2024-04-23,0,0.0,No,2024
12,Bluebonnet Station (SB),Missing Shelter,CapMetro,SR23001146,Bus stop at Bluebonnet Station (SB) missing shelter - riders exposed to weather,Open,2024-10-13,,546,1.4958904109589042,Yes,2024
12,Bluebonnet Station (SB),Missing Shelter,CapMetro,SR23001188,Transit stop Bluebonnet Station (SB) needs shelter for rider protection,Open,2024-12-06,,492,1.347945205479452,Yes,2024
12,Bluebonnet Station (SB),Missing Shelter,CapMetro,SR23001162,Transit stop Bluebonnet Station (SB) needs shelter for rider protection,Closed,2025-01-01,2025-01-01,0,0.0,No,2025
12,Bluebonnet Station (SB),Missing Shelter,CapMetro,SR23001161,Transit stop Bluebonnet Station (SB) needs shelter for rider protection,Open,2025-03-10,,398,1.0904109589041096,Yes,2025
12,Bluebonnet Station (SB),Missing Shelter,CapMetro,SR23001216,No shelter at Bluebonnet Station (SB) transit stop,Open,2025-03-17,,391,1.0712328767123287,Yes,2025
12,Bluebonnet Station (SB),Missing Shelter,CapMetro,SR23001207,No shelter at Bluebonnet Station (SB) transit stop,Open,2025-05-20,,327,0.8958904109589041,Yes,2025
12,Bluebonnet Station (SB),Missing Shelter,CapMetro,SR23001176,Transit stop Bluebonnet Station (SB) needs shelter for rider protection,Open,2025-05-26,,321,0.8794520547945206,Yes,2025
12,Bluebonnet Station (SB),Missing Shelter,CapMetro,SR23001193,Transit stop Bluebonnet Station (SB) needs weather shelter,Closed,2025-06-18,2025-06-18,0,0.0,No,2025
12,Bluebonnet Station (SB),Missing Shelter,CapMetro,SR23001186,Request shelter installation at Bluebonnet Station (SB),Open,2025-07-18,,268,0.7342465753424657,Yes,2025
12,Bluebonnet Station (SB),Missing Shelter,CapMetro,SR23001170,Request shelter installation at Bluebonnet Station (SB),Open,2025-07-22,,264,0.7232876712328767,Yes,2025
12,Bluebonnet Station (SB),Missing Shelter,CapMetro,SR23001163,No weather protection at Bluebonnet Station (SB) transit stop,Open,2025-08-08,,247,0.6767123287671233,Yes,2025
12,Bluebonnet Station (SB),Missing Shelter,CapMetro,SR23001195,No weather protection at Bluebonnet Station (SB) transit stop,Closed,2025-10-16,2025-10-16,0,0.0,No,2025
12,Bluebonnet Station (SB),Missing Shelter,CapMetro,SR23001184,Request shelter installation at Bluebonnet Station (SB),Closed,2025-12-29,2025-12-29,0,0.0,No,2025
12,Bluebonnet Station (SB),Missing Shelter,CapMetro,SR23001183,Transit stop Bluebonnet Station (SB) needs shelter for rider protection,Open,2026-01-03,,99,0.27123287671232876,Yes,2026
12,Bluebonnet Station (SB),Missing Shelter,CapMetro,SR23001192,Transit stop Bluebonnet Station (SB) needs shelter for rider protection,Open,2026-01-14,,88,0.2410958904109589,Yes,2026
12,Bluebonnet Station (SB),Missing Shelter,CapMetro,SR23001166,Transit stop Bluebonnet Station (SB) needs weather shelter,Open,2026-01-20,,82,0.22465753424657534,Yes,2026
12,Bluebonnet Station (SB),Missing Shelter,CapMetro,SR23001198,No weather protection at Bluebonnet Station (SB) transit stop,Open,2026-02-09,,62,0.16986301369863013,Yes,2026
12,Bluebonnet Station (SB),Missing Shelter,CapMetro,SR23001199,No shelter at Bluebonnet Station (SB) transit stop,Open,2026-03-28,,15,0.0410958904109589,Yes,2026
12,Bluebonnet Station (SB),Other,TBD,SR23001204,Riders have nowhere to sit at Bluebonnet Station (SB),Open,2023-07-07,,1010,2.767123287671233,No,2023
12,Bluebonnet Station (SB),Other,TBD,SR23001147,Riders have nowhere to sit at Bluebonnet Station (SB),Open,2024-10-05,,554,1.5178082191780822,No,2024
12,Bluebonnet Station (SB),Other,TBD,SR23001214,Riders have nowhere to sit at Bluebonnet Station (SB),Closed,2025-07-29,2025-07-29,0,0.0,No,2025
12,Bluebonnet Station (SB),Other,TBD,SR23001174,Riders have nowhere to sit at Bluebonnet Station (SB),Closed,2026-02-23,2026-02-23,0,0.0,No,2026
12,Bluebonnet Station (SB),Safety (Lighting),City of Austin,SR23001187,Transit stop Bluebonnet Station (SB) needs better lighting,Closed,2024-03-25,2024-03-25,0,0.0,No,2024
12,Bluebonnet Station (SB),Safety (Lighting),City of Austin,SR23001197,Transit stop Bluebonnet Station (SB) needs better lighting,Open,2024-07-09,,642,1.7589041095890412,Yes,2024
12,Bluebonnet Station (SB),Safety (Lighting),City of Austin,SR23001213,Transit stop Bluebonnet Station (SB) needs better lighting,Closed,2024-09-04,2024-09-04,0,0.0,No,2024
12,Bluebonnet Station (SB),Safety (Lighting),City of Austin,SR23001208,Transit stop Bluebonnet Station (SB) needs better lighting,Open,2024-09-27,,562,1.5397260273972602,Yes,2024
12,Bluebonnet Station (SB),Safety (Lighting),City of Austin,SR23001167,Transit stop Bluebonnet Station (SB) needs better lighting,Open,2025-02-02,,434,1.189041095890411,Yes,2025
12,Bluebonnet Station (SB),Safety (Lighting),City of Austin,SR23001169,Transit stop Bluebonnet Station (SB) needs better lighting,Open,2025-08-12,,243,0.6657534246575343,Yes,2025
12,Bluebonnet Station (SB),Safety (Lighting),City of Austin,SR23001172,Safety concerns at Bluebonnet Station (SB) bus stop after dark,Open,2025-08-21,,234,0.6410958904109589,Yes,2025
12,Bluebonnet Station (SB),Safety (Lighting),City of Austin,SR23001149,Safety concerns at Bluebonnet Station (SB) bus stop after dark,Open,2026-02-27,,44,0.12054794520547946,Yes,2026
12,Bluebonnet Station (SB),Safety Concerns,City of Austin / CapMetro,SR23001217,Feeling unsafe waiting at Bluebonnet Station (SB),Open,2023-04-23,,1085,2.9726027397260273,No,2023
12,Bluebonnet Station (SB),Safety Concerns,City of Austin / CapMetro,SR23001159,Request safety improvements at Bluebonnet Station (SB) stop,Open,2024-11-07,,521,1.4273972602739726,No,2024
12,Bluebonnet Station (SB),Weather Exposure,CapMetro,SR23001156,Riders getting wet at Bluebonnet Station (SB) during rain,Open,2023-01-28,,1170,3.2054794520547945,No,2023
12,Bluebonnet Station (SB),Weather Exposure,CapMetro,SR23001177,Riders getting wet at Bluebonnet Station (SB) during rain,Open,2023-08-26,,960,2.6301369863013697,No,2023
12,Bluebonnet Station (SB),Weather Exposure,CapMetro,SR23001168,Bus stop Bluebonnet Station (SB) exposed to extreme heat/sun,Open,2023-09-14,,941,2.578082191780822,No,2023
12,Bluebonnet Station (SB),Weather Exposure,CapMetro,SR23001173,Bus stop Bluebonnet Station (SB) exposed to extreme heat/sun,Open,2024-01-08,,825,2.26027397260274,No,2024
12,Bluebonnet Station (SB),Weather Exposure,CapMetro,SR23001209,Riders getting wet at Bluebonnet Station (SB) during rain,Open,2024-03-07,,766,2.0986301369863014,No,2024
12,Bluebonnet Station (SB),Weather Exposure,CapMetro,SR23001218,Riders getting wet at Bluebonnet Station (SB) during rain,Closed,2024-03-17,2024-03-17,0,0.0,No,2024
12,Bluebonnet Station (SB),Weather Exposure,CapMetro,SR23001219,Bus stop Bluebonnet Station (SB) exposed to extreme heat/sun,Open,2024-08-09,,611,1.673972602739726,Yes,2024
12,Bluebonnet Station (SB),Weather Exposure,CapMetro,SR23001190,Riders getting wet at Bluebonnet Station (SB) during rain,Open,2025-02-24,,412,1.1287671232876713,Yes,2025
12,Bluebonnet Station (SB),Weather Exposure,CapMetro,SR23001191,Bus stop Bluebonnet Station (SB) exposed to extreme heat/sun,Closed,2025-05-23,2025-05-23,0,0.0,No,2025
2,Guadalupe/16th Street,Missing Benches,CapMetro,SR23000175,Missing seating at Guadalupe/16th Street transit stop,Open,2023-01-18,,1180,3.232876712328767,No,2023
2,Guadalupe/16th Street,Missing Benches,CapMetro,SR23000193,Missing seating at Guadalupe/16th Street transit stop,Open,2023-03-01,,1138,3.117808219178082,No,2023
2,Guadalupe/16th Street,Missing Benches,CapMetro,SR23000223,No benches at Guadalupe/16th Street bus stop,Closed,2023-05-31,2023-05-31,0,0.0,No,2023
2,Guadalupe/16th Street,Missing Benches,CapMetro,SR23000187,No benches at Guadalupe/16th Street bus stop,Open,2023-07-05,,1012,2.7726027397260276,Yes,2023
2,Guadalupe/16th Street,Missing Benches,CapMetro,SR23000184,No benches at Guadalupe/16th Street bus stop,Closed,2023-10-10,2023-10-10,0,0.0,No,2023
2,Guadalupe/16th Street,Missing Benches,CapMetro,SR23000220,Missing seating at Guadalupe/16th Street transit stop,Open,2023-11-14,,880,2.410958904109589,Yes,2023
2,Guadalupe/16th Street,Missing Benches,CapMetro,SR23000256,Request bench installation at Guadalupe/16th Street,Closed,2023-12-13,2023-12-13,0,0.0,No,2023
2,Guadalupe/16th Street,Missing Benches,CapMetro,SR23000147,Request bench installation at Guadalupe/16th Street,Open,2024-01-17,,816,2.2356164383561645,Yes,2024
2,Guadalupe/16th Street,Missing Benches,CapMetro,SR23000217,Missing seating at Guadalupe/16th Street transit stop,Open,2024-03-03,,770,2.1095890410958904,Yes,2024
2,Guadalupe/16th Street,Missing Benches,CapMetro,SR23000219,Request bench installation at Guadalupe/16th Street,Open,2024-04-03,,739,2.0246575342465754,Yes,2024
2,Guadalupe/16th Street,Missing Benches,CapMetro,SR23000262,Request bench installation at Guadalupe/16th Street,Open,2024-04-12,,730,2.0,Yes,2024
2,Guadalupe/16th Street,Missing Benches,CapMetro,SR23000177,Request bench installation at Guadalupe/16th Street,Open,2024-05-23,,689,1.8876712328767122,Yes,2024
2,Guadalupe/16th Street,Missing Benches,CapMetro,SR23000168,No benches at Guadalupe/16th Street bus stop,Open,2024-07-03,,648,1.7753424657534247,Yes,2024
2,Guadalupe/16th Street,Missing Benches,CapMetro,SR23000235,Missing seating at Guadalupe/16th Street transit stop,Open,2024-07-07,,644,1.7643835616438357,Yes,2024
2,Guadalupe/16th Street,Missing Benches,CapMetro,SR23000194,No benches at Guadalupe/16th Street bus stop,Open,2024-07-18,,633,1.7342465753424658,Yes,2024
2,Guadalupe/16th Street,Missing Benches,CapMetro,SR23000275,No benches at Guadalupe/16th Street bus stop,Open,2024-08-16,,604,1.6547945205479453,Yes,2024
2,Guadalupe/16th Street,Missing Benches,CapMetro,SR23000251,Missing seating at Guadalupe/16th Street transit stop,Open,2024-09-13,,576,1.5780821917808219,Yes,2024
2,Guadalupe/16th Street,Missing Benches,CapMetro,SR23000231,Request bench installation at Guadalupe/16th Street,Open,2024-09-18,,571,1.5643835616438355,Yes,2024
2,Guadalupe/16th Street,Missing Benches,CapMetro,SR23000250,Missing seating at Guadalupe/16th Street transit stop,Open,2024-11-11,,517,1.4164383561643836,Yes,2024
2,Guadalupe/16th Street,Missing Benches,CapMetro,SR23000249,Request bench installation at Guadalupe/16th Street,Closed,2024-11-18,2024-11-18,0,0.0,No,2024
2,Guadalupe/16th Street,Missing Benches,CapMetro,SR23000248,No benches at Guadalupe/16th Street bus stop,Open,2025-04-07,,370,1.0136986301369864,Yes,2025
2,Guadalupe/16th Street,Missing Benches,CapMetro,SR23000203,No benches at Guadalupe/16th Street bus stop,Open,2025-05-13,,334,0.915068493150685,Yes,2025
2,Guadalupe/16th Street,Missing Benches,CapMetro,SR23000181,Missing seating at Guadalupe/16th Street transit stop,Open,2025-05-25,,322,0.8821917808219178,Yes,2025
2,Guadalupe/16th Street,Missing Benches,CapMetro,SR23000234,No benches at Guadalupe/16th Street bus stop,Open,2025-05-31,,316,0.8657534246575342,Yes,2025
2,Guadalupe/16th Street,Missing Benches,CapMetro,SR23000153,Missing seating at Guadalupe/16th Street transit stop,Closed,2025-06-21,2025-06-21,0,0.0,No,2025
2,Guadalupe/16th Street,Missing Benches,CapMetro,SR23000188,No benches at Guadalupe/16th Street bus stop,Open,2025-07-17,,269,0.736986301369863,Yes,2025
2,Guadalupe/16th Street,Missing Benches,CapMetro,SR23000213,Missing seating at Guadalupe/16th Street transit stop,Open,2025-11-02,,161,0.4410958904109589,Yes,2025
2,Guadalupe/16th Street,Missing Benches,CapMetro,SR23000142,Missing seating at Guadalupe/16th Street transit stop,Closed,2025-11-20,2025-11-20,0,0.0,No,2025
2,Guadalupe/16th Street,Missing Benches,CapMetro,SR23000268,Request bench installation at Guadalupe/16th Street,Open,2025-11-25,,138,0.3780821917808219,Yes,2025
2,Guadalupe/16th Street,Missing Benches,CapMetro,SR23000254,Request bench installation at Guadalupe/16th Street,Open,2026-01-18,,84,0.23013698630136986,Yes,2026
2,Guadalupe/16th Street,Missing Benches,CapMetro,SR23000229,No benches at Guadalupe/16th Street bus stop,Open,2026-01-28,,74,0.20273972602739726,Yes,2026
2,Guadalupe/16th Street,Missing Benches,CapMetro,SR23000160,Missing seating at Guadalupe/16th Street transit stop,Open,2026-03-25,,18,0.049315068493150684,Yes,2026
2,Guadalupe/16th Street,Missing Shelter,CapMetro,SR23000211,Bus stop at Guadalupe/16th Street missing shelter - riders exposed to weather,Open,2023-01-19,,1179,3.23013698630137,No,2023
2,Guadalupe/16th Street,Missing Shelter,CapMetro,SR23000159,Request shelter installation at Guadalupe/16th Street,Closed,2023-01-25,2023-01-25,0,0.0,No,2023
2,Guadalupe/16th Street,Missing Shelter,CapMetro,SR23000278,Request shelter installation at Guadalupe/16th Street,Open,2023-01-31,,1167,3.197260273972603,Yes,2023
2,Guadalupe/16th Street,Missing Shelter,CapMetro,SR23000162,Transit stop Guadalupe/16th Street needs shelter for rider protection,Open,2023-03-09,,1130,3.095890410958904,Yes,2023
2,Guadalupe/16th Street,Missing Shelter,CapMetro,SR23000258,No shelter at Guadalupe/16th Street transit stop,Open,2023-03-21,,1118,3.063013698630137,Yes,2023
2,Guadalupe/16th Street,Missing Shelter,CapMetro,SR23000274,Bus stop at Guadalupe/16th Street missing shelter - riders exposed to weather,Closed,2023-04-08,2023-04-08,0,0.0,No,2023
2,Guadalupe/16th Street,Missing Shelter,CapMetro,SR23000171,Transit stop Guadalupe/16th Street needs weather shelter,Open,2023-04-20,,1088,2.9808219178082194,Yes,2023
2,Guadalupe/16th Street,Missing Shelter,CapMetro,SR23000185,Request shelter installation at Guadalupe/16th Street,Open,2023-06-05,,1042,2.8547945205479452,Yes,2023
2,Guadalupe/16th Street,Missing Shelter,CapMetro,SR23000191,Request shelter installation at Guadalupe/16th Street,Open,2023-06-17,,1030,2.8219178082191783,Yes,2023
2,Guadalupe/16th Street,Missing Shelter,CapMetro,SR23000196,No weather protection at Guadalupe/16th Street transit stop,Open,2023-06-19,,1028,2.8164383561643835,Yes,2023
2,Guadalupe/16th Street,Missing Shelter,CapMetro,SR23000163,Transit stop Guadalupe/16th Street needs weather shelter,Open,2023-06-22,,1025,2.808219178082192,Yes,2023
2,Guadalupe/16th Street,Missing Shelter,CapMetro,SR23000236,Request shelter installation at Guadalupe/16th Street,Open,2023-07-03,,1014,2.778082191780822,Yes,2023
2,Guadalupe/16th Street,Missing Shelter,CapMetro,SR23000144,Bus stop at Guadalupe/16th Street missing shelter - riders exposed to weather,Open,2023-07-14,,1003,2.747945205479452,Yes,2023
2,Guadalupe/16th Street,Missing Shelter,CapMetro,SR23000176,Bus stop at Guadalupe/16th Street missing shelter - riders exposed to weather,Open,2023-07-24,,993,2.7205479452054795,Yes,2023
2,Guadalupe/16th Street,Missing Shelter,CapMetro,SR23000242,Transit stop Guadalupe/16th Street needs shelter for rider protection,Open,2023-07-30,,987,2.7041095890410958,Yes,2023
2,Guadalupe/16th Street,Missing Shelter,CapMetro,SR23000155,Transit stop Guadalupe/16th Street needs shelter for rider protection,Open,2023-08-09,,977,2.6767123287671235,Yes,2023
2,Guadalupe/16th Street,Missing Shelter,CapMetro,SR23000143,Request shelter installation at Guadalupe/16th Street,Closed,2023-09-15,2023-09-15,0,0.0,No,2023
2,Guadalupe/16th Street,Missing Shelter,CapMetro,SR23000264,Transit stop Guadalupe/16th Street needs shelter for rider protection,Open,2023-10-02,,923,2.5287671232876714,Yes,2023
2,Guadalupe/16th Street,Missing Shelter,CapMetro,SR23000261,No shelter at Guadalupe/16th Street transit stop,Open,2023-10-06,,919,2.5178082191780824,Yes,2023
2,Guadalupe/16th Street,Missing Shelter,CapMetro,SR23000182,Bus stop at Guadalupe/16th Street missing shelter - riders exposed to weather,Open,2023-10-13,,912,2.4986301369863013,Yes,2023
2,Guadalupe/16th Street,Missing Shelter,CapMetro,SR23000246,Bus stop at Guadalupe/16th Street missing shelter - riders exposed to weather,Closed,2023-11-01,2023-11-01,0,0.0,No,2023
2,Guadalupe/16th Street,Missing Shelter,CapMetro,SR23000152,Bus stop at Guadalupe/16th Street missing shelter - riders exposed to weather,Open,2023-11-12,,882,2.4164383561643836,Yes,2023
2,Guadalupe/16th Street,Missing Shelter,CapMetro,SR23000277,Transit stop Guadalupe/16th Street needs shelter for rider protection,Open,2023-11-28,,866,2.372602739726027,Yes,2023
2,Guadalupe/16th Street,Missing Shelter,CapMetro,SR23000166,No weather protection at Guadalupe/16th Street transit stop,Open,2023-12-13,,851,2.3315068493150686,Yes,2023
2,Guadalupe/16th Street,Missing Shelter,CapMetro,SR23000207,No shelter at Guadalupe/16th Street transit stop,Open,2023-12-17,,847,2.3205479452054796,Yes,2023
2,Guadalupe/16th Street,Missing Shelter,CapMetro,SR23000226,Bus stop at Guadalupe/16th Street missing shelter - riders exposed to weather,Closed,2023-12-18,2023-12-18,0,0.0,No,2023
2,Guadalupe/16th Street,Missing Shelter,CapMetro,SR23000260,Transit stop Guadalupe/16th Street needs shelter for rider protection,Closed,2024-01-05,2024-01-05,0,0.0,No,2024
2,Guadalupe/16th Street,Missing Shelter,CapMetro,SR23000186,Bus stop at Guadalupe/16th Street missing shelter - riders exposed to weather,Open,2024-02-07,,795,2.1780821917808217,Yes,2024
2,Guadalupe/16th Street,Missing Shelter,CapMetro,SR23000212,Transit stop Guadalupe/16th Street needs shelter for rider protection,Open,2024-02-07,,795,2.1780821917808217,Yes,2024
2,Guadalupe/16th Street,Missing Shelter,CapMetro,SR23000200,Request shelter installation at Guadalupe/16th Street,Open,2024-03-16,,757,2.073972602739726,Yes,2024
2,Guadalupe/16th Street,Missing Shelter,CapMetro,SR23000183,Bus stop at Guadalupe/16th Street missing shelter - riders exposed to weather,Open,2024-03-26,,747,2.0465753424657533,Yes,2024
2,Guadalupe/16th Street,Missing Shelter,CapMetro,SR23000145,Request shelter installation at Guadalupe/16th Street,Open,2024-04-04,,738,2.021917808219178,Yes,2024
2,Guadalupe/16th Street,Missing Shelter,CapMetro,SR23000271,Bus stop at Guadalupe/16th Street missing shelter - riders exposed to weather,Open,2024-04-16,,726,1.989041095890411,Yes,2024
2,Guadalupe/16th Street,Missing Shelter,CapMetro,SR23000216,No shelter at Guadalupe/16th Street transit stop,Closed,2024-04-27,2024-04-27,0,0.0,No,2024
2,Guadalupe/16th Street,Missing Shelter,CapMetro,SR23000157,Bus stop at Guadalupe/16th Street missing shelter - riders exposed to weather,Open,2024-05-12,,700,1.917808219178082,Yes,2024
2,Guadalupe/16th Street,Missing Shelter,CapMetro,SR23000158,Request shelter installation at Guadalupe/16th Street,Open,2024-06-02,,679,1.8602739726027397,Yes,2024
2,Guadalupe/16th Street,Missing Shelter,CapMetro,SR23000230,Bus stop at Guadalupe/16th Street missing shelter - riders exposed to weather,Open,2024-06-17,,664,1.819178082191781,Yes,2024
2,Guadalupe/16th Street,Missing Shelter,CapMetro,SR23000179,Transit stop Guadalupe/16th Street needs shelter for rider protection,Open,2024-06-28,,653,1.789041095890411,Yes,2024
2,Guadalupe/16th Street,Missing Shelter,CapMetro,SR23000202,No shelter at Guadalupe/16th Street transit stop,Closed,2024-08-05,2024-08-05,0,0.0,No,2024
2,Guadalupe/16th Street,Missing Shelter,CapMetro,SR23000233,Transit stop Guadalupe/16th Street needs shelter for rider protection,Open,2024-08-11,,609,1.6684931506849314,Yes,2024
2,Guadalupe/16th Street,Missing Shelter,CapMetro,SR23000265,Request shelter installation at Guadalupe/16th Street,Open,2024-08-14,,606,1.6602739726027398,Yes,2024
2,Guadalupe/16th Street,Missing Shelter,CapMetro,SR23000192,No shelter at Guadalupe/16th Street transit stop,Open,2024-09-08,,581,1.5917808219178082,Yes,2024
2,Guadalupe/16th Street,Missing Shelter,CapMetro,SR23000197,No shelter at Guadalupe/16th Street transit stop,Open,2024-09-19,,570,1.5616438356164384,Yes,2024
2,Guadalupe/16th Street,Missing Shelter,CapMetro,SR23000266,Transit stop Guadalupe/16th Street needs weather shelter,Open,2024-09-27,,562,1.5397260273972602,Yes,2024
2,Guadalupe/16th Street,Missing Shelter,CapMetro,SR23000178,No shelter at Guadalupe/16th Street transit stop,Open,2024-10-01,,558,1.5287671232876712,Yes,2024
2,Guadalupe/16th Street,Missing Shelter,CapMetro,SR23000195,Bus stop at Guadalupe/16th Street missing shelter - riders exposed to weather,Open,2024-10-05,,554,1.5178082191780822,Yes,2024
2,Guadalupe/16th Street,Missing Shelter,CapMetro,SR23000259,No shelter at Guadalupe/16th Street transit stop,Open,2024-10-29,,530,1.452054794520548,Yes,2024
2,Guadalupe/16th Street,Missing Shelter,CapMetro,SR23000208,Transit stop Guadalupe/16th Street needs shelter for rider protection,Open,2024-12-09,,489,1.3397260273972602,Yes,2024
2,Guadalupe/16th Street,Missing Shelter,CapMetro,SR23000253,Request shelter installation at Guadalupe/16th Street,Open,2025-01-07,,460,1.2602739726027397,Yes,2025
2,Guadalupe/16th Street,Missing Shelter,CapMetro,SR23000154,Request shelter installation at Guadalupe/16th Street,Open,2025-02-19,,417,1.1424657534246576,Yes,2025
2,Guadalupe/16th Street,Missing Shelter,CapMetro,SR23000243,Transit stop Guadalupe/16th Street needs weather shelter,Open,2025-03-05,,403,1.104109589041096,Yes,2025
2,Guadalupe/16th Street,Missing Shelter,CapMetro,SR23000224,Transit stop Guadalupe/16th Street needs shelter for rider protection,Open,2025-03-27,,381,1.0438356164383562,Yes,2025
2,Guadalupe/16th Street,Missing Shelter,CapMetro,SR23000252,Transit stop Guadalupe/16th Street needs weather shelter,Open,2025-03-30,,378,1.0356164383561643,Yes,2025
2,Guadalupe/16th Street,Missing Shelter,CapMetro,SR23000174,Transit stop Guadalupe/16th Street needs shelter for rider protection,Open,2025-04-07,,370,1.0136986301369864,Yes,2025
2,Guadalupe/16th Street,Missing Shelter,CapMetro,SR23000210,No shelter at Guadalupe/16th Street transit stop,Open,2025-06-18,,298,0.8164383561643835,Yes,2025
2,Guadalupe/16th Street,Missing Shelter,CapMetro,SR23000267,Transit stop Guadalupe/16th Street needs weather shelter,Open,2025-06-18,,298,0.8164383561643835,Yes,2025
2,Guadalupe/16th Street,Missing Shelter,CapMetro,SR23000146,Transit stop Guadalupe/16th Street needs weather shelter,Open,2025-07-05,,281,0.7698630136986301,Yes,2025
2,Guadalupe/16th Street,Missing Shelter,CapMetro,SR23000257,Bus stop at Guadalupe/16th Street missing shelter - riders exposed to weather,Open,2025-07-08,,278,0.7616438356164383,Yes,2025
2,Guadalupe/16th Street,Missing Shelter,CapMetro,SR23000148,No shelter at Guadalupe/16th Street transit stop,Open,2025-07-15,,271,0.7424657534246575,Yes,2025
2,Guadalupe/16th Street,Missing Shelter,CapMetro,SR23000238,Transit stop Guadalupe/16th Street needs shelter for rider protection,Open,2025-08-02,,253,0.6931506849315069,Yes,2025
2,Guadalupe/16th Street,Missing Shelter,CapMetro,SR23000190,No shelter at Guadalupe/16th Street transit stop,Open,2025-08-26,,229,0.6273972602739726,Yes,2025
2,Guadalupe/16th Street,Missing Shelter,CapMetro,SR23000205,Bus stop at Guadalupe/16th Street missing shelter - riders exposed to weather,Closed,2025-09-04,2025-09-04,0,0.0,No,2025
2,Guadalupe/16th Street,Missing Shelter,CapMetro,SR23000270,Transit stop Guadalupe/16th Street needs shelter for rider protection,Open,2025-09-07,,217,0.5945205479452055,Yes,2025
2,Guadalupe/16th Street,Missing Shelter,CapMetro,SR23000273,Transit stop Guadalupe/16th Street needs weather shelter,Open,2025-09-18,,206,0.5643835616438356,Yes,2025
2,Guadalupe/16th Street,Missing Shelter,CapMetro,SR23000263,No shelter at Guadalupe/16th Street transit stop,Closed,2025-09-21,2025-09-21,0,0.0,No,2025
2,Guadalupe/16th Street,Missing Shelter,CapMetro,SR23000214,No shelter at Guadalupe/16th Street transit stop,Open,2025-11-01,,162,0.4438356164383562,Yes,2025
2,Guadalupe/16th Street,Missing Shelter,CapMetro,SR23000237,No shelter at Guadalupe/16th Street transit stop,Open,2025-12-01,,132,0.36164383561643837,Yes,2025
2,Guadalupe/16th Street,Missing Shelter,CapMetro,SR23000150,Transit stop Guadalupe/16th Street needs shelter for rider protection,Open,2026-01-09,,93,0.2547945205479452,Yes,2026
2,Guadalupe/16th Street,Missing Shelter,CapMetro,SR23000209,No weather protection at Guadalupe/16th Street transit stop,Open,2026-01-18,,84,0.23013698630136986,Yes,2026
2,Guadalupe/16th Street,Missing Shelter,CapMetro,SR23000180,Bus stop at Guadalupe/16th Street missing shelter - riders exposed to weather,Open,2026-01-21,,81,0.2219178082191781,Yes,2026
2,Guadalupe/16th Street,Missing Shelter,CapMetro,SR23000255,No shelter at Guadalupe/16th Street transit stop,Closed,2026-01-27,2026-01-27,0,0.0,No,2026
2,Guadalupe/16th Street,Missing Shelter,CapMetro,SR23000225,Transit stop Guadalupe/16th Street needs shelter for rider protection,Open,2026-02-05,,66,0.18082191780821918,Yes,2026
2,Guadalupe/16th Street,Missing Shelter,CapMetro,SR23000151,No shelter at Guadalupe/16th Street transit stop,Open,2026-02-11,,60,0.1643835616438356,Yes,2026
2,Guadalupe/16th Street,Missing Shelter,CapMetro,SR23000245,No shelter at Guadalupe/16th Street transit stop,Open,2026-02-23,,48,0.13150684931506848,Yes,2026
2,Guadalupe/16th Street,Missing Shelter,CapMetro,SR23000204,Request shelter installation at Guadalupe/16th Street,Open,2026-03-13,,30,0.0821917808219178,Yes,2026
2,Guadalupe/16th Street,Missing Shelter,CapMetro,SR23000279,Bus stop at Guadalupe/16th Street missing shelter - riders exposed to weather,Closed,2026-04-01,2026-04-01,0,0.0,No,2026
2,Guadalupe/16th Street,Safety (Lighting),City of Austin,SR23000272,Transit stop Guadalupe/16th Street needs better lighting,Open,2023-02-22,,1145,3.136986301369863,No,2023
2,Guadalupe/16th Street,Safety (Lighting),City of Austin,SR23000189,Transit stop Guadalupe/16th Street needs better lighting,Open,2024-04-12,,730,2.0,No,2024
2,Guadalupe/16th Street,Safety (Lighting),City of Austin,SR23000244,Transit stop Guadalupe/16th Street needs better lighting,Closed,2025-01-03,2025-01-03,0,0.0,No,2025
2,Guadalupe/16th Street,Safety (Lighting),City of Austin,SR23000232,Transit stop Guadalupe/16th Street needs better lighting,Open,2025-01-14,,453,1.2410958904109588,Yes,2025
2,Guadalupe/16th Street,Safety (Lighting),City of Austin,SR23000199,Transit stop Guadalupe/16th Street needs better lighting,Open,2025-02-06,,430,1.178082191780822,Yes,2025
2,Guadalupe/16th Street,Safety (Lighting),City of Austin,SR23000164,Transit stop Guadalupe/16th Street needs better lighting,Open,2025-09-17,,207,0.5671232876712329,Yes,2025
2,Guadalupe/16th Street,Safety (Lighting),City of Austin,SR23000269,Safety concerns at Guadalupe/16th Street bus stop after dark,Open,2026-03-21,,22,0.06027397260273973,Yes,2026
2,Guadalupe/16th Street,Safety Concerns,City of Austin / CapMetro,SR23000240,Request safety improvements at Guadalupe/16th Street stop,Open,2023-07-22,,995,2.7260273972602738,No,2023
2,Guadalupe/16th Street,Safety Concerns,City of Austin / CapMetro,SR23000169,Request safety improvements at Guadalupe/16th Street stop,Open,2024-04-26,,716,1.9616438356164383,No,2024
2,Guadalupe/16th Street,Safety Concerns,City of Austin / CapMetro,SR23000276,Request safety improvements at Guadalupe/16th Street stop,Open,2024-06-09,,672,1.841095890410959,No,2024
2,Guadalupe/16th Street,Safety Concerns,City of Austin / CapMetro,SR23000167,Request safety improvements at Guadalupe/16th Street stop,Open,2024-07-07,,644,1.7643835616438357,No,2024
2,Guadalupe/16th Street,Safety Concerns,City of Austin / CapMetro,SR23000206,Request safety improvements at Guadalupe/16th Street stop,Open,2024-09-04,,585,1.6027397260273972,No,2024
2,Guadalupe/16th Street,Safety Concerns,City of Austin / CapMetro,SR23000239,Feeling unsafe waiting at Guadalupe/16th Street,Open,2024-11-14,,514,1.4082191780821918,No,2024
2,Guadalupe/16th Street,Safety Concerns,City of Austin / CapMetro,SR23000227,Feeling unsafe waiting at Guadalupe/16th Street,Open,2025-02-08,,428,1.1726027397260275,No,2025
2,Guadalupe/16th Street,Safety Concerns,City of Austin / CapMetro,SR23000247,Request safety improvements at Guadalupe/16th Street stop,Open,2025-08-28,,227,0.6219178082191781,No,2025
2,Guadalupe/16th Street,Safety Concerns,City of Austin / CapMetro,SR23000201,Feeling unsafe waiting at Guadalupe/16th Street,Open,2025-10-06,,188,0.5150684931506849,No,2025
2,Guadalupe/16th Street,Sidewalk/ADA,City of Austin,SR23000161,Riders have nowhere to sit at Guadalupe/16th Street,Open,2023-02-10,,1157,3.16986301369863,No,2023
2,Guadalupe/16th Street,Sidewalk/ADA,City of Austin,SR23000149,Riders have nowhere to sit at Guadalupe/16th Street,Open,2023-11-04,,890,2.4383561643835616,No,2023
2,Guadalupe/16th Street,Sidewalk/ADA,City of Austin,SR23000170,Riders have nowhere to sit at Guadalupe/16th Street,Open,2023-11-26,,868,2.378082191780822,No,2023
2,Guadalupe/16th Street,Sidewalk/ADA,City of Austin,SR23000165,Riders have nowhere to sit at Guadalupe/16th Street,Open,2024-01-01,,832,2.2794520547945205,No,2024
2,Guadalupe/16th Street,Sidewalk/ADA,City of Austin,SR23000228,Riders have nowhere to sit at Guadalupe/16th Street,Open,2024-02-06,,796,2.180821917808219,No,2024
2,Guadalupe/16th Street,Sidewalk/ADA,City of Austin,SR23000172,Riders have nowhere to sit at Guadalupe/16th Street,Open,2024-02-19,,783,2.1452054794520548,No,2024
2,Guadalupe/16th Street,Sidewalk/ADA,City of Austin,SR23000215,Riders have nowhere to sit at Guadalupe/16th Street,Open,2025-02-11,,425,1.1643835616438356,No,2025
2,Guadalupe/16th Street,Sidewalk/ADA,City of Austin,SR23000241,Riders have nowhere to sit at Guadalupe/16th Street,Open,2026-03-29,,14,0.038356164383561646,No,2026
2,Guadalupe/16th Street,Weather Exposure,CapMetro,SR23000198,Riders getting wet at Guadalupe/16th Street during rain,Closed,2023-02-15,2023-02-15,0,0.0,No,2023
2,Guadalupe/16th Street,Weather Exposure,CapMetro,SR23000221,Riders getting wet at Guadalupe/16th Street during rain,Open,2023-02-19,,1148,3.1452054794520548,Yes,2023
2,Guadalupe/16th Street,Weather Exposure,CapMetro,SR23000173,Bus stop Guadalupe/16th Street exposed to extreme heat/sun,Open,2023-08-28,,958,2.6246575342465754,Yes,2023
2,Guadalupe/16th Street,Weather Exposure,CapMetro,SR23000218,Bus stop Guadalupe/16th Street exposed to extreme heat/sun,Open,2024-05-15,,697,1.9095890410958904,Yes,2024
2,Guadalupe/16th Street,Weather Exposure,CapMetro,SR23000222,Bus stop Guadalupe/16th Street exposed to extreme heat/sun,Closed,2025-02-01,2025-02-01,0,0.0,No,2025
2,Guadalupe/16th Street,Weather Exposure,CapMetro,SR23000156,Bus stop Guadalupe/16th Street exposed to extreme heat/sun,Closed,2025-04-24,2025-04-24,0,0.0,No,2025
7,Guadalupe/4th,Missing Benches,CapMetro,SR23000741,No benches at Guadalupe/4th bus stop,Open,2023-01-06,,1192,3.265753424657534,No,2023
7,Guadalupe/4th,Missing Benches,CapMetro,SR23000729,No benches at Guadalupe/4th bus stop,Open,2023-01-09,,1189,3.2575342465753425,No,2023
7,Guadalupe/4th,Missing Benches,CapMetro,SR23000791,Request bench installation at Guadalupe/4th,Open,2023-02-17,,1150,3.1506849315068495,No,2023
7,Guadalupe/4th,Missing Benches,CapMetro,SR23000811,Missing seating at Guadalupe/4th transit stop,Open,2023-06-13,,1034,2.8328767123287673,No,2023
7,Guadalupe/4th,Missing Benches,CapMetro,SR23000722,Missing seating at Guadalupe/4th transit stop,Open,2023-06-23,,1024,2.8054794520547945,No,2023
7,Guadalupe/4th,Missing Benches,CapMetro,SR23000740,No benches at Guadalupe/4th bus stop,Open,2023-06-24,,1023,2.802739726027397,No,2023
7,Guadalupe/4th,Missing Benches,CapMetro,SR23000790,Request bench installation at Guadalupe/4th,Closed,2023-07-10,2023-07-10,0,0.0,No,2023
7,Guadalupe/4th,Missing Benches,CapMetro,SR23000776,Missing seating at Guadalupe/4th transit stop,Closed,2023-08-02,2023-08-02,0,0.0,No,2023
7,Guadalupe/4th,Missing Benches,CapMetro,SR23000724,Missing seating at Guadalupe/4th transit stop,Open,2023-09-05,,950,2.6027397260273974,Yes,2023
7,Guadalupe/4th,Missing Benches,CapMetro,SR23000758,No benches at Guadalupe/4th bus stop,Open,2023-11-07,,887,2.43013698630137,Yes,2023
7,Guadalupe/4th,Missing Benches,CapMetro,SR23000750,Missing seating at Guadalupe/4th transit stop,Open,2023-12-31,,833,2.282191780821918,Yes,2023
7,Guadalupe/4th,Missing Benches,CapMetro,SR23000754,Request bench installation at Guadalupe/4th,Open,2024-05-02,,710,1.9452054794520548,Yes,2024
7,Guadalupe/4th,Missing Benches,CapMetro,SR23000807,Request bench installation at Guadalupe/4th,Open,2024-05-08,,704,1.9287671232876713,Yes,2024
7,Guadalupe/4th,Missing Benches,CapMetro,SR23000736,Missing seating at Guadalupe/4th transit stop,Open,2024-05-17,,695,1.904109589041096,Yes,2024
7,Guadalupe/4th,Missing Benches,CapMetro,SR23000756,No benches at Guadalupe/4th bus stop,Open,2024-07-30,,621,1.7013698630136986,Yes,2024
7,Guadalupe/4th,Missing Benches,CapMetro,SR23000721,No benches at Guadalupe/4th bus stop,Open,2024-10-17,,542,1.484931506849315,Yes,2024
7,Guadalupe/4th,Missing Benches,CapMetro,SR23000734,Request bench installation at Guadalupe/4th,Open,2025-03-16,,392,1.073972602739726,Yes,2025
7,Guadalupe/4th,Missing Benches,CapMetro,SR23000738,Request bench installation at Guadalupe/4th,Closed,2025-03-31,2025-03-31,0,0.0,No,2025
7,Guadalupe/4th,Missing Benches,CapMetro,SR23000725,Missing seating at Guadalupe/4th transit stop,Closed,2025-04-09,2025-04-09,0,0.0,No,2025
7,Guadalupe/4th,Missing Benches,CapMetro,SR23000772,Request bench installation at Guadalupe/4th,Open,2025-06-01,,315,0.863013698630137,Yes,2025
7,Guadalupe/4th,Missing Benches,CapMetro,SR23000797,Request bench installation at Guadalupe/4th,Open,2025-06-11,,305,0.8356164383561644,Yes,2025
7,Guadalupe/4th,Missing Benches,CapMetro,SR23000771,Missing seating at Guadalupe/4th transit stop,Open,2025-06-15,,301,0.8246575342465754,Yes,2025
7,Guadalupe/4th,Missing Benches,CapMetro,SR23000751,Request bench installation at Guadalupe/4th,Open,2025-06-23,,293,0.8027397260273973,Yes,2025
7,Guadalupe/4th,Missing Benches,CapMetro,SR23000748,Missing seating at Guadalupe/4th transit stop,Open,2025-07-08,,278,0.7616438356164383,Yes,2025
7,Guadalupe/4th,Missing Benches,CapMetro,SR23000744,Request bench installation at Guadalupe/4th,Open,2025-10-09,,185,0.5068493150684932,Yes,2025
7,Guadalupe/4th,Missing Benches,CapMetro,SR23000733,Request bench installation at Guadalupe/4th,Open,2025-11-05,,158,0.4328767123287671,Yes,2025
7,Guadalupe/4th,Missing Benches,CapMetro,SR23000780,Request bench installation at Guadalupe/4th,Open,2026-01-18,,84,0.23013698630136986,Yes,2026
7,Guadalupe/4th,Missing Shelter,CapMetro,SR23000727,Bus stop at Guadalupe/4th missing shelter - riders exposed to weather,Open,2023-01-26,,1172,3.210958904109589,No,2023
7,Guadalupe/4th,Missing Shelter,CapMetro,SR23000793,Transit stop Guadalupe/4th needs shelter for rider protection,Open,2023-03-08,,1131,3.0986301369863014,No,2023
7,Guadalupe/4th,Missing Shelter,CapMetro,SR23000766,Bus stop at Guadalupe/4th missing shelter - riders exposed to weather,Open,2023-05-30,,1048,2.871232876712329,No,2023
7,Guadalupe/4th,Missing Shelter,CapMetro,SR23000728,Transit stop Guadalupe/4th needs shelter for rider protection,Open,2023-08-20,,966,2.6465753424657534,No,2023
7,Guadalupe/4th,Missing Shelter,CapMetro,SR23000789,Transit stop Guadalupe/4th needs shelter for rider protection,Closed,2023-08-22,2023-08-22,0,0.0,No,2023
7,Guadalupe/4th,Missing Shelter,CapMetro,SR23000735,Transit stop Guadalupe/4th needs weather shelter,Open,2023-10-05,,920,2.5205479452054793,Yes,2023
7,Guadalupe/4th,Missing Shelter,CapMetro,SR23000743,Bus stop at Guadalupe/4th missing shelter - riders exposed to weather,Open,2023-10-23,,902,2.4712328767123286,Yes,2023
7,Guadalupe/4th,Missing Shelter,CapMetro,SR23000779,Transit stop Guadalupe/4th needs weather shelter,Open,2023-11-28,,866,2.372602739726027,Yes,2023
7,Guadalupe/4th,Missing Shelter,CapMetro,SR23000781,No shelter at Guadalupe/4th transit stop,Open,2023-12-20,,844,2.3123287671232875,Yes,2023
7,Guadalupe/4th,Missing Shelter,CapMetro,SR23000773,Transit stop Guadalupe/4th needs weather shelter,Open,2024-01-19,,814,2.23013698630137,Yes,2024
7,Guadalupe/4th,Missing Shelter,CapMetro,SR23000795,Bus stop at Guadalupe/4th missing shelter - riders exposed to weather,Open,2024-03-24,,749,2.052054794520548,Yes,2024
7,Guadalupe/4th,Missing Shelter,CapMetro,SR23000770,Bus stop at Guadalupe/4th missing shelter - riders exposed to weather,Closed,2024-04-21,2024-04-21,0,0.0,No,2024
7,Guadalupe/4th,Missing Shelter,CapMetro,SR23000737,No weather protection at Guadalupe/4th transit stop,Open,2024-05-20,,692,1.895890410958904,Yes,2024
7,Guadalupe/4th,Missing Shelter,CapMetro,SR23000760,No weather protection at Guadalupe/4th transit stop,Open,2024-05-21,,691,1.893150684931507,Yes,2024
7,Guadalupe/4th,Missing Shelter,CapMetro,SR23000747,No weather protection at Guadalupe/4th transit stop,Open,2024-06-06,,675,1.8493150684931507,Yes,2024
7,Guadalupe/4th,Missing Shelter,CapMetro,SR23000782,Bus stop at Guadalupe/4th missing shelter - riders exposed to weather,Open,2024-07-06,,645,1.7671232876712328,Yes,2024
7,Guadalupe/4th,Missing Shelter,CapMetro,SR23000752,No shelter at Guadalupe/4th transit stop,Open,2024-07-27,,624,1.7095890410958905,Yes,2024
7,Guadalupe/4th,Missing Shelter,CapMetro,SR23000757,Transit stop Guadalupe/4th needs shelter for rider protection,Closed,2024-08-16,2024-08-16,0,0.0,No,2024
7,Guadalupe/4th,Missing Shelter,CapMetro,SR23000746,No shelter at Guadalupe/4th transit stop,Open,2024-08-23,,597,1.6356164383561644,Yes,2024
7,Guadalupe/4th,Missing Shelter,CapMetro,SR23000777,Request shelter installation at Guadalupe/4th,Closed,2024-09-13,2024-09-13,0,0.0,No,2024
7,Guadalupe/4th,Missing Shelter,CapMetro,SR23000788,Transit stop Guadalupe/4th needs shelter for rider protection,Open,2024-11-12,,516,1.4136986301369863,Yes,2024
7,Guadalupe/4th,Missing Shelter,CapMetro,SR23000792,No shelter at Guadalupe/4th transit stop,Open,2025-03-17,,391,1.0712328767123287,Yes,2025
7,Guadalupe/4th,Missing Shelter,CapMetro,SR23000799,No shelter at Guadalupe/4th transit stop,Open,2025-03-18,,390,1.0684931506849316,Yes,2025
7,Guadalupe/4th,Missing Shelter,CapMetro,SR23000784,Request shelter installation at Guadalupe/4th,Open,2025-03-24,,384,1.0520547945205478,Yes,2025
7,Guadalupe/4th,Missing Shelter,CapMetro,SR23000809,Request shelter installation at Guadalupe/4th,Open,2025-03-27,,381,1.0438356164383562,Yes,2025
7,Guadalupe/4th,Missing Shelter,CapMetro,SR23000769,Transit stop Guadalupe/4th needs weather shelter,Open,2025-04-11,,366,1.0027397260273974,Yes,2025
7,Guadalupe/4th,Missing Shelter,CapMetro,SR23000731,No shelter at Guadalupe/4th transit stop,Open,2025-05-08,,339,0.9287671232876712,Yes,2025
7,Guadalupe/4th,Missing Shelter,CapMetro,SR23000803,Bus stop at Guadalupe/4th missing shelter - riders exposed to weather,Closed,2025-05-29,2025-05-29,0,0.0,No,2025
7,Guadalupe/4th,Missing Shelter,CapMetro,SR23000767,No shelter at Guadalupe/4th transit stop,Open,2025-06-13,,303,0.8301369863013699,Yes,2025
7,Guadalupe/4th,Missing Shelter,CapMetro,SR23000749,Transit stop Guadalupe/4th needs weather shelter,Closed,2025-07-25,2025-07-25,0,0.0,No,2025
7,Guadalupe/4th,Missing Shelter,CapMetro,SR23000810,No shelter at Guadalupe/4th transit stop,Open,2025-07-25,,261,0.7150684931506849,No,2025
7,Guadalupe/4th,Missing Shelter,CapMetro,SR23000763,Bus stop at Guadalupe/4th missing shelter - riders exposed to weather,Closed,2025-08-07,2025-08-07,0,0.0,No,2025
7,Guadalupe/4th,Missing Shelter,CapMetro,SR23000787,Transit stop Guadalupe/4th needs shelter for rider protection,Open,2025-08-09,,246,0.673972602739726,Yes,2025
7,Guadalupe/4th,Missing Shelter,CapMetro,SR23000798,Transit stop Guadalupe/4th needs weather shelter,Open,2025-11-12,,151,0.4136986301369863,Yes,2025
7,Guadalupe/4th,Missing Shelter,CapMetro,SR23000774,Request shelter installation at Guadalupe/4th,Open,2025-12-07,,126,0.3452054794520548,Yes,2025
7,Guadalupe/4th,Missing Shelter,CapMetro,SR23000764,No shelter at Guadalupe/4th transit stop,Open,2025-12-18,,115,0.3150684931506849,Yes,2025
7,Guadalupe/4th,Missing Shelter,CapMetro,SR23000759,Bus stop at Guadalupe/4th missing shelter - riders exposed to weather,Open,2025-12-22,,111,0.3041095890410959,Yes,2025
7,Guadalupe/4th,Missing Shelter,CapMetro,SR23000755,Request shelter installation at Guadalupe/4th,Open,2025-12-23,,110,0.3013698630136986,Yes,2025
7,Guadalupe/4th,Missing Shelter,CapMetro,SR23000802,No shelter at Guadalupe/4th transit stop,Closed,2026-01-10,2026-01-10,0,0.0,No,2026
7,Guadalupe/4th,Missing Shelter,CapMetro,SR23000745,Transit stop Guadalupe/4th needs shelter for rider protection,Open,2026-01-16,,86,0.2356164383561644,Yes,2026
7,Guadalupe/4th,Missing Shelter,CapMetro,SR23000742,Request shelter installation at Guadalupe/4th,Open,2026-04-08,,4,0.010958904109589041,Yes,2026
7,Guadalupe/4th,Safety (Lighting),City of Austin,SR23000785,Transit stop Guadalupe/4th needs better lighting,Open,2025-02-01,,435,1.1917808219178083,No,2025
7,Guadalupe/4th,Safety (Lighting),City of Austin,SR23000801,Transit stop Guadalupe/4th needs better lighting,Open,2025-05-07,,340,0.9315068493150684,No,2025
7,Guadalupe/4th,Safety (Lighting),City of Austin,SR23000796,Safety concerns at Guadalupe/4th bus stop after dark,Open,2025-12-03,,130,0.3561643835616438,No,2025
7,Guadalupe/4th,Safety (Lighting),City of Austin,SR23000761,Safety concerns at Guadalupe/4th bus stop after dark,Open,2025-12-13,,120,0.3287671232876712,No,2025
7,Guadalupe/4th,Safety Concerns,City of Austin / CapMetro,SR23000723,Request safety improvements at Guadalupe/4th stop,Closed,2023-02-05,2023-02-05,0,0.0,No,2023
7,Guadalupe/4th,Safety Concerns,City of Austin / CapMetro,SR23000805,Request safety improvements at Guadalupe/4th stop,Open,2023-03-15,,1124,3.0794520547945203,Yes,2023
7,Guadalupe/4th,Safety Concerns,City of Austin / CapMetro,SR23000794,Request safety improvements at Guadalupe/4th stop,Open,2024-08-25,,595,1.63013698630137,Yes,2024
7,Guadalupe/4th,Safety Concerns,City of Austin / CapMetro,SR23000786,Feeling unsafe waiting at Guadalupe/4th,Open,2024-10-22,,537,1.4712328767123288,Yes,2024
7,Guadalupe/4th,Safety Concerns,City of Austin / CapMetro,SR23000806,Request safety improvements at Guadalupe/4th stop,Open,2025-01-19,,448,1.2273972602739727,Yes,2025
7,Guadalupe/4th,Safety Concerns,City of Austin / CapMetro,SR23000726,Feeling unsafe waiting at Guadalupe/4th,Closed,2026-02-26,2026-02-26,0,0.0,No,2026
7,Guadalupe/4th,Sidewalk/ADA,City of Austin,SR23000720,Riders have nowhere to sit at Guadalupe/4th,Open,2023-10-22,,903,2.473972602739726,No,2023
7,Guadalupe/4th,Sidewalk/ADA,City of Austin,SR23000753,Riders have nowhere to sit at Guadalupe/4th,Open,2024-02-12,,790,2.164383561643836,No,2024
7,Guadalupe/4th,Sidewalk/ADA,City of Austin,SR23000808,Riders have nowhere to sit at Guadalupe/4th,Open,2024-04-30,,712,1.9506849315068493,No,2024
7,Guadalupe/4th,Sidewalk/ADA,City of Austin,SR23000768,Riders have nowhere to sit at Guadalupe/4th,Open,2024-05-27,,685,1.8767123287671232,No,2024
7,Guadalupe/4th,Sidewalk/ADA,City of Austin,SR23000775,Riders have nowhere to sit at Guadalupe/4th,Open,2024-06-01,,680,1.8630136986301369,No,2024
7,Guadalupe/4th,Sidewalk/ADA,City of Austin,SR23000739,Riders have nowhere to sit at Guadalupe/4th,Open,2025-03-02,,406,1.1123287671232878,No,2025
7,Guadalupe/4th,Sidewalk/ADA,City of Austin,SR23000732,Riders have nowhere to sit at Guadalupe/4th,Open,2026-03-09,,34,0.09315068493150686,No,2026
7,Guadalupe/4th,Weather Exposure,CapMetro,SR23000762,Riders getting wet at Guadalupe/4th during rain,Closed,2023-10-17,2023-10-17,0,0.0,No,2023
7,Guadalupe/4th,Weather Exposure,CapMetro,SR23000783,Bus stop Guadalupe/4th exposed to extreme heat/sun,Closed,2024-02-09,2024-02-09,0,0.0,No,2024
7,Guadalupe/4th,Weather Exposure,CapMetro,SR23000804,Riders getting wet at Guadalupe/4th during rain,Open,2025-04-18,,359,0.9835616438356164,Yes,2025
7,Guadalupe/4th,Weather Exposure,CapMetro,SR23000800,Riders getting wet at Guadalupe/4th during rain,Closed,2025-11-07,2025-11-07,0,0.0,No,2025
7,Guadalupe/4th,Weather Exposure,CapMetro,SR23000778,Bus stop Guadalupe/4th exposed to extreme heat/sun,Open,2025-12-09,,124,0.33972602739726027,Yes,2025
7,Guadalupe/4th,Weather Exposure,CapMetro,SR23000730,Bus stop Guadalupe/4th exposed to extreme heat/sun,Open,2026-01-11,,91,0.2493150684931507,Yes,2026
7,Guadalupe/4th,Weather Exposure,CapMetro,SR23000765,Riders getting wet at Guadalupe/4th during rain,Open,2026-01-30,,72,0.19726027397260273,Yes,2026
4,Guadalupe/W. 21st Street,Missing Benches,CapMetro,SR23000423,Request bench installation at Guadalupe/W. 21st Street,Closed,2023-01-28,2023-01-28,0,0.0,No,2023
4,Guadalupe/W. 21st Street,Missing Benches,CapMetro,SR23000505,Request bench installation at Guadalupe/W. 21st Street,Open,2023-02-06,,1161,3.180821917808219,Yes,2023
4,Guadalupe/W. 21st Street,Missing Benches,CapMetro,SR23000448,Missing seating at Guadalupe/W. 21st Street transit stop,Open,2023-05-14,,1064,2.915068493150685,Yes,2023
4,Guadalupe/W. 21st Street,Missing Benches,CapMetro,SR23000495,Request bench installation at Guadalupe/W. 21st Street,Closed,2023-07-02,2023-07-02,0,0.0,No,2023
4,Guadalupe/W. 21st Street,Missing Benches,CapMetro,SR23000425,No benches at Guadalupe/W. 21st Street bus stop,Open,2023-07-19,,998,2.734246575342466,Yes,2023
4,Guadalupe/W. 21st Street,Missing Benches,CapMetro,SR23000491,No benches at Guadalupe/W. 21st Street bus stop,Open,2023-07-20,,997,2.7315068493150685,Yes,2023
4,Guadalupe/W. 21st Street,Missing Benches,CapMetro,SR23000462,Request bench installation at Guadalupe/W. 21st Street,Open,2023-08-22,,964,2.6410958904109587,Yes,2023
4,Guadalupe/W. 21st Street,Missing Benches,CapMetro,SR23000439,Missing seating at Guadalupe/W. 21st Street transit stop,Closed,2023-08-31,2023-08-31,0,0.0,No,2023
4,Guadalupe/W. 21st Street,Missing Benches,CapMetro,SR23000488,Request bench installation at Guadalupe/W. 21st Street,Open,2023-09-04,,951,2.6054794520547944,Yes,2023
4,Guadalupe/W. 21st Street,Missing Benches,CapMetro,SR23000478,Missing seating at Guadalupe/W. 21st Street transit stop,Open,2023-10-07,,918,2.515068493150685,Yes,2023
4,Guadalupe/W. 21st Street,Missing Benches,CapMetro,SR23000483,Request bench installation at Guadalupe/W. 21st Street,Open,2023-10-09,,916,2.5095890410958903,Yes,2023
4,Guadalupe/W. 21st Street,Missing Benches,CapMetro,SR23000468,No benches at Guadalupe/W. 21st Street bus stop,Open,2023-12-13,,851,2.3315068493150686,Yes,2023
4,Guadalupe/W. 21st Street,Missing Benches,CapMetro,SR23000467,No benches at Guadalupe/W. 21st Street bus stop,Open,2024-04-18,,724,1.9835616438356165,Yes,2024
4,Guadalupe/W. 21st Street,Missing Benches,CapMetro,SR23000424,Missing seating at Guadalupe/W. 21st Street transit stop,Open,2025-01-18,,449,1.2301369863013698,Yes,2025
4,Guadalupe/W. 21st Street,Missing Benches,CapMetro,SR23000474,No benches at Guadalupe/W. 21st Street bus stop,Open,2025-03-17,,391,1.0712328767123287,Yes,2025
4,Guadalupe/W. 21st Street,Missing Benches,CapMetro,SR23000496,No benches at Guadalupe/W. 21st Street bus stop,Closed,2025-06-04,2025-06-04,0,0.0,No,2025
4,Guadalupe/W. 21st Street,Missing Benches,CapMetro,SR23000454,Request bench installation at Guadalupe/W. 21st Street,Closed,2025-08-01,2025-08-01,0,0.0,No,2025
4,Guadalupe/W. 21st Street,Missing Benches,CapMetro,SR23000464,No benches at Guadalupe/W. 21st Street bus stop,Closed,2026-01-21,2026-01-21,0,0.0,No,2026
4,Guadalupe/W. 21st Street,Missing Benches,CapMetro,SR23000420,Missing seating at Guadalupe/W. 21st Street transit stop,Open,2026-03-08,,35,0.0958904109589041,Yes,2026
4,Guadalupe/W. 21st Street,Missing Shelter,CapMetro,SR23000437,No weather protection at Guadalupe/W. 21st Street transit stop,Open,2023-01-31,,1167,3.197260273972603,No,2023
4,Guadalupe/W. 21st Street,Missing Shelter,CapMetro,SR23000428,Request shelter installation at Guadalupe/W. 21st Street,Open,2023-02-28,,1139,3.1205479452054794,No,2023
4,Guadalupe/W. 21st Street,Missing Shelter,CapMetro,SR23000520,Request shelter installation at Guadalupe/W. 21st Street,Open,2023-04-05,,1103,3.021917808219178,No,2023
4,Guadalupe/W. 21st Street,Missing Shelter,CapMetro,SR23000475,No shelter at Guadalupe/W. 21st Street transit stop,Open,2023-04-20,,1088,2.9808219178082194,No,2023
4,Guadalupe/W. 21st Street,Missing Shelter,CapMetro,SR23000482,Request shelter installation at Guadalupe/W. 21st Street,Open,2023-05-15,,1063,2.9123287671232876,No,2023
4,Guadalupe/W. 21st Street,Missing Shelter,CapMetro,SR23000522,No shelter at Guadalupe/W. 21st Street transit stop,Open,2023-05-22,,1056,2.893150684931507,No,2023
4,Guadalupe/W. 21st Street,Missing Shelter,CapMetro,SR23000513,No weather protection at Guadalupe/W. 21st Street transit stop,Closed,2023-05-27,2023-05-27,0,0.0,No,2023
4,Guadalupe/W. 21st Street,Missing Shelter,CapMetro,SR23000521,Transit stop Guadalupe/W. 21st Street needs weather shelter,Closed,2023-07-14,2023-07-14,0,0.0,No,2023
4,Guadalupe/W. 21st Street,Missing Shelter,CapMetro,SR23000418,No shelter at Guadalupe/W. 21st Street transit stop,Open,2023-08-08,,978,2.6794520547945204,Yes,2023
4,Guadalupe/W. 21st Street,Missing Shelter,CapMetro,SR23000514,No shelter at Guadalupe/W. 21st Street transit stop,Open,2023-08-13,,973,2.665753424657534,Yes,2023
4,Guadalupe/W. 21st Street,Missing Shelter,CapMetro,SR23000435,No weather protection at Guadalupe/W. 21st Street transit stop,Open,2023-08-15,,971,2.66027397260274,Yes,2023
4,Guadalupe/W. 21st Street,Missing Shelter,CapMetro,SR23000422,No shelter at Guadalupe/W. 21st Street transit stop,Open,2023-08-31,,955,2.6164383561643834,Yes,2023
4,Guadalupe/W. 21st Street,Missing Shelter,CapMetro,SR23000524,No weather protection at Guadalupe/W. 21st Street transit stop,Closed,2023-11-19,2023-11-19,0,0.0,No,2023
4,Guadalupe/W. 21st Street,Missing Shelter,CapMetro,SR23000463,No shelter at Guadalupe/W. 21st Street transit stop,Open,2023-12-02,,862,2.361643835616438,Yes,2023
4,Guadalupe/W. 21st Street,Missing Shelter,CapMetro,SR23000453,Transit stop Guadalupe/W. 21st Street needs shelter for rider protection,Open,2023-12-04,,860,2.356164383561644,Yes,2023
4,Guadalupe/W. 21st Street,Missing Shelter,CapMetro,SR23000504,Request shelter installation at Guadalupe/W. 21st Street,Open,2023-12-06,,858,2.350684931506849,Yes,2023
4,Guadalupe/W. 21st Street,Missing Shelter,CapMetro,SR23000489,Transit stop Guadalupe/W. 21st Street needs weather shelter,Open,2023-12-31,,833,2.282191780821918,Yes,2023
4,Guadalupe/W. 21st Street,Missing Shelter,CapMetro,SR23000499,Request shelter installation at Guadalupe/W. 21st Street,Open,2024-01-19,,814,2.23013698630137,Yes,2024
4,Guadalupe/W. 21st Street,Missing Shelter,CapMetro,SR23000470,Transit stop Guadalupe/W. 21st Street needs shelter for rider protection,Open,2024-02-12,,790,2.164383561643836,Yes,2024
4,Guadalupe/W. 21st Street,Missing Shelter,CapMetro,SR23000518,Bus stop at Guadalupe/W. 21st Street missing shelter - riders exposed to weather,Open,2024-02-27,,775,2.1232876712328768,Yes,2024
4,Guadalupe/W. 21st Street,Missing Shelter,CapMetro,SR23000466,No weather protection at Guadalupe/W. 21st Street transit stop,Closed,2024-05-02,2024-05-02,0,0.0,No,2024
4,Guadalupe/W. 21st Street,Missing Shelter,CapMetro,SR23000476,Transit stop Guadalupe/W. 21st Street needs shelter for rider protection,Open,2024-06-28,,653,1.789041095890411,Yes,2024
4,Guadalupe/W. 21st Street,Missing Shelter,CapMetro,SR23000506,Bus stop at Guadalupe/W. 21st Street missing shelter - riders exposed to weather,Closed,2024-07-07,2024-07-07,0,0.0,No,2024
4,Guadalupe/W. 21st Street,Missing Shelter,CapMetro,SR23000494,No shelter at Guadalupe/W. 21st Street transit stop,Open,2024-07-10,,641,1.7561643835616438,Yes,2024
4,Guadalupe/W. 21st Street,Missing Shelter,CapMetro,SR23000440,No shelter at Guadalupe/W. 21st Street transit stop,Open,2024-07-14,,637,1.7452054794520548,Yes,2024
4,Guadalupe/W. 21st Street,Missing Shelter,CapMetro,SR23000472,No weather protection at Guadalupe/W. 21st Street transit stop,Closed,2024-08-08,2024-08-08,0,0.0,No,2024
4,Guadalupe/W. 21st Street,Missing Shelter,CapMetro,SR23000442,Transit stop Guadalupe/W. 21st Street needs shelter for rider protection,Open,2024-08-16,,604,1.6547945205479453,Yes,2024
4,Guadalupe/W. 21st Street,Missing Shelter,CapMetro,SR23000484,No shelter at Guadalupe/W. 21st Street transit stop,Open,2024-08-29,,591,1.6191780821917807,Yes,2024
4,Guadalupe/W. 21st Street,Missing Shelter,CapMetro,SR23000498,No weather protection at Guadalupe/W. 21st Street transit stop,Closed,2024-08-31,2024-08-31,0,0.0,No,2024
4,Guadalupe/W. 21st Street,Missing Shelter,CapMetro,SR23000426,No shelter at Guadalupe/W. 21st Street transit stop,Open,2024-09-09,,580,1.5890410958904109,Yes,2024
4,Guadalupe/W. 21st Street,Missing Shelter,CapMetro,SR23000493,No shelter at Guadalupe/W. 21st Street transit stop,Open,2024-09-16,,573,1.5698630136986302,Yes,2024
4,Guadalupe/W. 21st Street,Missing Shelter,CapMetro,SR23000525,Transit stop Guadalupe/W. 21st Street needs shelter for rider protection,Closed,2024-11-28,2024-11-28,0,0.0,No,2024
4,Guadalupe/W. 21st Street,Missing Shelter,CapMetro,SR23000436,Bus stop at Guadalupe/W. 21st Street missing shelter - riders exposed to weather,Open,2024-12-04,,494,1.3534246575342466,Yes,2024
4,Guadalupe/W. 21st Street,Missing Shelter,CapMetro,SR23000444,No weather protection at Guadalupe/W. 21st Street transit stop,Open,2024-12-04,,494,1.3534246575342466,Yes,2024
4,Guadalupe/W. 21st Street,Missing Shelter,CapMetro,SR23000427,No shelter at Guadalupe/W. 21st Street transit stop,Open,2024-12-23,,475,1.3013698630136987,Yes,2024
4,Guadalupe/W. 21st Street,Missing Shelter,CapMetro,SR23000515,Transit stop Guadalupe/W. 21st Street needs shelter for rider protection,Open,2025-02-07,,429,1.1753424657534246,Yes,2025
4,Guadalupe/W. 21st Street,Missing Shelter,CapMetro,SR23000434,No weather protection at Guadalupe/W. 21st Street transit stop,Open,2025-03-01,,407,1.115068493150685,Yes,2025
4,Guadalupe/W. 21st Street,Missing Shelter,CapMetro,SR23000421,Request shelter installation at Guadalupe/W. 21st Street,Open,2025-03-19,,389,1.0657534246575342,Yes,2025
4,Guadalupe/W. 21st Street,Missing Shelter,CapMetro,SR23000458,Bus stop at Guadalupe/W. 21st Street missing shelter - riders exposed to weather,Open,2025-03-19,,389,1.0657534246575342,Yes,2025
4,Guadalupe/W. 21st Street,Missing Shelter,CapMetro,SR23000490,No weather protection at Guadalupe/W. 21st Street transit stop,Open,2025-03-22,,386,1.0575342465753426,Yes,2025
4,Guadalupe/W. 21st Street,Missing Shelter,CapMetro,SR23000447,No shelter at Guadalupe/W. 21st Street transit stop,Open,2025-04-26,,351,0.9616438356164384,Yes,2025
4,Guadalupe/W. 21st Street,Missing Shelter,CapMetro,SR23000516,Transit stop Guadalupe/W. 21st Street needs weather shelter,Open,2025-04-29,,348,0.9534246575342465,Yes,2025
4,Guadalupe/W. 21st Street,Missing Shelter,CapMetro,SR23000502,No shelter at Guadalupe/W. 21st Street transit stop,Open,2025-05-18,,329,0.9013698630136986,Yes,2025
4,Guadalupe/W. 21st Street,Missing Shelter,CapMetro,SR23000517,No shelter at Guadalupe/W. 21st Street transit stop,Open,2025-05-31,,316,0.8657534246575342,Yes,2025
4,Guadalupe/W. 21st Street,Missing Shelter,CapMetro,SR23000509,No shelter at Guadalupe/W. 21st Street transit stop,Open,2025-06-18,,298,0.8164383561643835,Yes,2025
4,Guadalupe/W. 21st Street,Missing Shelter,CapMetro,SR23000485,No shelter at Guadalupe/W. 21st Street transit stop,Open,2025-07-09,,277,0.7589041095890411,Yes,2025
4,Guadalupe/W. 21st Street,Missing Shelter,CapMetro,SR23000457,Transit stop Guadalupe/W. 21st Street needs shelter for rider protection,Open,2025-07-31,,255,0.6986301369863014,Yes,2025
4,Guadalupe/W. 21st Street,Missing Shelter,CapMetro,SR23000519,Transit stop Guadalupe/W. 21st Street needs weather shelter,Open,2025-08-24,,231,0.6328767123287671,Yes,2025
4,Guadalupe/W. 21st Street,Missing Shelter,CapMetro,SR23000512,Bus stop at Guadalupe/W. 21st Street missing shelter - riders exposed to weather,Open,2025-09-27,,197,0.5397260273972603,Yes,2025
4,Guadalupe/W. 21st Street,Missing Shelter,CapMetro,SR23000471,Transit stop Guadalupe/W. 21st Street needs shelter for rider protection,Open,2025-10-22,,172,0.4712328767123288,Yes,2025
4,Guadalupe/W. 21st Street,Missing Shelter,CapMetro,SR23000473,Bus stop at Guadalupe/W. 21st Street missing shelter - riders exposed to weather,Open,2025-11-02,,161,0.4410958904109589,Yes,2025
4,Guadalupe/W. 21st Street,Missing Shelter,CapMetro,SR23000481,Transit stop Guadalupe/W. 21st Street needs shelter for rider protection,Open,2025-11-13,,150,0.410958904109589,Yes,2025
4,Guadalupe/W. 21st Street,Missing Shelter,CapMetro,SR23000451,Transit stop Guadalupe/W. 21st Street needs shelter for rider protection,Open,2025-11-24,,139,0.38082191780821917,Yes,2025
4,Guadalupe/W. 21st Street,Missing Shelter,CapMetro,SR23000492,No shelter at Guadalupe/W. 21st Street transit stop,Closed,2025-12-15,2025-12-15,0,0.0,No,2025
4,Guadalupe/W. 21st Street,Missing Shelter,CapMetro,SR23000500,Request shelter installation at Guadalupe/W. 21st Street,Open,2025-12-15,,118,0.3232876712328767,No,2025
4,Guadalupe/W. 21st Street,Missing Shelter,CapMetro,SR23000433,No shelter at Guadalupe/W. 21st Street transit stop,Open,2026-01-02,,100,0.273972602739726,Yes,2026
4,Guadalupe/W. 21st Street,Missing Shelter,CapMetro,SR23000459,Transit stop Guadalupe/W. 21st Street needs shelter for rider protection,Open,2026-04-03,,9,0.024657534246575342,Yes,2026
4,Guadalupe/W. 21st Street,Safety (Lighting),City of Austin,SR23000486,Safety concerns at Guadalupe/W. 21st Street bus stop after dark,Closed,2023-07-04,2023-07-04,0,0.0,No,2023
4,Guadalupe/W. 21st Street,Safety (Lighting),City of Austin,SR23000417,Transit stop Guadalupe/W. 21st Street needs better lighting,Open,2024-04-26,,716,1.9616438356164383,Yes,2024
4,Guadalupe/W. 21st Street,Safety (Lighting),City of Austin,SR23000445,Transit stop Guadalupe/W. 21st Street needs better lighting,Open,2024-11-03,,525,1.4383561643835616,Yes,2024
4,Guadalupe/W. 21st Street,Safety (Lighting),City of Austin,SR23000477,Transit stop Guadalupe/W. 21st Street needs better lighting,Open,2025-01-01,,466,1.2767123287671234,Yes,2025
4,Guadalupe/W. 21st Street,Safety (Lighting),City of Austin,SR23000497,Safety concerns at Guadalupe/W. 21st Street bus stop after dark,Open,2025-04-20,,357,0.9780821917808219,Yes,2025
4,Guadalupe/W. 21st Street,Safety (Lighting),City of Austin,SR23000449,Safety concerns at Guadalupe/W. 21st Street bus stop after dark,Open,2025-05-06,,341,0.9342465753424658,Yes,2025
4,Guadalupe/W. 21st Street,Safety Concerns,City of Austin / CapMetro,SR23000416,Request safety improvements at Guadalupe/W. 21st Street stop,Closed,2023-10-03,2023-10-03,0,0.0,No,2023
4,Guadalupe/W. 21st Street,Safety Concerns,City of Austin / CapMetro,SR23000461,Request safety improvements at Guadalupe/W. 21st Street stop,Open,2024-12-06,,492,1.347945205479452,Yes,2024
4,Guadalupe/W. 21st Street,Safety Concerns,City of Austin / CapMetro,SR23000510,Request safety improvements at Guadalupe/W. 21st Street stop,Closed,2024-12-26,2024-12-26,0,0.0,No,2024
4,Guadalupe/W. 21st Street,Safety Concerns,City of Austin / CapMetro,SR23000465,Request safety improvements at Guadalupe/W. 21st Street stop,Open,2025-10-19,,175,0.4794520547945205,Yes,2025
4,Guadalupe/W. 21st Street,Safety Concerns,City of Austin / CapMetro,SR23000441,Feeling unsafe waiting at Guadalupe/W. 21st Street,Open,2026-01-13,,89,0.24383561643835616,Yes,2026
4,Guadalupe/W. 21st Street,Safety Concerns,City of Austin / CapMetro,SR23000431,Request safety improvements at Guadalupe/W. 21st Street stop,Open,2026-02-06,,65,0.1780821917808219,Yes,2026
4,Guadalupe/W. 21st Street,Safety Concerns,City of Austin / CapMetro,SR23000460,Feeling unsafe waiting at Guadalupe/W. 21st Street,Open,2026-03-05,,38,0.10410958904109589,Yes,2026
4,Guadalupe/W. 21st Street,Sidewalk/ADA,City of Austin,SR23000507,Riders have nowhere to sit at Guadalupe/W. 21st Street,Open,2023-02-08,,1159,3.175342465753425,No,2023
4,Guadalupe/W. 21st Street,Sidewalk/ADA,City of Austin,SR23000415,Riders have nowhere to sit at Guadalupe/W. 21st Street,Open,2023-03-22,,1117,3.0602739726027397,No,2023
4,Guadalupe/W. 21st Street,Sidewalk/ADA,City of Austin,SR23000443,Riders have nowhere to sit at Guadalupe/W. 21st Street,Open,2023-06-11,,1036,2.8383561643835615,No,2023
4,Guadalupe/W. 21st Street,Sidewalk/ADA,City of Austin,SR23000487,Riders have nowhere to sit at Guadalupe/W. 21st Street,Open,2023-09-23,,932,2.5534246575342467,No,2023
4,Guadalupe/W. 21st Street,Sidewalk/ADA,City of Austin,SR23000469,Riders have nowhere to sit at Guadalupe/W. 21st Street,Open,2024-07-09,,642,1.7589041095890412,No,2024
4,Guadalupe/W. 21st Street,Sidewalk/ADA,City of Austin,SR23000501,Riders have nowhere to sit at Guadalupe/W. 21st Street,Open,2024-07-22,,629,1.7232876712328766,No,2024
4,Guadalupe/W. 21st Street,Sidewalk/ADA,City of Austin,SR23000429,Riders have nowhere to sit at Guadalupe/W. 21st Street,Closed,2024-12-29,2024-12-29,0,0.0,No,2024
4,Guadalupe/W. 21st Street,Sidewalk/ADA,City of Austin,SR23000523,Riders have nowhere to sit at Guadalupe/W. 21st Street,Open,2025-01-14,,453,1.2410958904109588,Yes,2025
4,Guadalupe/W. 21st Street,Sidewalk/ADA,City of Austin,SR23000432,Riders have nowhere to sit at Guadalupe/W. 21st Street,Open,2025-06-14,,302,0.8273972602739726,Yes,2025
4,Guadalupe/W. 21st Street,Sidewalk/ADA,City of Austin,SR23000511,Riders have nowhere to sit at Guadalupe/W. 21st Street,Open,2025-08-29,,226,0.6191780821917808,Yes,2025
4,Guadalupe/W. 21st Street,Weather Exposure,CapMetro,SR23000455,Bus stop Guadalupe/W. 21st Street exposed to extreme heat/sun,Open,2023-01-28,,1170,3.2054794520547945,No,2023
4,Guadalupe/W. 21st Street,Weather Exposure,CapMetro,SR23000450,Bus stop Guadalupe/W. 21st Street exposed to extreme heat/sun,Open,2023-08-09,,977,2.6767123287671235,No,2023
4,Guadalupe/W. 21st Street,Weather Exposure,CapMetro,SR23000419,Riders getting wet at Guadalupe/W. 21st Street during rain,Open,2023-08-10,,976,2.673972602739726,No,2023
4,Guadalupe/W. 21st Street,Weather Exposure,CapMetro,SR23000508,Bus stop Guadalupe/W. 21st Street exposed to extreme heat/sun,Open,2023-11-11,,883,2.419178082191781,No,2023
4,Guadalupe/W. 21st Street,Weather Exposure,CapMetro,SR23000479,Riders getting wet at Guadalupe/W. 21st Street during rain,Open,2024-02-14,,788,2.158904109589041,No,2024
4,Guadalupe/W. 21st Street,Weather Exposure,CapMetro,SR23000446,Bus stop Guadalupe/W. 21st Street exposed to extreme heat/sun,Open,2024-03-09,,764,2.0931506849315067,No,2024
4,Guadalupe/W. 21st Street,Weather Exposure,CapMetro,SR23000452,Riders getting wet at Guadalupe/W. 21st Street during rain,Open,2024-05-23,,689,1.8876712328767122,No,2024
4,Guadalupe/W. 21st Street,Weather Exposure,CapMetro,SR23000503,Riders getting wet at Guadalupe/W. 21st Street during rain,Closed,2024-06-24,2024-06-24,0,0.0,No,2024
4,Guadalupe/W. 21st Street,Weather Exposure,CapMetro,SR23000430,Bus stop Guadalupe/W. 21st Street exposed to extreme heat/sun,Open,2024-08-11,,609,1.6684931506849314,Yes,2024
4,Guadalupe/W. 21st Street,Weather Exposure,CapMetro,SR23000438,Riders getting wet at Guadalupe/W. 21st Street during rain,Closed,2025-10-20,2025-10-20,0,0.0,No,2025
4,Guadalupe/W. 21st Street,Weather Exposure,CapMetro,SR23000456,Bus stop Guadalupe/W. 21st Street exposed to extreme heat/sun,Open,2025-11-12,,151,0.4136986301369863,Yes,2025
4,Guadalupe/W. 21st Street,Weather Exposure,CapMetro,SR23000480,Bus stop Guadalupe/W. 21st Street exposed to extreme heat/sun,Open,2025-12-14,,119,0.32602739726027397,Yes,2025
4,Guadalupe/W. 21st Street,Weather Exposure,CapMetro,SR23000526,Bus stop Guadalupe/W. 21st Street exposed to extreme heat/sun,Open,2026-02-23,,48,0.13150684931506848,Yes,2026
3,Lavaca/4th,Missing Benches,CapMetro,SR23000377,Missing seating at Lavaca/4th transit stop,Open,2023-01-02,,1196,3.276712328767123,No,2023
3,Lavaca/4th,Missing Benches,CapMetro,SR23000362,Request bench installation at Lavaca/4th,Open,2023-01-11,,1187,3.252054794520548,No,2023
3,Lavaca/4th,Missing Benches,CapMetro,SR23000399,No benches at Lavaca/4th bus stop,Open,2023-04-18,,1090,2.9863013698630136,No,2023
3,Lavaca/4th,Missing Benches,CapMetro,SR23000299,No benches at Lavaca/4th bus stop,Open,2023-05-03,,1075,2.9452054794520546,No,2023
3,Lavaca/4th,Missing Benches,CapMetro,SR23000339,No benches at Lavaca/4th bus stop,Open,2023-05-18,,1060,2.904109589041096,No,2023
3,Lavaca/4th,Missing Benches,CapMetro,SR23000355,No benches at Lavaca/4th bus stop,Closed,2023-05-22,2023-05-22,0,0.0,No,2023
3,Lavaca/4th,Missing Benches,CapMetro,SR23000290,No benches at Lavaca/4th bus stop,Closed,2023-07-14,2023-07-14,0,0.0,No,2023
3,Lavaca/4th,Missing Benches,CapMetro,SR23000404,Missing seating at Lavaca/4th transit stop,Closed,2023-07-18,2023-07-18,0,0.0,No,2023
3,Lavaca/4th,Missing Benches,CapMetro,SR23000318,No benches at Lavaca/4th bus stop,Open,2023-07-24,,993,2.7205479452054795,Yes,2023
3,Lavaca/4th,Missing Benches,CapMetro,SR23000386,Request bench installation at Lavaca/4th,Open,2023-07-29,,988,2.706849315068493,Yes,2023
3,Lavaca/4th,Missing Benches,CapMetro,SR23000387,Missing seating at Lavaca/4th transit stop,Open,2023-08-10,,976,2.673972602739726,Yes,2023
3,Lavaca/4th,Missing Benches,CapMetro,SR23000346,No benches at Lavaca/4th bus stop,Open,2023-10-29,,896,2.4547945205479453,Yes,2023
3,Lavaca/4th,Missing Benches,CapMetro,SR23000414,No benches at Lavaca/4th bus stop,Closed,2023-11-14,2023-11-14,0,0.0,No,2023
3,Lavaca/4th,Missing Benches,CapMetro,SR23000345,Request bench installation at Lavaca/4th,Open,2024-04-02,,740,2.0273972602739727,Yes,2024
3,Lavaca/4th,Missing Benches,CapMetro,SR23000300,No benches at Lavaca/4th bus stop,Open,2024-06-21,,660,1.8082191780821917,Yes,2024
3,Lavaca/4th,Missing Benches,CapMetro,SR23000354,Request bench installation at Lavaca/4th,Closed,2024-11-16,2024-11-16,0,0.0,No,2024
3,Lavaca/4th,Missing Benches,CapMetro,SR23000293,Missing seating at Lavaca/4th transit stop,Open,2025-04-09,,368,1.0082191780821919,Yes,2025
3,Lavaca/4th,Missing Benches,CapMetro,SR23000411,Missing seating at Lavaca/4th transit stop,Open,2025-05-19,,328,0.8986301369863013,Yes,2025
3,Lavaca/4th,Missing Benches,CapMetro,SR23000392,No benches at Lavaca/4th bus stop,Open,2025-07-11,,275,0.7534246575342466,Yes,2025
3,Lavaca/4th,Missing Benches,CapMetro,SR23000285,No benches at Lavaca/4th bus stop,Open,2025-09-03,,221,0.6054794520547945,Yes,2025
3,Lavaca/4th,Missing Benches,CapMetro,SR23000332,Missing seating at Lavaca/4th transit stop,Open,2025-09-17,,207,0.5671232876712329,Yes,2025
3,Lavaca/4th,Missing Benches,CapMetro,SR23000378,Request bench installation at Lavaca/4th,Open,2025-09-18,,206,0.5643835616438356,Yes,2025
3,Lavaca/4th,Missing Benches,CapMetro,SR23000406,Missing seating at Lavaca/4th transit stop,Closed,2025-10-03,2025-10-03,0,0.0,No,2025
3,Lavaca/4th,Missing Benches,CapMetro,SR23000324,No benches at Lavaca/4th bus stop,Open,2025-10-09,,185,0.5068493150684932,Yes,2025
3,Lavaca/4th,Missing Benches,CapMetro,SR23000301,No benches at Lavaca/4th bus stop,Open,2025-12-22,,111,0.3041095890410959,Yes,2025
3,Lavaca/4th,Missing Benches,CapMetro,SR23000391,Request bench installation at Lavaca/4th,Open,2025-12-29,,104,0.28493150684931506,Yes,2025
3,Lavaca/4th,Missing Benches,CapMetro,SR23000360,Missing seating at Lavaca/4th transit stop,Closed,2026-03-24,2026-03-24,0,0.0,No,2026
3,Lavaca/4th,Missing Shelter,CapMetro,SR23000326,Transit stop Lavaca/4th needs shelter for rider protection,Closed,2023-01-29,2023-01-29,0,0.0,No,2023
3,Lavaca/4th,Missing Shelter,CapMetro,SR23000370,Bus stop at Lavaca/4th missing shelter - riders exposed to weather,Closed,2023-02-10,2023-02-10,0,0.0,No,2023
3,Lavaca/4th,Missing Shelter,CapMetro,SR23000353,Transit stop Lavaca/4th needs shelter for rider protection,Open,2023-02-20,,1147,3.1424657534246574,Yes,2023
3,Lavaca/4th,Missing Shelter,CapMetro,SR23000292,Transit stop Lavaca/4th needs shelter for rider protection,Open,2023-02-21,,1146,3.1397260273972605,Yes,2023
3,Lavaca/4th,Missing Shelter,CapMetro,SR23000294,Bus stop at Lavaca/4th missing shelter - riders exposed to weather,Open,2023-02-28,,1139,3.1205479452054794,Yes,2023
3,Lavaca/4th,Missing Shelter,CapMetro,SR23000358,Bus stop at Lavaca/4th missing shelter - riders exposed to weather,Open,2023-05-08,,1070,2.9315068493150687,Yes,2023
3,Lavaca/4th,Missing Shelter,CapMetro,SR23000305,No weather protection at Lavaca/4th transit stop,Open,2023-05-11,,1067,2.9232876712328766,Yes,2023
3,Lavaca/4th,Missing Shelter,CapMetro,SR23000393,No weather protection at Lavaca/4th transit stop,Open,2023-05-15,,1063,2.9123287671232876,Yes,2023
3,Lavaca/4th,Missing Shelter,CapMetro,SR23000309,Transit stop Lavaca/4th needs shelter for rider protection,Open,2023-05-19,,1059,2.9013698630136986,Yes,2023
3,Lavaca/4th,Missing Shelter,CapMetro,SR23000366,Transit stop Lavaca/4th needs shelter for rider protection,Closed,2023-05-28,2023-05-28,0,0.0,No,2023
3,Lavaca/4th,Missing Shelter,CapMetro,SR23000320,Request shelter installation at Lavaca/4th,Open,2023-06-23,,1024,2.8054794520547945,Yes,2023
3,Lavaca/4th,Missing Shelter,CapMetro,SR23000374,No shelter at Lavaca/4th transit stop,Open,2023-07-07,,1010,2.767123287671233,Yes,2023
3,Lavaca/4th,Missing Shelter,CapMetro,SR23000340,No shelter at Lavaca/4th transit stop,Open,2023-07-26,,991,2.7150684931506848,Yes,2023
3,Lavaca/4th,Missing Shelter,CapMetro,SR23000312,Transit stop Lavaca/4th needs shelter for rider protection,Open,2023-08-06,,980,2.684931506849315,Yes,2023
3,Lavaca/4th,Missing Shelter,CapMetro,SR23000284,Transit stop Lavaca/4th needs shelter for rider protection,Open,2023-08-20,,966,2.6465753424657534,Yes,2023
3,Lavaca/4th,Missing Shelter,CapMetro,SR23000325,Transit stop Lavaca/4th needs weather shelter,Closed,2023-08-27,2023-08-27,0,0.0,No,2023
3,Lavaca/4th,Missing Shelter,CapMetro,SR23000379,Transit stop Lavaca/4th needs shelter for rider protection,Open,2023-08-27,,959,2.627397260273973,No,2023
3,Lavaca/4th,Missing Shelter,CapMetro,SR23000389,Bus stop at Lavaca/4th missing shelter - riders exposed to weather,Open,2023-11-29,,865,2.3698630136986303,Yes,2023
3,Lavaca/4th,Missing Shelter,CapMetro,SR23000347,Request shelter installation at Lavaca/4th,Open,2024-01-07,,826,2.263013698630137,Yes,2024
3,Lavaca/4th,Missing Shelter,CapMetro,SR23000341,Bus stop at Lavaca/4th missing shelter - riders exposed to weather,Open,2024-02-08,,794,2.175342465753425,Yes,2024
3,Lavaca/4th,Missing Shelter,CapMetro,SR23000383,Bus stop at Lavaca/4th missing shelter - riders exposed to weather,Open,2024-02-10,,792,2.16986301369863,Yes,2024
3,Lavaca/4th,Missing Shelter,CapMetro,SR23000281,No weather protection at Lavaca/4th transit stop,Open,2024-03-13,,760,2.0821917808219177,Yes,2024
3,Lavaca/4th,Missing Shelter,CapMetro,SR23000344,Transit stop Lavaca/4th needs shelter for rider protection,Open,2024-04-08,,734,2.010958904109589,Yes,2024
3,Lavaca/4th,Missing Shelter,CapMetro,SR23000321,No weather protection at Lavaca/4th transit stop,Open,2024-04-10,,732,2.0054794520547947,Yes,2024
3,Lavaca/4th,Missing Shelter,CapMetro,SR23000295,Bus stop at Lavaca/4th missing shelter - riders exposed to weather,Open,2024-05-08,,704,1.9287671232876713,Yes,2024
3,Lavaca/4th,Missing Shelter,CapMetro,SR23000396,Transit stop Lavaca/4th needs shelter for rider protection,Open,2024-05-11,,701,1.9205479452054794,Yes,2024
3,Lavaca/4th,Missing Shelter,CapMetro,SR23000304,Request shelter installation at Lavaca/4th,Open,2024-08-20,,600,1.643835616438356,Yes,2024
3,Lavaca/4th,Missing Shelter,CapMetro,SR23000316,No weather protection at Lavaca/4th transit stop,Open,2024-09-17,,572,1.5671232876712329,Yes,2024
3,Lavaca/4th,Missing Shelter,CapMetro,SR23000303,Request shelter installation at Lavaca/4th,Open,2024-10-29,,530,1.452054794520548,Yes,2024
3,Lavaca/4th,Missing Shelter,CapMetro,SR23000330,Request shelter installation at Lavaca/4th,Open,2024-11-04,,524,1.4356164383561645,Yes,2024
3,Lavaca/4th,Missing Shelter,CapMetro,SR23000385,No shelter at Lavaca/4th transit stop,Open,2024-11-15,,513,1.4054794520547946,Yes,2024
3,Lavaca/4th,Missing Shelter,CapMetro,SR23000351,Bus stop at Lavaca/4th missing shelter - riders exposed to weather,Closed,2024-11-16,2024-11-16,0,0.0,No,2024
3,Lavaca/4th,Missing Shelter,CapMetro,SR23000338,Bus stop at Lavaca/4th missing shelter - riders exposed to weather,Open,2024-11-27,,501,1.3726027397260274,Yes,2024
3,Lavaca/4th,Missing Shelter,CapMetro,SR23000336,Bus stop at Lavaca/4th missing shelter - riders exposed to weather,Open,2025-01-06,,461,1.263013698630137,Yes,2025
3,Lavaca/4th,Missing Shelter,CapMetro,SR23000368,No shelter at Lavaca/4th transit stop,Open,2025-01-08,,459,1.2575342465753425,Yes,2025
3,Lavaca/4th,Missing Shelter,CapMetro,SR23000317,Transit stop Lavaca/4th needs weather shelter,Open,2025-01-14,,453,1.2410958904109588,Yes,2025
3,Lavaca/4th,Missing Shelter,CapMetro,SR23000381,Bus stop at Lavaca/4th missing shelter - riders exposed to weather,Closed,2025-01-21,2025-01-21,0,0.0,No,2025
3,Lavaca/4th,Missing Shelter,CapMetro,SR23000361,Transit stop Lavaca/4th needs shelter for rider protection,Closed,2025-01-24,2025-01-24,0,0.0,No,2025
3,Lavaca/4th,Missing Shelter,CapMetro,SR23000401,Bus stop at Lavaca/4th missing shelter - riders exposed to weather,Open,2025-02-15,,421,1.1534246575342466,Yes,2025
3,Lavaca/4th,Missing Shelter,CapMetro,SR23000288,No shelter at Lavaca/4th transit stop,Closed,2025-02-17,2025-02-17,0,0.0,No,2025
3,Lavaca/4th,Missing Shelter,CapMetro,SR23000372,Bus stop at Lavaca/4th missing shelter - riders exposed to weather,Closed,2025-03-17,2025-03-17,0,0.0,No,2025
3,Lavaca/4th,Missing Shelter,CapMetro,SR23000400,No shelter at Lavaca/4th transit stop,Open,2025-03-19,,389,1.0657534246575342,Yes,2025
3,Lavaca/4th,Missing Shelter,CapMetro,SR23000328,No weather protection at Lavaca/4th transit stop,Open,2025-04-12,,365,1.0,Yes,2025
3,Lavaca/4th,Missing Shelter,CapMetro,SR23000398,No shelter at Lavaca/4th transit stop,Open,2025-05-11,,336,0.9205479452054794,Yes,2025
3,Lavaca/4th,Missing Shelter,CapMetro,SR23000298,Transit stop Lavaca/4th needs shelter for rider protection,Open,2025-05-20,,327,0.8958904109589041,Yes,2025
3,Lavaca/4th,Missing Shelter,CapMetro,SR23000412,No shelter at Lavaca/4th transit stop,Open,2025-05-23,,324,0.8876712328767123,Yes,2025
3,Lavaca/4th,Missing Shelter,CapMetro,SR23000297,Transit stop Lavaca/4th needs shelter for rider protection,Open,2025-05-27,,320,0.8767123287671232,Yes,2025
3,Lavaca/4th,Missing Shelter,CapMetro,SR23000397,Bus stop at Lavaca/4th missing shelter - riders exposed to weather,Closed,2025-05-29,2025-05-29,0,0.0,No,2025
3,Lavaca/4th,Missing Shelter,CapMetro,SR23000407,Transit stop Lavaca/4th needs shelter for rider protection,Open,2025-05-29,,318,0.8712328767123287,No,2025
3,Lavaca/4th,Missing Shelter,CapMetro,SR23000302,No weather protection at Lavaca/4th transit stop,Open,2025-06-22,,294,0.8054794520547945,Yes,2025
3,Lavaca/4th,Missing Shelter,CapMetro,SR23000394,Request shelter installation at Lavaca/4th,Open,2025-07-16,,270,0.7397260273972602,Yes,2025
3,Lavaca/4th,Missing Shelter,CapMetro,SR23000408,No weather protection at Lavaca/4th transit stop,Closed,2025-07-16,2025-07-16,0,0.0,No,2025
3,Lavaca/4th,Missing Shelter,CapMetro,SR23000380,No shelter at Lavaca/4th transit stop,Open,2025-07-22,,264,0.7232876712328767,Yes,2025
3,Lavaca/4th,Missing Shelter,CapMetro,SR23000319,Request shelter installation at Lavaca/4th,Open,2025-07-26,,260,0.7123287671232876,Yes,2025
3,Lavaca/4th,Missing Shelter,CapMetro,SR23000403,Request shelter installation at Lavaca/4th,Open,2025-08-05,,250,0.684931506849315,Yes,2025
3,Lavaca/4th,Missing Shelter,CapMetro,SR23000307,No shelter at Lavaca/4th transit stop,Open,2025-08-12,,243,0.6657534246575343,Yes,2025
3,Lavaca/4th,Missing Shelter,CapMetro,SR23000322,No shelter at Lavaca/4th transit stop,Open,2025-08-22,,233,0.6383561643835617,Yes,2025
3,Lavaca/4th,Missing Shelter,CapMetro,SR23000371,Request shelter installation at Lavaca/4th,Closed,2025-08-29,2025-08-29,0,0.0,No,2025
3,Lavaca/4th,Missing Shelter,CapMetro,SR23000334,No shelter at Lavaca/4th transit stop,Closed,2025-09-08,2025-09-08,0,0.0,No,2025
3,Lavaca/4th,Missing Shelter,CapMetro,SR23000327,No weather protection at Lavaca/4th transit stop,Open,2025-10-01,,193,0.5287671232876713,Yes,2025
3,Lavaca/4th,Missing Shelter,CapMetro,SR23000349,Transit stop Lavaca/4th needs shelter for rider protection,Open,2025-10-03,,191,0.5232876712328767,Yes,2025
3,Lavaca/4th,Missing Shelter,CapMetro,SR23000342,Request shelter installation at Lavaca/4th,Closed,2025-10-04,2025-10-04,0,0.0,No,2025
3,Lavaca/4th,Missing Shelter,CapMetro,SR23000352,Transit stop Lavaca/4th needs shelter for rider protection,Closed,2025-10-10,2025-10-10,0,0.0,No,2025
3,Lavaca/4th,Missing Shelter,CapMetro,SR23000402,No weather protection at Lavaca/4th transit stop,Open,2025-10-11,,183,0.5013698630136987,Yes,2025
3,Lavaca/4th,Missing Shelter,CapMetro,SR23000376,No weather protection at Lavaca/4th transit stop,Open,2025-11-04,,159,0.43561643835616437,Yes,2025
3,Lavaca/4th,Missing Shelter,CapMetro,SR23000365,Transit stop Lavaca/4th needs shelter for rider protection,Open,2025-11-28,,135,0.3698630136986301,Yes,2025
3,Lavaca/4th,Missing Shelter,CapMetro,SR23000308,No shelter at Lavaca/4th transit stop,Closed,2025-12-06,2025-12-06,0,0.0,No,2025
3,Lavaca/4th,Missing Shelter,CapMetro,SR23000367,Request shelter installation at Lavaca/4th,Closed,2025-12-08,2025-12-08,0,0.0,No,2025
3,Lavaca/4th,Missing Shelter,CapMetro,SR23000282,No shelter at Lavaca/4th transit stop,Open,2025-12-09,,124,0.33972602739726027,Yes,2025
3,Lavaca/4th,Missing Shelter,CapMetro,SR23000314,Transit stop Lavaca/4th needs weather shelter,Open,2025-12-23,,110,0.3013698630136986,Yes,2025
3,Lavaca/4th,Missing Shelter,CapMetro,SR23000311,Transit stop Lavaca/4th needs shelter for rider protection,Open,2026-01-09,,93,0.2547945205479452,Yes,2026
3,Lavaca/4th,Missing Shelter,CapMetro,SR23000363,Request shelter installation at Lavaca/4th,Open,2026-03-14,,29,0.07945205479452055,Yes,2026
3,Lavaca/4th,Other,TBD,SR23000296,Riders have nowhere to sit at Lavaca/4th,Open,2023-01-08,,1190,3.26027397260274,No,2023
3,Lavaca/4th,Other,TBD,SR23000337,Riders have nowhere to sit at Lavaca/4th,Closed,2023-10-29,2023-10-29,0,0.0,No,2023
3,Lavaca/4th,Other,TBD,SR23000350,Riders have nowhere to sit at Lavaca/4th,Open,2023-12-08,,856,2.345205479452055,Yes,2023
3,Lavaca/4th,Other,TBD,SR23000375,Riders have nowhere to sit at Lavaca/4th,Open,2023-12-10,,854,2.33972602739726,Yes,2023
3,Lavaca/4th,Other,TBD,SR23000280,Riders have nowhere to sit at Lavaca/4th,Open,2024-03-01,,772,2.115068493150685,Yes,2024
3,Lavaca/4th,Other,TBD,SR23000410,Riders have nowhere to sit at Lavaca/4th,Open,2024-03-20,,753,2.063013698630137,Yes,2024
3,Lavaca/4th,Other,TBD,SR23000333,Riders have nowhere to sit at Lavaca/4th,Open,2024-05-06,,706,1.9342465753424658,Yes,2024
3,Lavaca/4th,Other,TBD,SR23000283,Riders have nowhere to sit at Lavaca/4th,Open,2024-10-01,,558,1.5287671232876712,Yes,2024
3,Lavaca/4th,Other,TBD,SR23000356,Riders have nowhere to sit at Lavaca/4th,Closed,2025-10-25,2025-10-25,0,0.0,No,2025
3,Lavaca/4th,Other,TBD,SR23000315,Riders have nowhere to sit at Lavaca/4th,Closed,2026-03-03,2026-03-03,0,0.0,No,2026
3,Lavaca/4th,Safety (Lighting),City of Austin,SR23000291,Safety concerns at Lavaca/4th bus stop after dark,Open,2023-01-11,,1187,3.252054794520548,No,2023
3,Lavaca/4th,Safety (Lighting),City of Austin,SR23000413,Transit stop Lavaca/4th needs better lighting,Closed,2023-11-01,2023-11-01,0,0.0,No,2023
3,Lavaca/4th,Safety (Lighting),City of Austin,SR23000331,Safety concerns at Lavaca/4th bus stop after dark,Open,2024-01-11,,822,2.252054794520548,Yes,2024
3,Lavaca/4th,Safety (Lighting),City of Austin,SR23000373,Safety concerns at Lavaca/4th bus stop after dark,Open,2024-02-19,,783,2.1452054794520548,Yes,2024
3,Lavaca/4th,Safety (Lighting),City of Austin,SR23000359,Safety concerns at Lavaca/4th bus stop after dark,Open,2024-09-21,,568,1.5561643835616439,Yes,2024
3,Lavaca/4th,Safety (Lighting),City of Austin,SR23000405,Transit stop Lavaca/4th needs better lighting,Open,2024-10-02,,557,1.526027397260274,Yes,2024
3,Lavaca/4th,Safety (Lighting),City of Austin,SR23000348,Safety concerns at Lavaca/4th bus stop after dark,Open,2025-02-20,,416,1.1397260273972603,Yes,2025
3,Lavaca/4th,Safety Concerns,City of Austin / CapMetro,SR23000388,Request safety improvements at Lavaca/4th stop,Open,2023-02-17,,1150,3.1506849315068495,No,2023
3,Lavaca/4th,Safety Concerns,City of Austin / CapMetro,SR23000286,Request safety improvements at Lavaca/4th stop,Open,2023-11-15,,879,2.408219178082192,No,2023
3,Lavaca/4th,Safety Concerns,City of Austin / CapMetro,SR23000313,Request safety improvements at Lavaca/4th stop,Open,2025-06-01,,315,0.863013698630137,No,2025
3,Lavaca/4th,Safety Concerns,City of Austin / CapMetro,SR23000357,Request safety improvements at Lavaca/4th stop,Open,2025-12-22,,111,0.3041095890410959,No,2025
3,Lavaca/4th,Safety Concerns,City of Austin / CapMetro,SR23000323,Feeling unsafe waiting at Lavaca/4th,Open,2026-01-17,,85,0.2328767123287671,No,2026
3,Lavaca/4th,Weather Exposure,CapMetro,SR23000395,Riders getting wet at Lavaca/4th during rain,Open,2023-02-05,,1162,3.1835616438356165,No,2023
3,Lavaca/4th,Weather Exposure,CapMetro,SR23000364,Riders getting wet at Lavaca/4th during rain,Open,2023-03-06,,1133,3.1041095890410957,No,2023
3,Lavaca/4th,Weather Exposure,CapMetro,SR23000306,Riders getting wet at Lavaca/4th during rain,Open,2023-05-31,,1047,2.8684931506849316,No,2023
3,Lavaca/4th,Weather Exposure,CapMetro,SR23000289,Riders getting wet at Lavaca/4th during rain,Open,2023-07-26,,991,2.7150684931506848,No,2023
3,Lavaca/4th,Weather Exposure,CapMetro,SR23000287,Riders getting wet at Lavaca/4th during rain,Closed,2023-09-05,2023-09-05,0,0.0,No,2023
3,Lavaca/4th,Weather Exposure,CapMetro,SR23000382,Bus stop Lavaca/4th exposed to extreme heat/sun,Open,2023-12-01,,863,2.3643835616438356,Yes,2023
3,Lavaca/4th,Weather Exposure,CapMetro,SR23000369,Bus stop Lavaca/4th exposed to extreme heat/sun,Open,2024-02-24,,778,2.1315068493150684,Yes,2024
3,Lavaca/4th,Weather Exposure,CapMetro,SR23000384,Riders getting wet at Lavaca/4th during rain,Open,2024-04-02,,740,2.0273972602739727,Yes,2024
3,Lavaca/4th,Weather Exposure,CapMetro,SR23000343,Riders getting wet at Lavaca/4th during rain,Open,2024-10-08,,551,1.5095890410958903,Yes,2024
3,Lavaca/4th,Weather Exposure,CapMetro,SR23000310,Bus stop Lavaca/4th exposed to extreme heat/sun,Open,2025-06-19,,297,0.8136986301369863,Yes,2025
3,Lavaca/4th,Weather Exposure,CapMetro,SR23000329,Bus stop Lavaca/4th exposed to extreme heat/sun,Open,2025-07-04,,282,0.7726027397260274,Yes,2025
3,Lavaca/4th,Weather Exposure,CapMetro,SR23000390,Riders getting wet at Lavaca/4th during rain,Open,2025-07-29,,257,0.7041095890410959,Yes,2025
3,Lavaca/4th,Weather Exposure,CapMetro,SR23000335,Riders getting wet at Lavaca/4th during rain,Open,2026-02-05,,66,0.18082191780821918,Yes,2026
3,Lavaca/4th,Weather Exposure,CapMetro,SR23000409,Riders getting wet at Lavaca/4th during rain,Open,2026-04-08,,4,0.010958904109589041,Yes,2026
15,North Lamar Transit Center,Missing Benches,CapMetro,SR23001401,Missing seating at North Lamar Transit Center transit stop,Closed,2023-02-22,2023-02-22,0,0.0,No,2023
15,North Lamar Transit Center,Missing Benches,CapMetro,SR23001381,No benches at North Lamar Transit Center bus stop,Open,2023-03-04,,1135,3.1095890410958904,Yes,2023
15,North Lamar Transit Center,Missing Benches,CapMetro,SR23001369,No benches at North Lamar Transit Center bus stop,Open,2023-03-09,,1130,3.095890410958904,Yes,2023
15,North Lamar Transit Center,Missing Benches,CapMetro,SR23001421,No benches at North Lamar Transit Center bus stop,Open,2023-04-28,,1080,2.958904109589041,Yes,2023
15,North Lamar Transit Center,Missing Benches,CapMetro,SR23001386,Missing seating at North Lamar Transit Center transit stop,Open,2023-08-05,,981,2.6876712328767125,Yes,2023
15,North Lamar Transit Center,Missing Benches,CapMetro,SR23001406,Request bench installation at North Lamar Transit Center,Open,2023-10-05,,920,2.5205479452054793,Yes,2023
15,North Lamar Transit Center,Missing Benches,CapMetro,SR23001367,No benches at North Lamar Transit Center bus stop,Open,2023-12-10,,854,2.33972602739726,Yes,2023
15,North Lamar Transit Center,Missing Benches,CapMetro,SR23001411,Missing seating at North Lamar Transit Center transit stop,Open,2024-01-11,,822,2.252054794520548,Yes,2024
15,North Lamar Transit Center,Missing Benches,CapMetro,SR23001402,Missing seating at North Lamar Transit Center transit stop,Open,2024-02-06,,796,2.180821917808219,Yes,2024
15,North Lamar Transit Center,Missing Benches,CapMetro,SR23001389,Missing seating at North Lamar Transit Center transit stop,Open,2024-08-12,,608,1.6657534246575343,Yes,2024
15,North Lamar Transit Center,Missing Benches,CapMetro,SR23001378,No benches at North Lamar Transit Center bus stop,Open,2024-08-27,,593,1.6246575342465754,Yes,2024
15,North Lamar Transit Center,Missing Benches,CapMetro,SR23001360,No benches at North Lamar Transit Center bus stop,Open,2024-10-28,,531,1.4547945205479451,Yes,2024
15,North Lamar Transit Center,Missing Benches,CapMetro,SR23001398,No benches at North Lamar Transit Center bus stop,Open,2025-06-07,,309,0.8465753424657534,Yes,2025
15,North Lamar Transit Center,Missing Benches,CapMetro,SR23001415,Missing seating at North Lamar Transit Center transit stop,Open,2025-06-28,,288,0.7890410958904109,Yes,2025
15,North Lamar Transit Center,Missing Benches,CapMetro,SR23001382,No benches at North Lamar Transit Center bus stop,Open,2025-07-09,,277,0.7589041095890411,Yes,2025
15,North Lamar Transit Center,Missing Benches,CapMetro,SR23001385,No benches at North Lamar Transit Center bus stop,Open,2025-07-21,,265,0.726027397260274,Yes,2025
15,North Lamar Transit Center,Missing Benches,CapMetro,SR23001396,No benches at North Lamar Transit Center bus stop,Open,2025-08-26,,229,0.6273972602739726,Yes,2025
15,North Lamar Transit Center,Missing Benches,CapMetro,SR23001418,No benches at North Lamar Transit Center bus stop,Closed,2025-10-16,2025-10-16,0,0.0,No,2025
15,North Lamar Transit Center,Missing Benches,CapMetro,SR23001393,No benches at North Lamar Transit Center bus stop,Open,2025-10-18,,176,0.4821917808219178,Yes,2025
15,North Lamar Transit Center,Missing Benches,CapMetro,SR23001394,Missing seating at North Lamar Transit Center transit stop,Closed,2025-12-09,2025-12-09,0,0.0,No,2025
15,North Lamar Transit Center,Missing Benches,CapMetro,SR23001425,Request bench installation at North Lamar Transit Center,Closed,2026-01-09,2026-01-09,0,0.0,No,2026
15,North Lamar Transit Center,Missing Benches,CapMetro,SR23001410,Request bench installation at North Lamar Transit Center,Open,2026-02-27,,44,0.12054794520547946,Yes,2026
15,North Lamar Transit Center,Missing Benches,CapMetro,SR23001373,Request bench installation at North Lamar Transit Center,Closed,2026-03-27,2026-03-27,0,0.0,No,2026
15,North Lamar Transit Center,Missing Benches,CapMetro,SR23001375,No benches at North Lamar Transit Center bus stop,Closed,2026-04-05,2026-04-05,0,0.0,No,2026
15,North Lamar Transit Center,Missing Shelter,CapMetro,SR23001413,Bus stop at North Lamar Transit Center missing shelter - riders exposed to weather,Open,2023-02-25,,1142,3.128767123287671,No,2023
15,North Lamar Transit Center,Missing Shelter,CapMetro,SR23001408,Transit stop North Lamar Transit Center needs shelter for rider protection,Open,2023-05-15,,1063,2.9123287671232876,No,2023
15,North Lamar Transit Center,Missing Shelter,CapMetro,SR23001426,Bus stop at North Lamar Transit Center missing shelter - riders exposed to weather,Open,2023-06-13,,1034,2.8328767123287673,No,2023
15,North Lamar Transit Center,Missing Shelter,CapMetro,SR23001379,No shelter at North Lamar Transit Center transit stop,Open,2023-07-07,,1010,2.767123287671233,No,2023
15,North Lamar Transit Center,Missing Shelter,CapMetro,SR23001392,Request shelter installation at North Lamar Transit Center,Closed,2023-07-12,2023-07-12,0,0.0,No,2023
15,North Lamar Transit Center,Missing Shelter,CapMetro,SR23001399,No shelter at North Lamar Transit Center transit stop,Open,2023-07-22,,995,2.7260273972602738,Yes,2023
15,North Lamar Transit Center,Missing Shelter,CapMetro,SR23001387,Bus stop at North Lamar Transit Center missing shelter - riders exposed to weather,Open,2023-07-23,,994,2.723287671232877,Yes,2023
15,North Lamar Transit Center,Missing Shelter,CapMetro,SR23001416,Request shelter installation at North Lamar Transit Center,Closed,2023-09-04,2023-09-04,0,0.0,No,2023
15,North Lamar Transit Center,Missing Shelter,CapMetro,SR23001397,No weather protection at North Lamar Transit Center transit stop,Open,2023-09-27,,928,2.5424657534246577,Yes,2023
15,North Lamar Transit Center,Missing Shelter,CapMetro,SR23001424,No shelter at North Lamar Transit Center transit stop,Open,2023-11-30,,864,2.367123287671233,Yes,2023
15,North Lamar Transit Center,Missing Shelter,CapMetro,SR23001422,Bus stop at North Lamar Transit Center missing shelter - riders exposed to weather,Closed,2023-12-02,2023-12-02,0,0.0,No,2023
15,North Lamar Transit Center,Missing Shelter,CapMetro,SR23001363,Transit stop North Lamar Transit Center needs shelter for rider protection,Open,2023-12-20,,844,2.3123287671232875,Yes,2023
15,North Lamar Transit Center,Missing Shelter,CapMetro,SR23001376,Request shelter installation at North Lamar Transit Center,Open,2024-01-11,,822,2.252054794520548,Yes,2024
15,North Lamar Transit Center,Missing Shelter,CapMetro,SR23001368,Transit stop North Lamar Transit Center needs weather shelter,Open,2024-01-12,,821,2.249315068493151,Yes,2024
15,North Lamar Transit Center,Missing Shelter,CapMetro,SR23001364,No shelter at North Lamar Transit Center transit stop,Open,2024-01-20,,813,2.2273972602739724,Yes,2024
15,North Lamar Transit Center,Missing Shelter,CapMetro,SR23001405,No weather protection at North Lamar Transit Center transit stop,Open,2024-06-11,,670,1.8356164383561644,Yes,2024
15,North Lamar Transit Center,Missing Shelter,CapMetro,SR23001371,Bus stop at North Lamar Transit Center missing shelter - riders exposed to weather,Open,2024-12-05,,493,1.3506849315068492,Yes,2024
15,North Lamar Transit Center,Missing Shelter,CapMetro,SR23001400,Transit stop North Lamar Transit Center needs weather shelter,Open,2025-01-16,,451,1.2356164383561643,Yes,2025
15,North Lamar Transit Center,Missing Shelter,CapMetro,SR23001390,Request shelter installation at North Lamar Transit Center,Open,2025-03-22,,386,1.0575342465753426,Yes,2025
15,North Lamar Transit Center,Missing Shelter,CapMetro,SR23001423,Transit stop North Lamar Transit Center needs shelter for rider protection,Open,2025-04-13,,364,0.9972602739726028,Yes,2025
15,North Lamar Transit Center,Missing Shelter,CapMetro,SR23001409,Request shelter installation at North Lamar Transit Center,Open,2025-06-04,,312,0.8547945205479452,Yes,2025
15,North Lamar Transit Center,Missing Shelter,CapMetro,SR23001391,Transit stop North Lamar Transit Center needs shelter for rider protection,Closed,2025-06-10,2025-06-10,0,0.0,No,2025
15,North Lamar Transit Center,Missing Shelter,CapMetro,SR23001377,Transit stop North Lamar Transit Center needs shelter for rider protection,Open,2025-10-13,,181,0.4958904109589041,Yes,2025
15,North Lamar Transit Center,Missing Shelter,CapMetro,SR23001362,Transit stop North Lamar Transit Center needs shelter for rider protection,Closed,2025-11-24,2025-11-24,0,0.0,No,2025
15,North Lamar Transit Center,Missing Shelter,CapMetro,SR23001380,No shelter at North Lamar Transit Center transit stop,Closed,2026-01-17,2026-01-17,0,0.0,No,2026
15,North Lamar Transit Center,Missing Shelter,CapMetro,SR23001404,No weather protection at North Lamar Transit Center transit stop,Open,2026-02-04,,67,0.18356164383561643,Yes,2026
15,North Lamar Transit Center,Missing Shelter,CapMetro,SR23001361,Bus stop at North Lamar Transit Center missing shelter - riders exposed to weather,Open,2026-03-05,,38,0.10410958904109589,Yes,2026
15,North Lamar Transit Center,Other,TBD,SR23001374,Riders have nowhere to sit at North Lamar Transit Center,Open,2023-04-05,,1103,3.021917808219178,No,2023
15,North Lamar Transit Center,Other,TBD,SR23001395,Riders have nowhere to sit at North Lamar Transit Center,Open,2025-05-02,,345,0.9452054794520548,No,2025
15,North Lamar Transit Center,Other,TBD,SR23001370,Riders have nowhere to sit at North Lamar Transit Center,Open,2025-09-14,,210,0.5753424657534246,No,2025
15,North Lamar Transit Center,Safety (Lighting),City of Austin,SR23001403,Transit stop North Lamar Transit Center needs better lighting,Open,2023-07-30,,987,2.7041095890410958,No,2023
15,North Lamar Transit Center,Safety (Lighting),City of Austin,SR23001384,Transit stop North Lamar Transit Center needs better lighting,Closed,2023-12-30,2023-12-30,0,0.0,No,2023
15,North Lamar Transit Center,Safety (Lighting),City of Austin,SR23001365,Transit stop North Lamar Transit Center needs better lighting,Open,2024-08-03,,617,1.6904109589041096,Yes,2024
15,North Lamar Transit Center,Safety Concerns,City of Austin / CapMetro,SR23001414,Request safety improvements at North Lamar Transit Center stop,Closed,2023-02-08,2023-02-08,0,0.0,No,2023
15,North Lamar Transit Center,Safety Concerns,City of Austin / CapMetro,SR23001388,Feeling unsafe waiting at North Lamar Transit Center,Closed,2023-04-28,2023-04-28,0,0.0,No,2023
15,North Lamar Transit Center,Safety Concerns,City of Austin / CapMetro,SR23001372,Request safety improvements at North Lamar Transit Center stop,Open,2023-05-05,,1073,2.9397260273972603,Yes,2023
15,North Lamar Transit Center,Safety Concerns,City of Austin / CapMetro,SR23001419,Feeling unsafe waiting at North Lamar Transit Center,Open,2023-07-23,,994,2.723287671232877,Yes,2023
15,North Lamar Transit Center,Safety Concerns,City of Austin / CapMetro,SR23001412,Feeling unsafe waiting at North Lamar Transit Center,Open,2025-08-13,,242,0.663013698630137,Yes,2025
15,North Lamar Transit Center,Weather Exposure,CapMetro,SR23001366,Bus stop North Lamar Transit Center exposed to extreme heat/sun,Open,2023-01-30,,1168,3.2,No,2023
15,North Lamar Transit Center,Weather Exposure,CapMetro,SR23001383,Bus stop North Lamar Transit Center exposed to extreme heat/sun,Open,2023-02-26,,1141,3.126027397260274,No,2023
15,North Lamar Transit Center,Weather Exposure,CapMetro,SR23001420,Bus stop North Lamar Transit Center exposed to extreme heat/sun,Open,2023-08-02,,984,2.695890410958904,No,2023
15,North Lamar Transit Center,Weather Exposure,CapMetro,SR23001407,Riders getting wet at North Lamar Transit Center during rain,Open,2025-07-07,,279,0.7643835616438356,No,2025
15,North Lamar Transit Center,Weather Exposure,CapMetro,SR23001417,Riders getting wet at North Lamar Transit Center during rain,Open,2025-12-22,,111,0.3041095890410959,No,2025
11,Northcross Station (SB),Missing Benches,CapMetro,SR23001124,Missing seating at Northcross Station (SB) transit stop,Open,2023-01-17,,1181,3.2356164383561645,No,2023
11,Northcross Station (SB),Missing Benches,CapMetro,SR23001096,Request bench installation at Northcross Station (SB),Open,2023-05-23,,1055,2.8904109589041096,No,2023
11,Northcross Station (SB),Missing Benches,CapMetro,SR23001139,Request bench installation at Northcross Station (SB),Open,2023-05-28,,1050,2.8767123287671232,No,2023
11,Northcross Station (SB),Missing Benches,CapMetro,SR23001085,Missing seating at Northcross Station (SB) transit stop,Closed,2023-08-26,2023-08-26,0,0.0,No,2023
11,Northcross Station (SB),Missing Benches,CapMetro,SR23001107,Missing seating at Northcross Station (SB) transit stop,Open,2023-09-06,,949,2.6,Yes,2023
11,Northcross Station (SB),Missing Benches,CapMetro,SR23001122,Missing seating at Northcross Station (SB) transit stop,Open,2023-10-05,,920,2.5205479452054793,Yes,2023
11,Northcross Station (SB),Missing Benches,CapMetro,SR23001102,Missing seating at Northcross Station (SB) transit stop,Closed,2023-11-04,2023-11-04,0,0.0,No,2023
11,Northcross Station (SB),Missing Benches,CapMetro,SR23001131,Missing seating at Northcross Station (SB) transit stop,Open,2023-12-30,,834,2.2849315068493152,Yes,2023
11,Northcross Station (SB),Missing Benches,CapMetro,SR23001082,Missing seating at Northcross Station (SB) transit stop,Open,2024-08-12,,608,1.6657534246575343,Yes,2024
11,Northcross Station (SB),Missing Benches,CapMetro,SR23001135,Missing seating at Northcross Station (SB) transit stop,Open,2025-01-01,,466,1.2767123287671234,Yes,2025
11,Northcross Station (SB),Missing Benches,CapMetro,SR23001129,No benches at Northcross Station (SB) bus stop,Open,2025-04-23,,354,0.9698630136986301,Yes,2025
11,Northcross Station (SB),Missing Benches,CapMetro,SR23001130,No benches at Northcross Station (SB) bus stop,Open,2025-04-28,,349,0.9561643835616438,Yes,2025
11,Northcross Station (SB),Missing Benches,CapMetro,SR23001125,Missing seating at Northcross Station (SB) transit stop,Closed,2025-06-26,2025-06-26,0,0.0,No,2025
11,Northcross Station (SB),Missing Benches,CapMetro,SR23001137,Missing seating at Northcross Station (SB) transit stop,Closed,2025-07-15,2025-07-15,0,0.0,No,2025
11,Northcross Station (SB),Missing Shelter,CapMetro,SR23001141,No shelter at Northcross Station (SB) transit stop,Open,2023-02-11,,1156,3.1671232876712327,No,2023
11,Northcross Station (SB),Missing Shelter,CapMetro,SR23001081,No shelter at Northcross Station (SB) transit stop,Open,2023-02-22,,1145,3.136986301369863,No,2023
11,Northcross Station (SB),Missing Shelter,CapMetro,SR23001118,Bus stop at Northcross Station (SB) missing shelter - riders exposed to weather,Open,2023-02-22,,1145,3.136986301369863,No,2023
11,Northcross Station (SB),Missing Shelter,CapMetro,SR23001070,Bus stop at Northcross Station (SB) missing shelter - riders exposed to weather,Open,2023-04-30,,1078,2.9534246575342467,No,2023
11,Northcross Station (SB),Missing Shelter,CapMetro,SR23001089,Bus stop at Northcross Station (SB) missing shelter - riders exposed to weather,Open,2023-05-17,,1061,2.9068493150684933,No,2023
11,Northcross Station (SB),Missing Shelter,CapMetro,SR23001126,No weather protection at Northcross Station (SB) transit stop,Open,2023-05-22,,1056,2.893150684931507,No,2023
11,Northcross Station (SB),Missing Shelter,CapMetro,SR23001123,Transit stop Northcross Station (SB) needs weather shelter,Closed,2023-06-22,2023-06-22,0,0.0,No,2023
11,Northcross Station (SB),Missing Shelter,CapMetro,SR23001076,No shelter at Northcross Station (SB) transit stop,Open,2023-07-10,,1007,2.758904109589041,Yes,2023
11,Northcross Station (SB),Missing Shelter,CapMetro,SR23001075,Request shelter installation at Northcross Station (SB),Open,2023-07-27,,990,2.712328767123288,Yes,2023
11,Northcross Station (SB),Missing Shelter,CapMetro,SR23001072,Bus stop at Northcross Station (SB) missing shelter - riders exposed to weather,Closed,2023-08-02,2023-08-02,0,0.0,No,2023
11,Northcross Station (SB),Missing Shelter,CapMetro,SR23001079,No weather protection at Northcross Station (SB) transit stop,Open,2023-08-20,,966,2.6465753424657534,Yes,2023
11,Northcross Station (SB),Missing Shelter,CapMetro,SR23001138,Bus stop at Northcross Station (SB) missing shelter - riders exposed to weather,Open,2023-08-26,,960,2.6301369863013697,Yes,2023
11,Northcross Station (SB),Missing Shelter,CapMetro,SR23001074,Transit stop Northcross Station (SB) needs shelter for rider protection,Closed,2023-10-20,2023-10-20,0,0.0,No,2023
11,Northcross Station (SB),Missing Shelter,CapMetro,SR23001115,Request shelter installation at Northcross Station (SB),Open,2023-11-25,,869,2.3808219178082193,Yes,2023
11,Northcross Station (SB),Missing Shelter,CapMetro,SR23001077,Transit stop Northcross Station (SB) needs shelter for rider protection,Open,2023-12-09,,855,2.3424657534246576,Yes,2023
11,Northcross Station (SB),Missing Shelter,CapMetro,SR23001143,Bus stop at Northcross Station (SB) missing shelter - riders exposed to weather,Open,2023-12-13,,851,2.3315068493150686,Yes,2023
11,Northcross Station (SB),Missing Shelter,CapMetro,SR23001116,Transit stop Northcross Station (SB) needs shelter for rider protection,Open,2023-12-14,,850,2.328767123287671,Yes,2023
11,Northcross Station (SB),Missing Shelter,CapMetro,SR23001144,No shelter at Northcross Station (SB) transit stop,Open,2024-01-22,,811,2.221917808219178,Yes,2024
11,Northcross Station (SB),Missing Shelter,CapMetro,SR23001112,Request shelter installation at Northcross Station (SB),Open,2024-04-02,,740,2.0273972602739727,Yes,2024
11,Northcross Station (SB),Missing Shelter,CapMetro,SR23001090,Bus stop at Northcross Station (SB) missing shelter - riders exposed to weather,Open,2024-05-23,,689,1.8876712328767122,Yes,2024
11,Northcross Station (SB),Missing Shelter,CapMetro,SR23001067,Request shelter installation at Northcross Station (SB),Open,2024-08-04,,616,1.6876712328767123,Yes,2024
11,Northcross Station (SB),Missing Shelter,CapMetro,SR23001120,Transit stop Northcross Station (SB) needs shelter for rider protection,Closed,2024-08-05,2024-08-05,0,0.0,No,2024
11,Northcross Station (SB),Missing Shelter,CapMetro,SR23001140,Transit stop Northcross Station (SB) needs weather shelter,Open,2024-09-02,,587,1.6082191780821917,Yes,2024
11,Northcross Station (SB),Missing Shelter,CapMetro,SR23001087,Request shelter installation at Northcross Station (SB),Closed,2024-10-14,2024-10-14,0,0.0,No,2024
11,Northcross Station (SB),Missing Shelter,CapMetro,SR23001128,No weather protection at Northcross Station (SB) transit stop,Open,2024-10-31,,528,1.4465753424657535,Yes,2024
11,Northcross Station (SB),Missing Shelter,CapMetro,SR23001104,Bus stop at Northcross Station (SB) missing shelter - riders exposed to weather,Closed,2024-12-09,2024-12-09,0,0.0,No,2024
11,Northcross Station (SB),Missing Shelter,CapMetro,SR23001136,Transit stop Northcross Station (SB) needs shelter for rider protection,Open,2024-12-15,,483,1.3232876712328767,Yes,2024
11,Northcross Station (SB),Missing Shelter,CapMetro,SR23001127,No shelter at Northcross Station (SB) transit stop,Closed,2024-12-25,2024-12-25,0,0.0,No,2024
11,Northcross Station (SB),Missing Shelter,CapMetro,SR23001094,Bus stop at Northcross Station (SB) missing shelter - riders exposed to weather,Open,2025-01-06,,461,1.263013698630137,Yes,2025
11,Northcross Station (SB),Missing Shelter,CapMetro,SR23001108,No shelter at Northcross Station (SB) transit stop,Open,2025-01-08,,459,1.2575342465753425,Yes,2025
11,Northcross Station (SB),Missing Shelter,CapMetro,SR23001088,Transit stop Northcross Station (SB) needs shelter for rider protection,Closed,2025-06-09,2025-06-09,0,0.0,No,2025
11,Northcross Station (SB),Missing Shelter,CapMetro,SR23001105,No shelter at Northcross Station (SB) transit stop,Open,2025-06-30,,286,0.7835616438356164,Yes,2025
11,Northcross Station (SB),Missing Shelter,CapMetro,SR23001133,No shelter at Northcross Station (SB) transit stop,Open,2025-07-21,,265,0.726027397260274,Yes,2025
11,Northcross Station (SB),Missing Shelter,CapMetro,SR23001117,Request shelter installation at Northcross Station (SB),Open,2025-09-07,,217,0.5945205479452055,Yes,2025
11,Northcross Station (SB),Missing Shelter,CapMetro,SR23001078,Transit stop Northcross Station (SB) needs shelter for rider protection,Open,2025-09-12,,212,0.5808219178082191,Yes,2025
11,Northcross Station (SB),Missing Shelter,CapMetro,SR23001101,No weather protection at Northcross Station (SB) transit stop,Open,2025-09-29,,195,0.5342465753424658,Yes,2025
11,Northcross Station (SB),Missing Shelter,CapMetro,SR23001134,Transit stop Northcross Station (SB) needs weather shelter,Open,2025-10-07,,187,0.5123287671232877,Yes,2025
11,Northcross Station (SB),Missing Shelter,CapMetro,SR23001069,Transit stop Northcross Station (SB) needs shelter for rider protection,Closed,2025-11-05,2025-11-05,0,0.0,No,2025
11,Northcross Station (SB),Missing Shelter,CapMetro,SR23001109,Request shelter installation at Northcross Station (SB),Open,2026-02-23,,48,0.13150684931506848,Yes,2026
11,Northcross Station (SB),Missing Shelter,CapMetro,SR23001142,Transit stop Northcross Station (SB) needs shelter for rider protection,Closed,2026-03-18,2026-03-18,0,0.0,No,2026
11,Northcross Station (SB),Other,TBD,SR23001097,Riders have nowhere to sit at Northcross Station (SB),Open,2023-12-31,,833,2.282191780821918,No,2023
11,Northcross Station (SB),Other,TBD,SR23001132,Riders have nowhere to sit at Northcross Station (SB),Open,2025-04-13,,364,0.9972602739726028,No,2025
11,Northcross Station (SB),Other,TBD,SR23001114,Riders have nowhere to sit at Northcross Station (SB),Open,2025-04-30,,347,0.9506849315068493,No,2025
11,Northcross Station (SB),Other,TBD,SR23001099,Riders have nowhere to sit at Northcross Station (SB),Open,2025-07-18,,268,0.7342465753424657,No,2025
11,Northcross Station (SB),Other,TBD,SR23001110,Riders have nowhere to sit at Northcross Station (SB),Closed,2025-07-31,2025-07-31,0,0.0,No,2025
11,Northcross Station (SB),Other,TBD,SR23001113,Riders have nowhere to sit at Northcross Station (SB),Closed,2026-02-23,2026-02-23,0,0.0,No,2026
11,Northcross Station (SB),Safety (Lighting),City of Austin,SR23001103,Safety concerns at Northcross Station (SB) bus stop after dark,Open,2024-02-02,,800,2.191780821917808,No,2024
11,Northcross Station (SB),Safety (Lighting),City of Austin,SR23001091,Safety concerns at Northcross Station (SB) bus stop after dark,Open,2025-04-28,,349,0.9561643835616438,No,2025
11,Northcross Station (SB),Safety (Lighting),City of Austin,SR23001071,Transit stop Northcross Station (SB) needs better lighting,Open,2025-07-27,,259,0.7095890410958904,No,2025
11,Northcross Station (SB),Safety (Lighting),City of Austin,SR23001121,Transit stop Northcross Station (SB) needs better lighting,Open,2025-08-25,,230,0.6301369863013698,No,2025
11,Northcross Station (SB),Safety (Lighting),City of Austin,SR23001106,Safety concerns at Northcross Station (SB) bus stop after dark,Open,2025-11-11,,152,0.41643835616438357,No,2025
11,Northcross Station (SB),Safety Concerns,City of Austin / CapMetro,SR23001092,Feeling unsafe waiting at Northcross Station (SB),Closed,2024-02-01,2024-02-01,0,0.0,No,2024
11,Northcross Station (SB),Safety Concerns,City of Austin / CapMetro,SR23001083,Feeling unsafe waiting at Northcross Station (SB),Open,2026-03-29,,14,0.038356164383561646,Yes,2026
11,Northcross Station (SB),Weather Exposure,CapMetro,SR23001100,Bus stop Northcross Station (SB) exposed to extreme heat/sun,Open,2023-11-26,,868,2.378082191780822,No,2023
11,Northcross Station (SB),Weather Exposure,CapMetro,SR23001093,Bus stop Northcross Station (SB) exposed to extreme heat/sun,Open,2024-03-02,,771,2.1123287671232878,No,2024
11,Northcross Station (SB),Weather Exposure,CapMetro,SR23001080,Riders getting wet at Northcross Station (SB) during rain,Open,2024-03-16,,757,2.073972602739726,No,2024
11,Northcross Station (SB),Weather Exposure,CapMetro,SR23001086,Bus stop Northcross Station (SB) exposed to extreme heat/sun,Open,2024-07-06,,645,1.7671232876712328,No,2024
11,Northcross Station (SB),Weather Exposure,CapMetro,SR23001119,Riders getting wet at Northcross Station (SB) during rain,Open,2024-09-12,,577,1.5808219178082192,No,2024
11,Northcross Station (SB),Weather Exposure,CapMetro,SR23001111,Riders getting wet at Northcross Station (SB) during rain,Open,2024-11-26,,502,1.3753424657534246,No,2024
11,Northcross Station (SB),Weather Exposure,CapMetro,SR23001084,Bus stop Northcross Station (SB) exposed to extreme heat/sun,Open,2025-02-06,,430,1.178082191780822,No,2025
11,Northcross Station (SB),Weather Exposure,CapMetro,SR23001068,Bus stop Northcross Station (SB) exposed to extreme heat/sun,Open,2025-08-03,,252,0.6904109589041096,No,2025
11,Northcross Station (SB),Weather Exposure,CapMetro,SR23001073,Bus stop Northcross Station (SB) exposed to extreme heat/sun,Open,2025-08-11,,244,0.6684931506849315,No,2025
11,Northcross Station (SB),Weather Exposure,CapMetro,SR23001098,Riders getting wet at Northcross Station (SB) during rain,Closed,2025-08-18,2025-08-18,0,0.0,No,2025
11,Northcross Station (SB),Weather Exposure,CapMetro,SR23001095,Riders getting wet at Northcross Station (SB) during rain,Open,2025-12-04,,129,0.35342465753424657,Yes,2025
10,Republic Square Station (NB),Missing Benches,CapMetro,SR23001007,Request bench installation at Republic Square Station (NB),Closed,2023-03-16,2023-03-16,0,0.0,No,2023
10,Republic Square Station (NB),Missing Benches,CapMetro,SR23001034,Request bench installation at Republic Square Station (NB),Open,2023-05-18,,1060,2.904109589041096,Yes,2023
10,Republic Square Station (NB),Missing Benches,CapMetro,SR23000989,Request bench installation at Republic Square Station (NB),Closed,2023-09-07,2023-09-07,0,0.0,No,2023
10,Republic Square Station (NB),Missing Benches,CapMetro,SR23000998,No benches at Republic Square Station (NB) bus stop,Closed,2023-11-05,2023-11-05,0,0.0,No,2023
10,Republic Square Station (NB),Missing Benches,CapMetro,SR23001019,No benches at Republic Square Station (NB) bus stop,Open,2024-01-07,,826,2.263013698630137,Yes,2024
10,Republic Square Station (NB),Missing Benches,CapMetro,SR23000988,Request bench installation at Republic Square Station (NB),Open,2024-01-15,,818,2.241095890410959,Yes,2024
10,Republic Square Station (NB),Missing Benches,CapMetro,SR23001056,Request bench installation at Republic Square Station (NB),Open,2024-01-30,,803,2.2,Yes,2024
10,Republic Square Station (NB),Missing Benches,CapMetro,SR23001066,Request bench installation at Republic Square Station (NB),Open,2024-02-24,,778,2.1315068493150684,Yes,2024
10,Republic Square Station (NB),Missing Benches,CapMetro,SR23001030,No benches at Republic Square Station (NB) bus stop,Open,2024-10-13,,546,1.4958904109589042,Yes,2024
10,Republic Square Station (NB),Missing Benches,CapMetro,SR23001048,Request bench installation at Republic Square Station (NB),Open,2024-10-23,,536,1.4684931506849315,Yes,2024
10,Republic Square Station (NB),Missing Benches,CapMetro,SR23001065,No benches at Republic Square Station (NB) bus stop,Open,2025-01-08,,459,1.2575342465753425,Yes,2025
10,Republic Square Station (NB),Missing Benches,CapMetro,SR23001024,No benches at Republic Square Station (NB) bus stop,Open,2025-01-19,,448,1.2273972602739727,Yes,2025
10,Republic Square Station (NB),Missing Benches,CapMetro,SR23001029,Request bench installation at Republic Square Station (NB),Open,2025-02-23,,413,1.1315068493150684,Yes,2025
10,Republic Square Station (NB),Missing Benches,CapMetro,SR23001050,No benches at Republic Square Station (NB) bus stop,Open,2025-04-04,,373,1.021917808219178,Yes,2025
10,Republic Square Station (NB),Missing Benches,CapMetro,SR23001002,Missing seating at Republic Square Station (NB) transit stop,Closed,2025-04-05,2025-04-05,0,0.0,No,2025
10,Republic Square Station (NB),Missing Benches,CapMetro,SR23001022,Request bench installation at Republic Square Station (NB),Closed,2025-05-21,2025-05-21,0,0.0,No,2025
10,Republic Square Station (NB),Missing Benches,CapMetro,SR23001005,No benches at Republic Square Station (NB) bus stop,Open,2025-10-30,,164,0.44931506849315067,Yes,2025
10,Republic Square Station (NB),Missing Benches,CapMetro,SR23001051,Missing seating at Republic Square Station (NB) transit stop,Open,2026-02-14,,57,0.15616438356164383,Yes,2026
10,Republic Square Station (NB),Missing Shelter,CapMetro,SR23001055,Transit stop Republic Square Station (NB) needs weather shelter,Open,2023-03-15,,1124,3.0794520547945203,No,2023
10,Republic Square Station (NB),Missing Shelter,CapMetro,SR23000997,Bus stop at Republic Square Station (NB) missing shelter - riders exposed to weather,Open,2023-04-09,,1099,3.010958904109589,No,2023
10,Republic Square Station (NB),Missing Shelter,CapMetro,SR23001041,Request shelter installation at Republic Square Station (NB),Closed,2023-04-09,2023-04-09,0,0.0,No,2023
10,Republic Square Station (NB),Missing Shelter,CapMetro,SR23001017,No weather protection at Republic Square Station (NB) transit stop,Open,2023-04-29,,1079,2.956164383561644,Yes,2023
10,Republic Square Station (NB),Missing Shelter,CapMetro,SR23001058,Bus stop at Republic Square Station (NB) missing shelter - riders exposed to weather,Closed,2023-06-11,2023-06-11,0,0.0,No,2023
10,Republic Square Station (NB),Missing Shelter,CapMetro,SR23001000,No shelter at Republic Square Station (NB) transit stop,Open,2023-08-09,,977,2.6767123287671235,Yes,2023
10,Republic Square Station (NB),Missing Shelter,CapMetro,SR23000990,No weather protection at Republic Square Station (NB) transit stop,Open,2023-11-19,,875,2.3972602739726026,Yes,2023
10,Republic Square Station (NB),Missing Shelter,CapMetro,SR23001061,Transit stop Republic Square Station (NB) needs weather shelter,Open,2023-12-31,,833,2.282191780821918,Yes,2023
10,Republic Square Station (NB),Missing Shelter,CapMetro,SR23000986,Bus stop at Republic Square Station (NB) missing shelter - riders exposed to weather,Open,2024-01-02,,831,2.276712328767123,Yes,2024
10,Republic Square Station (NB),Missing Shelter,CapMetro,SR23001060,No shelter at Republic Square Station (NB) transit stop,Open,2024-02-25,,777,2.128767123287671,Yes,2024
10,Republic Square Station (NB),Missing Shelter,CapMetro,SR23001001,Bus stop at Republic Square Station (NB) missing shelter - riders exposed to weather,Open,2024-04-03,,739,2.0246575342465754,Yes,2024
10,Republic Square Station (NB),Missing Shelter,CapMetro,SR23000999,Request shelter installation at Republic Square Station (NB),Open,2024-04-09,,733,2.0082191780821916,Yes,2024
10,Republic Square Station (NB),Missing Shelter,CapMetro,SR23001027,Transit stop Republic Square Station (NB) needs shelter for rider protection,Closed,2024-05-01,2024-05-01,0,0.0,No,2024
10,Republic Square Station (NB),Missing Shelter,CapMetro,SR23001040,No shelter at Republic Square Station (NB) transit stop,Closed,2024-05-27,2024-05-27,0,0.0,No,2024
10,Republic Square Station (NB),Missing Shelter,CapMetro,SR23001062,No shelter at Republic Square Station (NB) transit stop,Open,2024-06-11,,670,1.8356164383561644,Yes,2024
10,Republic Square Station (NB),Missing Shelter,CapMetro,SR23001016,No shelter at Republic Square Station (NB) transit stop,Closed,2024-06-14,2024-06-14,0,0.0,No,2024
10,Republic Square Station (NB),Missing Shelter,CapMetro,SR23000987,Bus stop at Republic Square Station (NB) missing shelter - riders exposed to weather,Open,2024-06-16,,665,1.821917808219178,Yes,2024
10,Republic Square Station (NB),Missing Shelter,CapMetro,SR23001044,Transit stop Republic Square Station (NB) needs weather shelter,Closed,2024-06-20,2024-06-20,0,0.0,No,2024
10,Republic Square Station (NB),Missing Shelter,CapMetro,SR23000993,Bus stop at Republic Square Station (NB) missing shelter - riders exposed to weather,Closed,2024-06-28,2024-06-28,0,0.0,No,2024
10,Republic Square Station (NB),Missing Shelter,CapMetro,SR23001014,Request shelter installation at Republic Square Station (NB),Open,2024-07-25,,626,1.715068493150685,Yes,2024
10,Republic Square Station (NB),Missing Shelter,CapMetro,SR23001020,No shelter at Republic Square Station (NB) transit stop,Open,2024-08-23,,597,1.6356164383561644,Yes,2024
10,Republic Square Station (NB),Missing Shelter,CapMetro,SR23001025,No shelter at Republic Square Station (NB) transit stop,Open,2024-09-19,,570,1.5616438356164384,Yes,2024
10,Republic Square Station (NB),Missing Shelter,CapMetro,SR23001031,Transit stop Republic Square Station (NB) needs shelter for rider protection,Open,2024-09-25,,564,1.5452054794520549,Yes,2024
10,Republic Square Station (NB),Missing Shelter,CapMetro,SR23001023,No weather protection at Republic Square Station (NB) transit stop,Open,2024-09-26,,563,1.5424657534246575,Yes,2024
10,Republic Square Station (NB),Missing Shelter,CapMetro,SR23001033,No shelter at Republic Square Station (NB) transit stop,Open,2024-10-05,,554,1.5178082191780822,Yes,2024
10,Republic Square Station (NB),Missing Shelter,CapMetro,SR23001026,Request shelter installation at Republic Square Station (NB),Open,2024-11-19,,509,1.3945205479452054,Yes,2024
10,Republic Square Station (NB),Missing Shelter,CapMetro,SR23001049,Transit stop Republic Square Station (NB) needs shelter for rider protection,Open,2025-01-20,,447,1.2246575342465753,Yes,2025
10,Republic Square Station (NB),Missing Shelter,CapMetro,SR23001045,No weather protection at Republic Square Station (NB) transit stop,Open,2025-04-20,,357,0.9780821917808219,Yes,2025
10,Republic Square Station (NB),Missing Shelter,CapMetro,SR23000996,Transit stop Republic Square Station (NB) needs shelter for rider protection,Open,2025-04-21,,356,0.9753424657534246,Yes,2025
10,Republic Square Station (NB),Missing Shelter,CapMetro,SR23001052,No weather protection at Republic Square Station (NB) transit stop,Open,2025-05-13,,334,0.915068493150685,Yes,2025
10,Republic Square Station (NB),Missing Shelter,CapMetro,SR23001035,Bus stop at Republic Square Station (NB) missing shelter - riders exposed to weather,Closed,2025-06-30,2025-06-30,0,0.0,No,2025
10,Republic Square Station (NB),Missing Shelter,CapMetro,SR23001028,Bus stop at Republic Square Station (NB) missing shelter - riders exposed to weather,Open,2025-07-07,,279,0.7643835616438356,Yes,2025
10,Republic Square Station (NB),Missing Shelter,CapMetro,SR23001015,No weather protection at Republic Square Station (NB) transit stop,Open,2025-07-24,,262,0.7178082191780822,Yes,2025
10,Republic Square Station (NB),Missing Shelter,CapMetro,SR23001043,Bus stop at Republic Square Station (NB) missing shelter - riders exposed to weather,Open,2025-07-26,,260,0.7123287671232876,Yes,2025
10,Republic Square Station (NB),Missing Shelter,CapMetro,SR23000991,Transit stop Republic Square Station (NB) needs shelter for rider protection,Open,2025-10-10,,184,0.5041095890410959,Yes,2025
10,Republic Square Station (NB),Missing Shelter,CapMetro,SR23001021,Transit stop Republic Square Station (NB) needs shelter for rider protection,Closed,2025-12-22,2025-12-22,0,0.0,No,2025
10,Republic Square Station (NB),Missing Shelter,CapMetro,SR23000994,No shelter at Republic Square Station (NB) transit stop,Open,2025-12-26,,107,0.29315068493150687,Yes,2025
10,Republic Square Station (NB),Missing Shelter,CapMetro,SR23001057,Request shelter installation at Republic Square Station (NB),Open,2026-01-13,,89,0.24383561643835616,Yes,2026
10,Republic Square Station (NB),Missing Shelter,CapMetro,SR23001003,Request shelter installation at Republic Square Station (NB),Open,2026-02-05,,66,0.18082191780821918,Yes,2026
10,Republic Square Station (NB),Missing Shelter,CapMetro,SR23001059,No shelter at Republic Square Station (NB) transit stop,Open,2026-03-14,,29,0.07945205479452055,Yes,2026
10,Republic Square Station (NB),Missing Shelter,CapMetro,SR23001011,Transit stop Republic Square Station (NB) needs shelter for rider protection,Open,2026-03-26,,17,0.04657534246575343,Yes,2026
10,Republic Square Station (NB),Missing Shelter,CapMetro,SR23001032,Request shelter installation at Republic Square Station (NB),Open,2026-04-09,,3,0.00821917808219178,Yes,2026
10,Republic Square Station (NB),Other,TBD,SR23001039,Riders have nowhere to sit at Republic Square Station (NB),Open,2023-01-29,,1169,3.202739726027397,No,2023
10,Republic Square Station (NB),Other,TBD,SR23001053,Riders have nowhere to sit at Republic Square Station (NB),Open,2023-08-15,,971,2.66027397260274,No,2023
10,Republic Square Station (NB),Other,TBD,SR23001004,Riders have nowhere to sit at Republic Square Station (NB),Open,2024-08-16,,604,1.6547945205479453,No,2024
10,Republic Square Station (NB),Other,TBD,SR23001047,Riders have nowhere to sit at Republic Square Station (NB),Open,2025-07-21,,265,0.726027397260274,No,2025
10,Republic Square Station (NB),Other,TBD,SR23001037,Riders have nowhere to sit at Republic Square Station (NB),Open,2025-09-05,,219,0.6,No,2025
10,Republic Square Station (NB),Other,TBD,SR23001054,Riders have nowhere to sit at Republic Square Station (NB),Open,2025-11-24,,139,0.38082191780821917,No,2025
10,Republic Square Station (NB),Other,TBD,SR23001046,Riders have nowhere to sit at Republic Square Station (NB),Open,2026-03-24,,19,0.052054794520547946,No,2026
10,Republic Square Station (NB),Safety (Lighting),City of Austin,SR23000995,Transit stop Republic Square Station (NB) needs better lighting,Open,2023-05-23,,1055,2.8904109589041096,No,2023
10,Republic Square Station (NB),Safety (Lighting),City of Austin,SR23001063,Transit stop Republic Square Station (NB) needs better lighting,Open,2024-01-15,,818,2.241095890410959,No,2024
10,Republic Square Station (NB),Safety (Lighting),City of Austin,SR23001042,Transit stop Republic Square Station (NB) needs better lighting,Open,2024-08-09,,611,1.673972602739726,No,2024
10,Republic Square Station (NB),Safety (Lighting),City of Austin,SR23001010,Transit stop Republic Square Station (NB) needs better lighting,Closed,2024-10-31,2024-10-31,0,0.0,No,2024
10,Republic Square Station (NB),Safety Concerns,City of Austin / CapMetro,SR23000985,Request safety improvements at Republic Square Station (NB) stop,Open,2023-02-21,,1146,3.1397260273972605,No,2023
10,Republic Square Station (NB),Safety Concerns,City of Austin / CapMetro,SR23001008,Request safety improvements at Republic Square Station (NB) stop,Closed,2023-04-07,2023-04-07,0,0.0,No,2023
10,Republic Square Station (NB),Safety Concerns,City of Austin / CapMetro,SR23001036,Feeling unsafe waiting at Republic Square Station (NB),Open,2023-08-22,,964,2.6410958904109587,Yes,2023
10,Republic Square Station (NB),Safety Concerns,City of Austin / CapMetro,SR23001038,Request safety improvements at Republic Square Station (NB) stop,Open,2025-01-08,,459,1.2575342465753425,Yes,2025
10,Republic Square Station (NB),Safety Concerns,City of Austin / CapMetro,SR23001006,Request safety improvements at Republic Square Station (NB) stop,Closed,2025-11-12,2025-11-12,0,0.0,No,2025
10,Republic Square Station (NB),Weather Exposure,CapMetro,SR23001009,Riders getting wet at Republic Square Station (NB) during rain,Open,2023-08-18,,968,2.652054794520548,No,2023
10,Republic Square Station (NB),Weather Exposure,CapMetro,SR23001012,Riders getting wet at Republic Square Station (NB) during rain,Open,2024-05-08,,704,1.9287671232876713,No,2024
10,Republic Square Station (NB),Weather Exposure,CapMetro,SR23001064,Bus stop Republic Square Station (NB) exposed to extreme heat/sun,Open,2024-05-13,,699,1.915068493150685,No,2024
10,Republic Square Station (NB),Weather Exposure,CapMetro,SR23001018,Bus stop Republic Square Station (NB) exposed to extreme heat/sun,Open,2025-09-12,,212,0.5808219178082191,No,2025
10,Republic Square Station (NB),Weather Exposure,CapMetro,SR23001013,Bus stop Republic Square Station (NB) exposed to extreme heat/sun,Closed,2025-10-20,2025-10-20,0,0.0,No,2025
10,Republic Square Station (NB),Weather Exposure,CapMetro,SR23000992,Riders getting wet at Republic Square Station (NB) during rain,Open,2026-02-26,,45,0.1232876712328767,Yes,2026
5,UT Dean Keeton Station (NB),Missing Benches,CapMetro,SR23000610,Request bench installation at UT Dean Keeton Station (NB),Open,2023-01-19,,1179,3.23013698630137,No,2023
5,UT Dean Keeton Station (NB),Missing Benches,CapMetro,SR23000574,Request bench installation at UT Dean Keeton Station (NB),Closed,2023-02-14,2023-02-14,0,0.0,No,2023
5,UT Dean Keeton Station (NB),Missing Benches,CapMetro,SR23000580,Missing seating at UT Dean Keeton Station (NB) transit stop,Open,2023-04-18,,1090,2.9863013698630136,Yes,2023
5,UT Dean Keeton Station (NB),Missing Benches,CapMetro,SR23000583,Missing seating at UT Dean Keeton Station (NB) transit stop,Closed,2023-06-17,2023-06-17,0,0.0,No,2023
5,UT Dean Keeton Station (NB),Missing Benches,CapMetro,SR23000532,Request bench installation at UT Dean Keeton Station (NB),Closed,2023-07-09,2023-07-09,0,0.0,No,2023
5,UT Dean Keeton Station (NB),Missing Benches,CapMetro,SR23000599,No benches at UT Dean Keeton Station (NB) bus stop,Open,2023-10-01,,924,2.5315068493150683,Yes,2023
5,UT Dean Keeton Station (NB),Missing Benches,CapMetro,SR23000572,Request bench installation at UT Dean Keeton Station (NB),Open,2023-10-22,,903,2.473972602739726,Yes,2023
5,UT Dean Keeton Station (NB),Missing Benches,CapMetro,SR23000561,No benches at UT Dean Keeton Station (NB) bus stop,Open,2023-11-24,,870,2.3835616438356166,Yes,2023
5,UT Dean Keeton Station (NB),Missing Benches,CapMetro,SR23000596,Request bench installation at UT Dean Keeton Station (NB),Open,2023-12-02,,862,2.361643835616438,Yes,2023
5,UT Dean Keeton Station (NB),Missing Benches,CapMetro,SR23000604,No benches at UT Dean Keeton Station (NB) bus stop,Open,2024-04-11,,731,2.0027397260273974,Yes,2024
5,UT Dean Keeton Station (NB),Missing Benches,CapMetro,SR23000550,No benches at UT Dean Keeton Station (NB) bus stop,Open,2024-05-12,,700,1.917808219178082,Yes,2024
5,UT Dean Keeton Station (NB),Missing Benches,CapMetro,SR23000558,Request bench installation at UT Dean Keeton Station (NB),Open,2024-06-26,,655,1.7945205479452055,Yes,2024
5,UT Dean Keeton Station (NB),Missing Benches,CapMetro,SR23000590,No benches at UT Dean Keeton Station (NB) bus stop,Closed,2024-07-02,2024-07-02,0,0.0,No,2024
5,UT Dean Keeton Station (NB),Missing Benches,CapMetro,SR23000570,Missing seating at UT Dean Keeton Station (NB) transit stop,Open,2024-07-19,,632,1.7315068493150685,Yes,2024
5,UT Dean Keeton Station (NB),Missing Benches,CapMetro,SR23000534,No benches at UT Dean Keeton Station (NB) bus stop,Closed,2024-07-23,2024-07-23,0,0.0,No,2024
5,UT Dean Keeton Station (NB),Missing Benches,CapMetro,SR23000595,Missing seating at UT Dean Keeton Station (NB) transit stop,Closed,2024-08-07,2024-08-07,0,0.0,No,2024
5,UT Dean Keeton Station (NB),Missing Benches,CapMetro,SR23000603,Missing seating at UT Dean Keeton Station (NB) transit stop,Open,2024-10-23,,536,1.4684931506849315,Yes,2024
5,UT Dean Keeton Station (NB),Missing Benches,CapMetro,SR23000554,No benches at UT Dean Keeton Station (NB) bus stop,Open,2024-11-25,,503,1.378082191780822,Yes,2024
5,UT Dean Keeton Station (NB),Missing Benches,CapMetro,SR23000542,Missing seating at UT Dean Keeton Station (NB) transit stop,Open,2024-12-07,,491,1.3452054794520547,Yes,2024
5,UT Dean Keeton Station (NB),Missing Benches,CapMetro,SR23000544,Request bench installation at UT Dean Keeton Station (NB),Closed,2025-03-16,2025-03-16,0,0.0,No,2025
5,UT Dean Keeton Station (NB),Missing Benches,CapMetro,SR23000615,No benches at UT Dean Keeton Station (NB) bus stop,Open,2025-03-24,,384,1.0520547945205478,Yes,2025
5,UT Dean Keeton Station (NB),Missing Benches,CapMetro,SR23000598,Missing seating at UT Dean Keeton Station (NB) transit stop,Open,2025-06-06,,310,0.8493150684931506,Yes,2025
5,UT Dean Keeton Station (NB),Missing Benches,CapMetro,SR23000556,Missing seating at UT Dean Keeton Station (NB) transit stop,Open,2025-06-12,,304,0.8328767123287671,Yes,2025
5,UT Dean Keeton Station (NB),Missing Benches,CapMetro,SR23000623,Request bench installation at UT Dean Keeton Station (NB),Open,2025-07-03,,283,0.7753424657534247,Yes,2025
5,UT Dean Keeton Station (NB),Missing Benches,CapMetro,SR23000584,No benches at UT Dean Keeton Station (NB) bus stop,Open,2025-10-28,,166,0.4547945205479452,Yes,2025
5,UT Dean Keeton Station (NB),Missing Benches,CapMetro,SR23000591,No benches at UT Dean Keeton Station (NB) bus stop,Open,2025-11-27,,136,0.3726027397260274,Yes,2025
5,UT Dean Keeton Station (NB),Missing Benches,CapMetro,SR23000565,No benches at UT Dean Keeton Station (NB) bus stop,Open,2025-11-29,,134,0.36712328767123287,Yes,2025
5,UT Dean Keeton Station (NB),Missing Benches,CapMetro,SR23000592,Missing seating at UT Dean Keeton Station (NB) transit stop,Open,2025-12-23,,110,0.3013698630136986,Yes,2025
5,UT Dean Keeton Station (NB),Missing Benches,CapMetro,SR23000573,No benches at UT Dean Keeton Station (NB) bus stop,Open,2025-12-24,,109,0.29863013698630136,Yes,2025
5,UT Dean Keeton Station (NB),Missing Benches,CapMetro,SR23000589,No benches at UT Dean Keeton Station (NB) bus stop,Closed,2026-02-04,2026-02-04,0,0.0,No,2026
5,UT Dean Keeton Station (NB),Missing Benches,CapMetro,SR23000538,No benches at UT Dean Keeton Station (NB) bus stop,Closed,2026-02-22,2026-02-22,0,0.0,No,2026
5,UT Dean Keeton Station (NB),Missing Shelter,CapMetro,SR23000618,No shelter at UT Dean Keeton Station (NB) transit stop,Open,2023-02-16,,1151,3.1534246575342464,No,2023
5,UT Dean Keeton Station (NB),Missing Shelter,CapMetro,SR23000569,Transit stop UT Dean Keeton Station (NB) needs shelter for rider protection,Open,2023-04-17,,1091,2.989041095890411,No,2023
5,UT Dean Keeton Station (NB),Missing Shelter,CapMetro,SR23000609,Bus stop at UT Dean Keeton Station (NB) missing shelter - riders exposed to weather,Closed,2023-05-05,2023-05-05,0,0.0,No,2023
5,UT Dean Keeton Station (NB),Missing Shelter,CapMetro,SR23000611,Request shelter installation at UT Dean Keeton Station (NB),Open,2023-06-20,,1027,2.813698630136986,Yes,2023
5,UT Dean Keeton Station (NB),Missing Shelter,CapMetro,SR23000585,No shelter at UT Dean Keeton Station (NB) transit stop,Open,2023-07-02,,1015,2.780821917808219,Yes,2023
5,UT Dean Keeton Station (NB),Missing Shelter,CapMetro,SR23000602,No weather protection at UT Dean Keeton Station (NB) transit stop,Open,2023-08-09,,977,2.6767123287671235,Yes,2023
5,UT Dean Keeton Station (NB),Missing Shelter,CapMetro,SR23000607,Transit stop UT Dean Keeton Station (NB) needs weather shelter,Open,2023-09-12,,943,2.5835616438356164,Yes,2023
5,UT Dean Keeton Station (NB),Missing Shelter,CapMetro,SR23000600,Bus stop at UT Dean Keeton Station (NB) missing shelter - riders exposed to weather,Closed,2023-09-22,2023-09-22,0,0.0,No,2023
5,UT Dean Keeton Station (NB),Missing Shelter,CapMetro,SR23000581,No shelter at UT Dean Keeton Station (NB) transit stop,Open,2023-09-30,,925,2.5342465753424657,Yes,2023
5,UT Dean Keeton Station (NB),Missing Shelter,CapMetro,SR23000546,Bus stop at UT Dean Keeton Station (NB) missing shelter - riders exposed to weather,Closed,2023-11-27,2023-11-27,0,0.0,No,2023
5,UT Dean Keeton Station (NB),Missing Shelter,CapMetro,SR23000543,Bus stop at UT Dean Keeton Station (NB) missing shelter - riders exposed to weather,Open,2023-12-13,,851,2.3315068493150686,Yes,2023
5,UT Dean Keeton Station (NB),Missing Shelter,CapMetro,SR23000559,No weather protection at UT Dean Keeton Station (NB) transit stop,Closed,2024-02-01,2024-02-01,0,0.0,No,2024
5,UT Dean Keeton Station (NB),Missing Shelter,CapMetro,SR23000527,Request shelter installation at UT Dean Keeton Station (NB),Open,2024-02-22,,780,2.136986301369863,Yes,2024
5,UT Dean Keeton Station (NB),Missing Shelter,CapMetro,SR23000529,Bus stop at UT Dean Keeton Station (NB) missing shelter - riders exposed to weather,Open,2024-02-22,,780,2.136986301369863,Yes,2024
5,UT Dean Keeton Station (NB),Missing Shelter,CapMetro,SR23000531,Transit stop UT Dean Keeton Station (NB) needs shelter for rider protection,Closed,2024-03-05,2024-03-05,0,0.0,No,2024
5,UT Dean Keeton Station (NB),Missing Shelter,CapMetro,SR23000614,Request shelter installation at UT Dean Keeton Station (NB),Open,2024-03-19,,754,2.0657534246575344,Yes,2024
5,UT Dean Keeton Station (NB),Missing Shelter,CapMetro,SR23000593,Bus stop at UT Dean Keeton Station (NB) missing shelter - riders exposed to weather,Open,2024-03-29,,744,2.0383561643835617,Yes,2024
5,UT Dean Keeton Station (NB),Missing Shelter,CapMetro,SR23000577,Transit stop UT Dean Keeton Station (NB) needs shelter for rider protection,Open,2024-04-26,,716,1.9616438356164383,Yes,2024
5,UT Dean Keeton Station (NB),Missing Shelter,CapMetro,SR23000588,Transit stop UT Dean Keeton Station (NB) needs shelter for rider protection,Open,2024-05-23,,689,1.8876712328767122,Yes,2024
5,UT Dean Keeton Station (NB),Missing Shelter,CapMetro,SR23000547,Request shelter installation at UT Dean Keeton Station (NB),Closed,2024-08-04,2024-08-04,0,0.0,No,2024
5,UT Dean Keeton Station (NB),Missing Shelter,CapMetro,SR23000528,No shelter at UT Dean Keeton Station (NB) transit stop,Open,2024-08-13,,607,1.663013698630137,Yes,2024
5,UT Dean Keeton Station (NB),Missing Shelter,CapMetro,SR23000576,Request shelter installation at UT Dean Keeton Station (NB),Closed,2024-09-15,2024-09-15,0,0.0,No,2024
5,UT Dean Keeton Station (NB),Missing Shelter,CapMetro,SR23000548,Transit stop UT Dean Keeton Station (NB) needs shelter for rider protection,Closed,2025-01-29,2025-01-29,0,0.0,No,2025
5,UT Dean Keeton Station (NB),Missing Shelter,CapMetro,SR23000567,No shelter at UT Dean Keeton Station (NB) transit stop,Open,2025-02-19,,417,1.1424657534246576,Yes,2025
5,UT Dean Keeton Station (NB),Missing Shelter,CapMetro,SR23000571,Transit stop UT Dean Keeton Station (NB) needs shelter for rider protection,Open,2025-03-26,,382,1.0465753424657533,Yes,2025
5,UT Dean Keeton Station (NB),Missing Shelter,CapMetro,SR23000540,No shelter at UT Dean Keeton Station (NB) transit stop,Open,2025-06-16,,300,0.821917808219178,Yes,2025
5,UT Dean Keeton Station (NB),Missing Shelter,CapMetro,SR23000605,No shelter at UT Dean Keeton Station (NB) transit stop,Closed,2025-06-27,2025-06-27,0,0.0,No,2025
5,UT Dean Keeton Station (NB),Missing Shelter,CapMetro,SR23000555,Transit stop UT Dean Keeton Station (NB) needs shelter for rider protection,Open,2025-07-07,,279,0.7643835616438356,Yes,2025
5,UT Dean Keeton Station (NB),Missing Shelter,CapMetro,SR23000541,Bus stop at UT Dean Keeton Station (NB) missing shelter - riders exposed to weather,Open,2025-08-16,,239,0.6547945205479452,Yes,2025
5,UT Dean Keeton Station (NB),Missing Shelter,CapMetro,SR23000545,Request shelter installation at UT Dean Keeton Station (NB),Open,2025-09-25,,199,0.5452054794520548,Yes,2025
5,UT Dean Keeton Station (NB),Missing Shelter,CapMetro,SR23000582,No shelter at UT Dean Keeton Station (NB) transit stop,Open,2025-09-30,,194,0.5315068493150685,Yes,2025
5,UT Dean Keeton Station (NB),Missing Shelter,CapMetro,SR23000560,Request shelter installation at UT Dean Keeton Station (NB),Open,2025-11-13,,150,0.410958904109589,Yes,2025
5,UT Dean Keeton Station (NB),Missing Shelter,CapMetro,SR23000575,Transit stop UT Dean Keeton Station (NB) needs weather shelter,Closed,2025-12-03,2025-12-03,0,0.0,No,2025
5,UT Dean Keeton Station (NB),Missing Shelter,CapMetro,SR23000586,Transit stop UT Dean Keeton Station (NB) needs shelter for rider protection,Open,2025-12-11,,122,0.33424657534246577,Yes,2025
5,UT Dean Keeton Station (NB),Missing Shelter,CapMetro,SR23000537,No shelter at UT Dean Keeton Station (NB) transit stop,Open,2026-02-03,,68,0.1863013698630137,Yes,2026
5,UT Dean Keeton Station (NB),Missing Shelter,CapMetro,SR23000622,Bus stop at UT Dean Keeton Station (NB) missing shelter - riders exposed to weather,Closed,2026-02-08,2026-02-08,0,0.0,No,2026
5,UT Dean Keeton Station (NB),Missing Shelter,CapMetro,SR23000597,Bus stop at UT Dean Keeton Station (NB) missing shelter - riders exposed to weather,Open,2026-02-24,,47,0.12876712328767123,Yes,2026
5,UT Dean Keeton Station (NB),Missing Shelter,CapMetro,SR23000566,Bus stop at UT Dean Keeton Station (NB) missing shelter - riders exposed to weather,Open,2026-02-26,,45,0.1232876712328767,Yes,2026
5,UT Dean Keeton Station (NB),Missing Shelter,CapMetro,SR23000624,No weather protection at UT Dean Keeton Station (NB) transit stop,Open,2026-03-04,,39,0.10684931506849316,Yes,2026
5,UT Dean Keeton Station (NB),Missing Shelter,CapMetro,SR23000539,Transit stop UT Dean Keeton Station (NB) needs shelter for rider protection,Open,2026-03-08,,35,0.0958904109589041,Yes,2026
5,UT Dean Keeton Station (NB),Missing Shelter,CapMetro,SR23000536,No shelter at UT Dean Keeton Station (NB) transit stop,Open,2026-03-13,,30,0.0821917808219178,Yes,2026
5,UT Dean Keeton Station (NB),Missing Shelter,CapMetro,SR23000535,Transit stop UT Dean Keeton Station (NB) needs weather shelter,Open,2026-04-03,,9,0.024657534246575342,Yes,2026
5,UT Dean Keeton Station (NB),Other,TBD,SR23000552,Riders have nowhere to sit at UT Dean Keeton Station (NB),Open,2023-01-22,,1176,3.221917808219178,No,2023
5,UT Dean Keeton Station (NB),Other,TBD,SR23000557,Riders have nowhere to sit at UT Dean Keeton Station (NB),Closed,2024-03-19,2024-03-19,0,0.0,No,2024
5,UT Dean Keeton Station (NB),Other,TBD,SR23000578,Riders have nowhere to sit at UT Dean Keeton Station (NB),Open,2024-11-30,,498,1.3643835616438356,Yes,2024
5,UT Dean Keeton Station (NB),Other,TBD,SR23000608,Riders have nowhere to sit at UT Dean Keeton Station (NB),Open,2025-02-26,,410,1.1232876712328768,Yes,2025
5,UT Dean Keeton Station (NB),Other,TBD,SR23000553,Riders have nowhere to sit at UT Dean Keeton Station (NB),Closed,2026-03-09,2026-03-09,0,0.0,No,2026
5,UT Dean Keeton Station (NB),Safety (Lighting),City of Austin,SR23000619,Safety concerns at UT Dean Keeton Station (NB) bus stop after dark,Closed,2023-03-11,2023-03-11,0,0.0,No,2023
5,UT Dean Keeton Station (NB),Safety (Lighting),City of Austin,SR23000606,Transit stop UT Dean Keeton Station (NB) needs better lighting,Closed,2023-04-27,2023-04-27,0,0.0,No,2023
5,UT Dean Keeton Station (NB),Safety (Lighting),City of Austin,SR23000613,Safety concerns at UT Dean Keeton Station (NB) bus stop after dark,Open,2023-06-27,,1020,2.7945205479452055,Yes,2023
5,UT Dean Keeton Station (NB),Safety (Lighting),City of Austin,SR23000621,Transit stop UT Dean Keeton Station (NB) needs better lighting,Open,2024-04-11,,731,2.0027397260273974,Yes,2024
5,UT Dean Keeton Station (NB),Safety (Lighting),City of Austin,SR23000616,Transit stop UT Dean Keeton Station (NB) needs better lighting,Open,2024-11-02,,526,1.441095890410959,Yes,2024
5,UT Dean Keeton Station (NB),Safety Concerns,City of Austin / CapMetro,SR23000533,Request safety improvements at UT Dean Keeton Station (NB) stop,Open,2023-03-22,,1117,3.0602739726027397,No,2023
5,UT Dean Keeton Station (NB),Safety Concerns,City of Austin / CapMetro,SR23000579,Feeling unsafe waiting at UT Dean Keeton Station (NB),Closed,2023-06-29,2023-06-29,0,0.0,No,2023
5,UT Dean Keeton Station (NB),Safety Concerns,City of Austin / CapMetro,SR23000601,Request safety improvements at UT Dean Keeton Station (NB) stop,Open,2024-07-04,,647,1.7726027397260273,Yes,2024
5,UT Dean Keeton Station (NB),Safety Concerns,City of Austin / CapMetro,SR23000530,Feeling unsafe waiting at UT Dean Keeton Station (NB),Open,2024-12-06,,492,1.347945205479452,Yes,2024
5,UT Dean Keeton Station (NB),Safety Concerns,City of Austin / CapMetro,SR23000594,Feeling unsafe waiting at UT Dean Keeton Station (NB),Closed,2025-04-27,2025-04-27,0,0.0,No,2025
5,UT Dean Keeton Station (NB),Safety Concerns,City of Austin / CapMetro,SR23000617,Request safety improvements at UT Dean Keeton Station (NB) stop,Open,2025-06-11,,305,0.8356164383561644,Yes,2025
5,UT Dean Keeton Station (NB),Safety Concerns,City of Austin / CapMetro,SR23000568,Feeling unsafe waiting at UT Dean Keeton Station (NB),Open,2026-01-09,,93,0.2547945205479452,Yes,2026
5,UT Dean Keeton Station (NB),Safety Concerns,City of Austin / CapMetro,SR23000551,Request safety improvements at UT Dean Keeton Station (NB) stop,Open,2026-01-29,,73,0.2,Yes,2026
5,UT Dean Keeton Station (NB),Weather Exposure,CapMetro,SR23000563,Riders getting wet at UT Dean Keeton Station (NB) during rain,Open,2023-09-30,,925,2.5342465753424657,No,2023
5,UT Dean Keeton Station (NB),Weather Exposure,CapMetro,SR23000564,Bus stop UT Dean Keeton Station (NB) exposed to extreme heat/sun,Open,2024-11-17,,511,1.4,No,2024
5,UT Dean Keeton Station (NB),Weather Exposure,CapMetro,SR23000587,Bus stop UT Dean Keeton Station (NB) exposed to extreme heat/sun,Open,2025-02-17,,419,1.1479452054794521,No,2025
5,UT Dean Keeton Station (NB),Weather Exposure,CapMetro,SR23000562,Bus stop UT Dean Keeton Station (NB) exposed to extreme heat/sun,Open,2025-03-22,,386,1.0575342465753426,No,2025
5,UT Dean Keeton Station (NB),Weather Exposure,CapMetro,SR23000612,Bus stop UT Dean Keeton Station (NB) exposed to extreme heat/sun,Open,2025-05-04,,343,0.9397260273972603,No,2025
5,UT Dean Keeton Station (NB),Weather Exposure,CapMetro,SR23000620,Bus stop UT Dean Keeton Station (NB) exposed to extreme heat/sun,Closed,2025-05-28,2025-05-28,0,0.0,No,2025
5,UT Dean Keeton Station (NB),Weather Exposure,CapMetro,SR23000549,Bus stop UT Dean Keeton Station (NB) exposed to extreme heat/sun,Closed,2025-10-08,2025-10-08,0,0.0,No,2025
6,Vic Mathias/Auditorium Shores (SB),Missing Benches,CapMetro,SR23000712,Request bench installation at Vic Mathias/Auditorium Shores (SB),Open,2023-05-04,,1074,2.9424657534246577,No,2023
6,Vic Mathias/Auditorium Shores (SB),Missing Benches,CapMetro,SR23000685,No benches at Vic Mathias/Auditorium Shores (SB) bus stop,Open,2023-09-16,,939,2.5726027397260274,No,2023
6,Vic Mathias/Auditorium Shores (SB),Missing Benches,CapMetro,SR23000675,Missing seating at Vic Mathias/Auditorium Shores (SB) transit stop,Open,2024-01-31,,802,2.197260273972603,No,2024
6,Vic Mathias/Auditorium Shores (SB),Missing Benches,CapMetro,SR23000697,Request bench installation at Vic Mathias/Auditorium Shores (SB),Open,2024-02-22,,780,2.136986301369863,No,2024
6,Vic Mathias/Auditorium Shores (SB),Missing Benches,CapMetro,SR23000663,No benches at Vic Mathias/Auditorium Shores (SB) bus stop,Open,2024-04-07,,735,2.0136986301369864,No,2024
6,Vic Mathias/Auditorium Shores (SB),Missing Benches,CapMetro,SR23000714,Request bench installation at Vic Mathias/Auditorium Shores (SB),Open,2024-08-10,,610,1.6712328767123288,No,2024
6,Vic Mathias/Auditorium Shores (SB),Missing Benches,CapMetro,SR23000642,No benches at Vic Mathias/Auditorium Shores (SB) bus stop,Open,2024-10-17,,542,1.484931506849315,No,2024
6,Vic Mathias/Auditorium Shores (SB),Missing Benches,CapMetro,SR23000713,No benches at Vic Mathias/Auditorium Shores (SB) bus stop,Open,2024-11-26,,502,1.3753424657534246,No,2024
6,Vic Mathias/Auditorium Shores (SB),Missing Benches,CapMetro,SR23000650,Request bench installation at Vic Mathias/Auditorium Shores (SB),Open,2024-12-05,,493,1.3506849315068492,No,2024
6,Vic Mathias/Auditorium Shores (SB),Missing Benches,CapMetro,SR23000654,Request bench installation at Vic Mathias/Auditorium Shores (SB),Open,2024-12-28,,470,1.2876712328767124,No,2024
6,Vic Mathias/Auditorium Shores (SB),Missing Benches,CapMetro,SR23000672,No benches at Vic Mathias/Auditorium Shores (SB) bus stop,Open,2025-08-12,,243,0.6657534246575343,No,2025
6,Vic Mathias/Auditorium Shores (SB),Missing Benches,CapMetro,SR23000688,Missing seating at Vic Mathias/Auditorium Shores (SB) transit stop,Open,2025-09-07,,217,0.5945205479452055,No,2025
6,Vic Mathias/Auditorium Shores (SB),Missing Benches,CapMetro,SR23000673,Missing seating at Vic Mathias/Auditorium Shores (SB) transit stop,Open,2025-11-12,,151,0.4136986301369863,No,2025
6,Vic Mathias/Auditorium Shores (SB),Missing Benches,CapMetro,SR23000627,No benches at Vic Mathias/Auditorium Shores (SB) bus stop,Open,2025-11-28,,135,0.3698630136986301,No,2025
6,Vic Mathias/Auditorium Shores (SB),Missing Benches,CapMetro,SR23000661,No benches at Vic Mathias/Auditorium Shores (SB) bus stop,Closed,2025-12-27,2025-12-27,0,0.0,No,2025
6,Vic Mathias/Auditorium Shores (SB),Missing Benches,CapMetro,SR23000701,Request bench installation at Vic Mathias/Auditorium Shores (SB),Closed,2025-12-30,2025-12-30,0,0.0,No,2025
6,Vic Mathias/Auditorium Shores (SB),Missing Benches,CapMetro,SR23000637,Request bench installation at Vic Mathias/Auditorium Shores (SB),Open,2026-02-22,,49,0.13424657534246576,Yes,2026
6,Vic Mathias/Auditorium Shores (SB),Missing Shelter,CapMetro,SR23000648,Bus stop at Vic Mathias/Auditorium Shores (SB) missing shelter - riders exposed to weather,Closed,2023-01-07,2023-01-07,0,0.0,No,2023
6,Vic Mathias/Auditorium Shores (SB),Missing Shelter,CapMetro,SR23000667,Bus stop at Vic Mathias/Auditorium Shores (SB) missing shelter - riders exposed to weather,Closed,2023-01-13,2023-01-13,0,0.0,No,2023
6,Vic Mathias/Auditorium Shores (SB),Missing Shelter,CapMetro,SR23000674,Transit stop Vic Mathias/Auditorium Shores (SB) needs weather shelter,Open,2023-01-16,,1182,3.2383561643835614,Yes,2023
6,Vic Mathias/Auditorium Shores (SB),Missing Shelter,CapMetro,SR23000680,Request shelter installation at Vic Mathias/Auditorium Shores (SB),Open,2023-02-02,,1165,3.191780821917808,Yes,2023
6,Vic Mathias/Auditorium Shores (SB),Missing Shelter,CapMetro,SR23000664,No shelter at Vic Mathias/Auditorium Shores (SB) transit stop,Open,2023-02-05,,1162,3.1835616438356165,Yes,2023
6,Vic Mathias/Auditorium Shores (SB),Missing Shelter,CapMetro,SR23000711,Bus stop at Vic Mathias/Auditorium Shores (SB) missing shelter - riders exposed to weather,Open,2023-02-07,,1160,3.1780821917808217,Yes,2023
6,Vic Mathias/Auditorium Shores (SB),Missing Shelter,CapMetro,SR23000683,No shelter at Vic Mathias/Auditorium Shores (SB) transit stop,Open,2023-03-15,,1124,3.0794520547945203,Yes,2023
6,Vic Mathias/Auditorium Shores (SB),Missing Shelter,CapMetro,SR23000644,Request shelter installation at Vic Mathias/Auditorium Shores (SB),Open,2023-04-14,,1094,2.9972602739726026,Yes,2023
6,Vic Mathias/Auditorium Shores (SB),Missing Shelter,CapMetro,SR23000649,Bus stop at Vic Mathias/Auditorium Shores (SB) missing shelter - riders exposed to weather,Open,2023-05-04,,1074,2.9424657534246577,Yes,2023
6,Vic Mathias/Auditorium Shores (SB),Missing Shelter,CapMetro,SR23000658,Bus stop at Vic Mathias/Auditorium Shores (SB) missing shelter - riders exposed to weather,Closed,2023-05-16,2023-05-16,0,0.0,No,2023
6,Vic Mathias/Auditorium Shores (SB),Missing Shelter,CapMetro,SR23000717,Transit stop Vic Mathias/Auditorium Shores (SB) needs shelter for rider protection,Open,2023-06-06,,1041,2.852054794520548,Yes,2023
6,Vic Mathias/Auditorium Shores (SB),Missing Shelter,CapMetro,SR23000702,Request shelter installation at Vic Mathias/Auditorium Shores (SB),Closed,2023-06-23,2023-06-23,0,0.0,No,2023
6,Vic Mathias/Auditorium Shores (SB),Missing Shelter,CapMetro,SR23000639,Transit stop Vic Mathias/Auditorium Shores (SB) needs weather shelter,Open,2023-07-06,,1011,2.76986301369863,Yes,2023
6,Vic Mathias/Auditorium Shores (SB),Missing Shelter,CapMetro,SR23000628,No shelter at Vic Mathias/Auditorium Shores (SB) transit stop,Open,2023-07-17,,1000,2.73972602739726,Yes,2023
6,Vic Mathias/Auditorium Shores (SB),Missing Shelter,CapMetro,SR23000668,Transit stop Vic Mathias/Auditorium Shores (SB) needs weather shelter,Closed,2023-07-26,2023-07-26,0,0.0,No,2023
6,Vic Mathias/Auditorium Shores (SB),Missing Shelter,CapMetro,SR23000641,Transit stop Vic Mathias/Auditorium Shores (SB) needs weather shelter,Open,2023-09-25,,930,2.547945205479452,Yes,2023
6,Vic Mathias/Auditorium Shores (SB),Missing Shelter,CapMetro,SR23000651,Bus stop at Vic Mathias/Auditorium Shores (SB) missing shelter - riders exposed to weather,Open,2023-10-08,,917,2.5123287671232877,Yes,2023
6,Vic Mathias/Auditorium Shores (SB),Missing Shelter,CapMetro,SR23000632,No shelter at Vic Mathias/Auditorium Shores (SB) transit stop,Open,2023-11-07,,887,2.43013698630137,Yes,2023
6,Vic Mathias/Auditorium Shores (SB),Missing Shelter,CapMetro,SR23000682,Bus stop at Vic Mathias/Auditorium Shores (SB) missing shelter - riders exposed to weather,Open,2023-11-22,,872,2.389041095890411,Yes,2023
6,Vic Mathias/Auditorium Shores (SB),Missing Shelter,CapMetro,SR23000699,Transit stop Vic Mathias/Auditorium Shores (SB) needs shelter for rider protection,Closed,2023-12-20,2023-12-20,0,0.0,No,2023
6,Vic Mathias/Auditorium Shores (SB),Missing Shelter,CapMetro,SR23000630,Bus stop at Vic Mathias/Auditorium Shores (SB) missing shelter - riders exposed to weather,Open,2023-12-28,,836,2.2904109589041095,Yes,2023
6,Vic Mathias/Auditorium Shores (SB),Missing Shelter,CapMetro,SR23000695,Bus stop at Vic Mathias/Auditorium Shores (SB) missing shelter - riders exposed to weather,Open,2024-02-10,,792,2.16986301369863,Yes,2024
6,Vic Mathias/Auditorium Shores (SB),Missing Shelter,CapMetro,SR23000716,No weather protection at Vic Mathias/Auditorium Shores (SB) transit stop,Open,2024-03-11,,762,2.0876712328767124,Yes,2024
6,Vic Mathias/Auditorium Shores (SB),Missing Shelter,CapMetro,SR23000669,Transit stop Vic Mathias/Auditorium Shores (SB) needs shelter for rider protection,Open,2024-03-27,,746,2.043835616438356,Yes,2024
6,Vic Mathias/Auditorium Shores (SB),Missing Shelter,CapMetro,SR23000670,Transit stop Vic Mathias/Auditorium Shores (SB) needs shelter for rider protection,Open,2024-04-04,,738,2.021917808219178,Yes,2024
6,Vic Mathias/Auditorium Shores (SB),Missing Shelter,CapMetro,SR23000660,No shelter at Vic Mathias/Auditorium Shores (SB) transit stop,Open,2024-04-06,,736,2.0164383561643837,Yes,2024
6,Vic Mathias/Auditorium Shores (SB),Missing Shelter,CapMetro,SR23000679,Transit stop Vic Mathias/Auditorium Shores (SB) needs weather shelter,Open,2024-04-15,,727,1.9917808219178081,Yes,2024
6,Vic Mathias/Auditorium Shores (SB),Missing Shelter,CapMetro,SR23000634,Transit stop Vic Mathias/Auditorium Shores (SB) needs shelter for rider protection,Closed,2024-04-19,2024-04-19,0,0.0,No,2024
6,Vic Mathias/Auditorium Shores (SB),Missing Shelter,CapMetro,SR23000666,Bus stop at Vic Mathias/Auditorium Shores (SB) missing shelter - riders exposed to weather,Open,2024-05-23,,689,1.8876712328767122,Yes,2024
6,Vic Mathias/Auditorium Shores (SB),Missing Shelter,CapMetro,SR23000692,No shelter at Vic Mathias/Auditorium Shores (SB) transit stop,Closed,2024-05-28,2024-05-28,0,0.0,No,2024
6,Vic Mathias/Auditorium Shores (SB),Missing Shelter,CapMetro,SR23000687,Transit stop Vic Mathias/Auditorium Shores (SB) needs shelter for rider protection,Open,2024-06-20,,661,1.810958904109589,Yes,2024
6,Vic Mathias/Auditorium Shores (SB),Missing Shelter,CapMetro,SR23000629,No shelter at Vic Mathias/Auditorium Shores (SB) transit stop,Closed,2024-09-22,2024-09-22,0,0.0,No,2024
6,Vic Mathias/Auditorium Shores (SB),Missing Shelter,CapMetro,SR23000694,Request shelter installation at Vic Mathias/Auditorium Shores (SB),Open,2024-10-01,,558,1.5287671232876712,Yes,2024
6,Vic Mathias/Auditorium Shores (SB),Missing Shelter,CapMetro,SR23000690,Bus stop at Vic Mathias/Auditorium Shores (SB) missing shelter - riders exposed to weather,Open,2024-10-30,,529,1.4493150684931506,Yes,2024
6,Vic Mathias/Auditorium Shores (SB),Missing Shelter,CapMetro,SR23000689,Bus stop at Vic Mathias/Auditorium Shores (SB) missing shelter - riders exposed to weather,Open,2024-12-17,,481,1.3178082191780822,Yes,2024
6,Vic Mathias/Auditorium Shores (SB),Missing Shelter,CapMetro,SR23000715,No weather protection at Vic Mathias/Auditorium Shores (SB) transit stop,Open,2025-01-11,,456,1.2493150684931507,Yes,2025
6,Vic Mathias/Auditorium Shores (SB),Missing Shelter,CapMetro,SR23000657,Request shelter installation at Vic Mathias/Auditorium Shores (SB),Closed,2025-01-15,2025-01-15,0,0.0,No,2025
6,Vic Mathias/Auditorium Shores (SB),Missing Shelter,CapMetro,SR23000645,Request shelter installation at Vic Mathias/Auditorium Shores (SB),Open,2025-01-26,,441,1.2082191780821918,Yes,2025
6,Vic Mathias/Auditorium Shores (SB),Missing Shelter,CapMetro,SR23000677,Transit stop Vic Mathias/Auditorium Shores (SB) needs shelter for rider protection,Open,2025-03-12,,396,1.084931506849315,Yes,2025
6,Vic Mathias/Auditorium Shores (SB),Missing Shelter,CapMetro,SR23000698,Transit stop Vic Mathias/Auditorium Shores (SB) needs weather shelter,Open,2025-03-26,,382,1.0465753424657533,Yes,2025
6,Vic Mathias/Auditorium Shores (SB),Missing Shelter,CapMetro,SR23000681,Bus stop at Vic Mathias/Auditorium Shores (SB) missing shelter - riders exposed to weather,Open,2025-03-28,,380,1.0410958904109588,Yes,2025
6,Vic Mathias/Auditorium Shores (SB),Missing Shelter,CapMetro,SR23000652,Transit stop Vic Mathias/Auditorium Shores (SB) needs weather shelter,Closed,2025-04-20,2025-04-20,0,0.0,No,2025
6,Vic Mathias/Auditorium Shores (SB),Missing Shelter,CapMetro,SR23000665,No weather protection at Vic Mathias/Auditorium Shores (SB) transit stop,Open,2025-06-01,,315,0.863013698630137,Yes,2025
6,Vic Mathias/Auditorium Shores (SB),Missing Shelter,CapMetro,SR23000653,No shelter at Vic Mathias/Auditorium Shores (SB) transit stop,Closed,2025-06-03,2025-06-03,0,0.0,No,2025
6,Vic Mathias/Auditorium Shores (SB),Missing Shelter,CapMetro,SR23000707,Transit stop Vic Mathias/Auditorium Shores (SB) needs shelter for rider protection,Open,2025-09-04,,220,0.6027397260273972,Yes,2025
6,Vic Mathias/Auditorium Shores (SB),Missing Shelter,CapMetro,SR23000662,Request shelter installation at Vic Mathias/Auditorium Shores (SB),Open,2025-09-19,,205,0.5616438356164384,Yes,2025
6,Vic Mathias/Auditorium Shores (SB),Missing Shelter,CapMetro,SR23000631,Request shelter installation at Vic Mathias/Auditorium Shores (SB),Open,2025-09-26,,198,0.5424657534246575,Yes,2025
6,Vic Mathias/Auditorium Shores (SB),Missing Shelter,CapMetro,SR23000684,No weather protection at Vic Mathias/Auditorium Shores (SB) transit stop,Closed,2025-12-29,2025-12-29,0,0.0,No,2025
6,Vic Mathias/Auditorium Shores (SB),Missing Shelter,CapMetro,SR23000655,Transit stop Vic Mathias/Auditorium Shores (SB) needs weather shelter,Open,2026-01-06,,96,0.26301369863013696,Yes,2026
6,Vic Mathias/Auditorium Shores (SB),Missing Shelter,CapMetro,SR23000719,Request shelter installation at Vic Mathias/Auditorium Shores (SB),Open,2026-01-17,,85,0.2328767123287671,Yes,2026
6,Vic Mathias/Auditorium Shores (SB),Missing Shelter,CapMetro,SR23000700,Bus stop at Vic Mathias/Auditorium Shores (SB) missing shelter - riders exposed to weather,Closed,2026-03-06,2026-03-06,0,0.0,No,2026
6,Vic Mathias/Auditorium Shores (SB),Other,TBD,SR23000691,Riders have nowhere to sit at Vic Mathias/Auditorium Shores (SB),Open,2023-02-26,,1141,3.126027397260274,No,2023
6,Vic Mathias/Auditorium Shores (SB),Other,TBD,SR23000696,Riders have nowhere to sit at Vic Mathias/Auditorium Shores (SB),Open,2023-08-13,,973,2.665753424657534,No,2023
6,Vic Mathias/Auditorium Shores (SB),Other,TBD,SR23000704,Riders have nowhere to sit at Vic Mathias/Auditorium Shores (SB),Open,2023-11-08,,886,2.4273972602739726,No,2023
6,Vic Mathias/Auditorium Shores (SB),Other,TBD,SR23000718,Riders have nowhere to sit at Vic Mathias/Auditorium Shores (SB),Open,2024-02-27,,775,2.1232876712328768,No,2024
6,Vic Mathias/Auditorium Shores (SB),Other,TBD,SR23000626,Riders have nowhere to sit at Vic Mathias/Auditorium Shores (SB),Closed,2024-04-24,2024-04-24,0,0.0,No,2024
6,Vic Mathias/Auditorium Shores (SB),Other,TBD,SR23000678,Riders have nowhere to sit at Vic Mathias/Auditorium Shores (SB),Open,2024-05-01,,711,1.9479452054794522,Yes,2024
6,Vic Mathias/Auditorium Shores (SB),Other,TBD,SR23000646,Riders have nowhere to sit at Vic Mathias/Auditorium Shores (SB),Closed,2024-09-06,2024-09-06,0,0.0,No,2024
6,Vic Mathias/Auditorium Shores (SB),Other,TBD,SR23000625,Riders have nowhere to sit at Vic Mathias/Auditorium Shores (SB),Open,2024-09-30,,559,1.5315068493150685,Yes,2024
6,Vic Mathias/Auditorium Shores (SB),Other,TBD,SR23000671,Riders have nowhere to sit at Vic Mathias/Auditorium Shores (SB),Open,2024-12-21,,477,1.3068493150684932,Yes,2024
6,Vic Mathias/Auditorium Shores (SB),Safety (Lighting),City of Austin,SR23000686,Safety concerns at Vic Mathias/Auditorium Shores (SB) bus stop after dark,Closed,2023-07-08,2023-07-08,0,0.0,No,2023
6,Vic Mathias/Auditorium Shores (SB),Safety (Lighting),City of Austin,SR23000706,Safety concerns at Vic Mathias/Auditorium Shores (SB) bus stop after dark,Closed,2025-02-19,2025-02-19,0,0.0,No,2025
6,Vic Mathias/Auditorium Shores (SB),Safety (Lighting),City of Austin,SR23000633,Safety concerns at Vic Mathias/Auditorium Shores (SB) bus stop after dark,Closed,2025-04-07,2025-04-07,0,0.0,No,2025
6,Vic Mathias/Auditorium Shores (SB),Safety Concerns,City of Austin / CapMetro,SR23000710,Request safety improvements at Vic Mathias/Auditorium Shores (SB) stop,Open,2023-11-02,,892,2.4438356164383563,No,2023
6,Vic Mathias/Auditorium Shores (SB),Safety Concerns,City of Austin / CapMetro,SR23000708,Feeling unsafe waiting at Vic Mathias/Auditorium Shores (SB),Open,2024-01-27,,806,2.208219178082192,No,2024
6,Vic Mathias/Auditorium Shores (SB),Safety Concerns,City of Austin / CapMetro,SR23000636,Request safety improvements at Vic Mathias/Auditorium Shores (SB) stop,Open,2025-06-09,,307,0.8410958904109589,No,2025
6,Vic Mathias/Auditorium Shores (SB),Safety Concerns,City of Austin / CapMetro,SR23000676,Feeling unsafe waiting at Vic Mathias/Auditorium Shores (SB),Open,2025-11-11,,152,0.41643835616438357,No,2025
6,Vic Mathias/Auditorium Shores (SB),Safety Concerns,City of Austin / CapMetro,SR23000705,Feeling unsafe waiting at Vic Mathias/Auditorium Shores (SB),Open,2026-02-03,,68,0.1863013698630137,No,2026
6,Vic Mathias/Auditorium Shores (SB),Weather Exposure,CapMetro,SR23000647,Riders getting wet at Vic Mathias/Auditorium Shores (SB) during rain,Closed,2023-01-20,2023-01-20,0,0.0,No,2023
6,Vic Mathias/Auditorium Shores (SB),Weather Exposure,CapMetro,SR23000640,Riders getting wet at Vic Mathias/Auditorium Shores (SB) during rain,Open,2023-07-30,,987,2.7041095890410958,Yes,2023
6,Vic Mathias/Auditorium Shores (SB),Weather Exposure,CapMetro,SR23000656,Bus stop Vic Mathias/Auditorium Shores (SB) exposed to extreme heat/sun,Closed,2024-03-02,2024-03-02,0,0.0,No,2024
6,Vic Mathias/Auditorium Shores (SB),Weather Exposure,CapMetro,SR23000638,Bus stop Vic Mathias/Auditorium Shores (SB) exposed to extreme heat/sun,Open,2024-06-30,,651,1.7835616438356163,Yes,2024
6,Vic Mathias/Auditorium Shores (SB),Weather Exposure,CapMetro,SR23000643,Bus stop Vic Mathias/Auditorium Shores (SB) exposed to extreme heat/sun,Open,2024-11-17,,511,1.4,Yes,2024
6,Vic Mathias/Auditorium Shores (SB),Weather Exposure,CapMetro,SR23000659,Riders getting wet at Vic Mathias/Auditorium Shores (SB) during rain,Open,2024-11-25,,503,1.378082191780822,Yes,2024
6,Vic Mathias/Auditorium Shores (SB),Weather Exposure,CapMetro,SR23000635,Bus stop Vic Mathias/Auditorium Shores (SB) exposed to extreme heat/sun,Open,2025-09-25,,199,0.5452054794520548,Yes,2025
6,Vic Mathias/Auditorium Shores (SB),Weather Exposure,CapMetro,SR23000703,Riders getting wet at Vic Mathias/Auditorium Shores (SB) during rain,Open,2025-12-27,,106,0.29041095890410956,Yes,2025
6,Vic Mathias/Auditorium Shores (SB),Weather Exposure,CapMetro,SR23000693,Riders getting wet at Vic Mathias/Auditorium Shores (SB) during rain,Open,2026-01-13,,89,0.24383561643835616,Yes,2026
6,Vic Mathias/Auditorium Shores (SB),Weather Exposure,CapMetro,SR23000709,Riders getting wet at Vic Mathias/Auditorium Shores (SB) during rain,Closed,2026-01-22,2026-01-22,0,0.0,No,2026
13,West 38th Station (SB),Missing Benches,CapMetro,SR23001286,Request bench installation at West 38th Station (SB),Open,2023-02-18,,1149,3.147945205479452,No,2023
13,West 38th Station (SB),Missing Benches,CapMetro,SR23001254,Missing seating at West 38th Station (SB) transit stop,Closed,2023-04-13,2023-04-13,0,0.0,No,2023
13,West 38th Station (SB),Missing Benches,CapMetro,SR23001270,No benches at West 38th Station (SB) bus stop,Open,2023-05-06,,1072,2.936986301369863,Yes,2023
13,West 38th Station (SB),Missing Benches,CapMetro,SR23001282,Request bench installation at West 38th Station (SB),Open,2023-05-15,,1063,2.9123287671232876,Yes,2023
13,West 38th Station (SB),Missing Benches,CapMetro,SR23001229,No benches at West 38th Station (SB) bus stop,Closed,2023-07-13,2023-07-13,0,0.0,No,2023
13,West 38th Station (SB),Missing Benches,CapMetro,SR23001234,Request bench installation at West 38th Station (SB),Closed,2024-06-22,2024-06-22,0,0.0,No,2024
13,West 38th Station (SB),Missing Benches,CapMetro,SR23001227,Missing seating at West 38th Station (SB) transit stop,Open,2024-09-27,,562,1.5397260273972602,Yes,2024
13,West 38th Station (SB),Missing Benches,CapMetro,SR23001275,Missing seating at West 38th Station (SB) transit stop,Open,2024-09-28,,561,1.536986301369863,Yes,2024
13,West 38th Station (SB),Missing Benches,CapMetro,SR23001287,Missing seating at West 38th Station (SB) transit stop,Open,2024-10-26,,533,1.4602739726027398,Yes,2024
13,West 38th Station (SB),Missing Benches,CapMetro,SR23001240,Request bench installation at West 38th Station (SB),Open,2024-11-20,,508,1.3917808219178083,Yes,2024
13,West 38th Station (SB),Missing Benches,CapMetro,SR23001277,Request bench installation at West 38th Station (SB),Closed,2025-08-28,2025-08-28,0,0.0,No,2025
13,West 38th Station (SB),Missing Benches,CapMetro,SR23001242,Missing seating at West 38th Station (SB) transit stop,Open,2025-09-28,,196,0.536986301369863,Yes,2025
13,West 38th Station (SB),Missing Shelter,CapMetro,SR23001258,No shelter at West 38th Station (SB) transit stop,Open,2023-02-27,,1140,3.1232876712328768,No,2023
13,West 38th Station (SB),Missing Shelter,CapMetro,SR23001241,Request shelter installation at West 38th Station (SB),Open,2023-03-12,,1127,3.0876712328767124,No,2023
13,West 38th Station (SB),Missing Shelter,CapMetro,SR23001243,Transit stop West 38th Station (SB) needs shelter for rider protection,Open,2023-03-13,,1126,3.084931506849315,No,2023
13,West 38th Station (SB),Missing Shelter,CapMetro,SR23001271,No shelter at West 38th Station (SB) transit stop,Closed,2023-03-17,2023-03-17,0,0.0,No,2023
13,West 38th Station (SB),Missing Shelter,CapMetro,SR23001273,No shelter at West 38th Station (SB) transit stop,Open,2023-03-17,,1122,3.073972602739726,No,2023
13,West 38th Station (SB),Missing Shelter,CapMetro,SR23001232,Request shelter installation at West 38th Station (SB),Closed,2023-04-09,2023-04-09,0,0.0,No,2023
13,West 38th Station (SB),Missing Shelter,CapMetro,SR23001247,Transit stop West 38th Station (SB) needs weather shelter,Open,2023-05-13,,1065,2.9178082191780823,Yes,2023
13,West 38th Station (SB),Missing Shelter,CapMetro,SR23001281,Request shelter installation at West 38th Station (SB),Closed,2023-07-08,2023-07-08,0,0.0,No,2023
13,West 38th Station (SB),Missing Shelter,CapMetro,SR23001262,Request shelter installation at West 38th Station (SB),Closed,2023-07-09,2023-07-09,0,0.0,No,2023
13,West 38th Station (SB),Missing Shelter,CapMetro,SR23001264,Bus stop at West 38th Station (SB) missing shelter - riders exposed to weather,Open,2023-07-24,,993,2.7205479452054795,Yes,2023
13,West 38th Station (SB),Missing Shelter,CapMetro,SR23001288,Bus stop at West 38th Station (SB) missing shelter - riders exposed to weather,Open,2023-08-26,,960,2.6301369863013697,Yes,2023
13,West 38th Station (SB),Missing Shelter,CapMetro,SR23001226,No shelter at West 38th Station (SB) transit stop,Closed,2023-09-01,2023-09-01,0,0.0,No,2023
13,West 38th Station (SB),Missing Shelter,CapMetro,SR23001272,Transit stop West 38th Station (SB) needs shelter for rider protection,Open,2023-09-05,,950,2.6027397260273974,Yes,2023
13,West 38th Station (SB),Missing Shelter,CapMetro,SR23001225,No shelter at West 38th Station (SB) transit stop,Open,2024-02-01,,801,2.1945205479452055,Yes,2024
13,West 38th Station (SB),Missing Shelter,CapMetro,SR23001238,Request shelter installation at West 38th Station (SB),Open,2024-02-22,,780,2.136986301369863,Yes,2024
13,West 38th Station (SB),Missing Shelter,CapMetro,SR23001223,No shelter at West 38th Station (SB) transit stop,Open,2024-05-17,,695,1.904109589041096,Yes,2024
13,West 38th Station (SB),Missing Shelter,CapMetro,SR23001255,Request shelter installation at West 38th Station (SB),Open,2024-06-01,,680,1.8630136986301369,Yes,2024
13,West 38th Station (SB),Missing Shelter,CapMetro,SR23001285,Transit stop West 38th Station (SB) needs weather shelter,Open,2024-06-02,,679,1.8602739726027397,Yes,2024
13,West 38th Station (SB),Missing Shelter,CapMetro,SR23001290,Transit stop West 38th Station (SB) needs weather shelter,Open,2024-09-11,,578,1.5835616438356164,Yes,2024
13,West 38th Station (SB),Missing Shelter,CapMetro,SR23001236,Transit stop West 38th Station (SB) needs shelter for rider protection,Open,2024-09-27,,562,1.5397260273972602,Yes,2024
13,West 38th Station (SB),Missing Shelter,CapMetro,SR23001249,No shelter at West 38th Station (SB) transit stop,Open,2024-09-29,,560,1.5342465753424657,Yes,2024
13,West 38th Station (SB),Missing Shelter,CapMetro,SR23001239,Bus stop at West 38th Station (SB) missing shelter - riders exposed to weather,Open,2024-10-17,,542,1.484931506849315,Yes,2024
13,West 38th Station (SB),Missing Shelter,CapMetro,SR23001291,Bus stop at West 38th Station (SB) missing shelter - riders exposed to weather,Open,2024-10-25,,534,1.463013698630137,Yes,2024
13,West 38th Station (SB),Missing Shelter,CapMetro,SR23001237,Request shelter installation at West 38th Station (SB),Open,2024-11-05,,523,1.4328767123287671,Yes,2024
13,West 38th Station (SB),Missing Shelter,CapMetro,SR23001284,Request shelter installation at West 38th Station (SB),Open,2024-12-07,,491,1.3452054794520547,Yes,2024
13,West 38th Station (SB),Missing Shelter,CapMetro,SR23001276,Transit stop West 38th Station (SB) needs shelter for rider protection,Open,2024-12-25,,473,1.295890410958904,Yes,2024
13,West 38th Station (SB),Missing Shelter,CapMetro,SR23001224,Request shelter installation at West 38th Station (SB),Open,2024-12-27,,471,1.2904109589041095,Yes,2024
13,West 38th Station (SB),Missing Shelter,CapMetro,SR23001268,Bus stop at West 38th Station (SB) missing shelter - riders exposed to weather,Open,2025-01-01,,466,1.2767123287671234,Yes,2025
13,West 38th Station (SB),Missing Shelter,CapMetro,SR23001283,Transit stop West 38th Station (SB) needs weather shelter,Open,2025-01-24,,443,1.2136986301369863,Yes,2025
13,West 38th Station (SB),Missing Shelter,CapMetro,SR23001278,Transit stop West 38th Station (SB) needs shelter for rider protection,Open,2025-01-25,,442,1.210958904109589,Yes,2025
13,West 38th Station (SB),Missing Shelter,CapMetro,SR23001265,Transit stop West 38th Station (SB) needs shelter for rider protection,Closed,2025-02-05,2025-02-05,0,0.0,No,2025
13,West 38th Station (SB),Missing Shelter,CapMetro,SR23001228,Request shelter installation at West 38th Station (SB),Closed,2025-04-13,2025-04-13,0,0.0,No,2025
13,West 38th Station (SB),Missing Shelter,CapMetro,SR23001289,No shelter at West 38th Station (SB) transit stop,Open,2025-05-19,,328,0.8986301369863013,Yes,2025
13,West 38th Station (SB),Missing Shelter,CapMetro,SR23001260,No shelter at West 38th Station (SB) transit stop,Open,2025-07-01,,285,0.7808219178082192,Yes,2025
13,West 38th Station (SB),Missing Shelter,CapMetro,SR23001222,Transit stop West 38th Station (SB) needs shelter for rider protection,Closed,2025-08-08,2025-08-08,0,0.0,No,2025
13,West 38th Station (SB),Missing Shelter,CapMetro,SR23001246,Bus stop at West 38th Station (SB) missing shelter - riders exposed to weather,Open,2025-08-31,,224,0.6136986301369863,Yes,2025
13,West 38th Station (SB),Missing Shelter,CapMetro,SR23001230,No shelter at West 38th Station (SB) transit stop,Open,2025-10-30,,164,0.44931506849315067,Yes,2025
13,West 38th Station (SB),Missing Shelter,CapMetro,SR23001244,Transit stop West 38th Station (SB) needs weather shelter,Open,2025-11-24,,139,0.38082191780821917,Yes,2025
13,West 38th Station (SB),Missing Shelter,CapMetro,SR23001248,Request shelter installation at West 38th Station (SB),Open,2025-11-27,,136,0.3726027397260274,Yes,2025
13,West 38th Station (SB),Missing Shelter,CapMetro,SR23001251,Bus stop at West 38th Station (SB) missing shelter - riders exposed to weather,Closed,2026-01-09,2026-01-09,0,0.0,No,2026
13,West 38th Station (SB),Missing Shelter,CapMetro,SR23001279,No shelter at West 38th Station (SB) transit stop,Open,2026-03-11,,32,0.08767123287671233,Yes,2026
13,West 38th Station (SB),Other,TBD,SR23001263,Riders have nowhere to sit at West 38th Station (SB),Open,2023-02-06,,1161,3.180821917808219,No,2023
13,West 38th Station (SB),Other,TBD,SR23001267,Riders have nowhere to sit at West 38th Station (SB),Open,2023-10-06,,919,2.5178082191780824,No,2023
13,West 38th Station (SB),Other,TBD,SR23001220,Riders have nowhere to sit at West 38th Station (SB),Open,2025-02-16,,420,1.1506849315068493,No,2025
13,West 38th Station (SB),Other,TBD,SR23001233,Riders have nowhere to sit at West 38th Station (SB),Open,2025-05-01,,346,0.947945205479452,No,2025
13,West 38th Station (SB),Safety (Lighting),City of Austin,SR23001269,Safety concerns at West 38th Station (SB) bus stop after dark,Open,2023-04-04,,1104,3.0246575342465754,No,2023
13,West 38th Station (SB),Safety (Lighting),City of Austin,SR23001250,Safety concerns at West 38th Station (SB) bus stop after dark,Closed,2024-07-30,2024-07-30,0,0.0,No,2024
13,West 38th Station (SB),Safety (Lighting),City of Austin,SR23001231,Transit stop West 38th Station (SB) needs better lighting,Closed,2025-06-04,2025-06-04,0,0.0,No,2025
13,West 38th Station (SB),Safety Concerns,City of Austin / CapMetro,SR23001280,Request safety improvements at West 38th Station (SB) stop,Open,2023-02-26,,1141,3.126027397260274,No,2023
13,West 38th Station (SB),Safety Concerns,City of Austin / CapMetro,SR23001274,Feeling unsafe waiting at West 38th Station (SB),Closed,2024-07-18,2024-07-18,0,0.0,No,2024
13,West 38th Station (SB),Safety Concerns,City of Austin / CapMetro,SR23001259,Feeling unsafe waiting at West 38th Station (SB),Open,2025-12-22,,111,0.3041095890410959,Yes,2025
13,West 38th Station (SB),Weather Exposure,CapMetro,SR23001245,Riders getting wet at West 38th Station (SB) during rain,Open,2023-01-04,,1194,3.271232876712329,No,2023
13,West 38th Station (SB),Weather Exposure,CapMetro,SR23001221,Riders getting wet at West 38th Station (SB) during rain,Open,2023-03-31,,1108,3.0356164383561643,No,2023
13,West 38th Station (SB),Weather Exposure,CapMetro,SR23001261,Bus stop West 38th Station (SB) exposed to extreme heat/sun,Open,2023-10-30,,895,2.452054794520548,No,2023
13,West 38th Station (SB),Weather Exposure,CapMetro,SR23001257,Riders getting wet at West 38th Station (SB) during rain,Open,2023-11-16,,878,2.4054794520547946,No,2023
13,West 38th Station (SB),Weather Exposure,CapMetro,SR23001252,Bus stop West 38th Station (SB) exposed to extreme heat/sun,Open,2024-05-18,,694,1.9013698630136986,No,2024
13,West 38th Station (SB),Weather Exposure,CapMetro,SR23001253,Bus stop West 38th Station (SB) exposed to extreme heat/sun,Closed,2024-09-25,2024-09-25,0,0.0,No,2024
13,West 38th Station (SB),Weather Exposure,CapMetro,SR23001266,Bus stop West 38th Station (SB) exposed to extreme heat/sun,Open,2025-05-02,,345,0.9452054794520548,Yes,2025
13,West 38th Station (SB),Weather Exposure,CapMetro,SR23001256,Bus stop West 38th Station (SB) exposed to extreme heat/sun,Open,2025-05-12,,335,0.9178082191780822,Yes,2025
13,West 38th Station (SB),Weather Exposure,CapMetro,SR23001235,Bus stop West 38th Station (SB) exposed to extreme heat/sun,Open,2026-02-25,,46,0.12602739726027398,Yes,2026
