geoid,tract_name,countyfp,centroid_lat,centroid_lon,council_district
48189950200,Census Tract 9502,189,34.211743,-101.717244,
48113014134,Census Tract 141.34,113,32.98231,-96.982954,
48201421802,Census Tract 4218.02,201,29.685661,-95.480862,
48125950300,Census Tract 9503,125,33.615363,-100.787617,
48219950400,Census Tract 9504,219,33.588907,-102.395307,
48113016626,Census Tract 166.26,113,32.584177,-96.942234,
48201410705,Census Tract 4107.05,201,29.736603,-95.394076,
48219950300,Census Tract 9503,219,33.586936,-102.341697,
48113018142,Census Tract 181.42,113,32.839568,-96.544888,
48201521401,Census Tract 5214.01,201,29.829259,-95.502415,
48505950401,Census Tract 9504.01,505,26.844204,-99.242335,
48219950100,Census Tract 9501,219,33.771555,-102.182265,
48219950600,Census Tract 9506,219,33.465992,-102.186138,
48085031007,Census Tract 310.07,085,33.158261,-96.538646,
48387950100,Census Tract 9501,387,33.573349,-94.8594,
48303010700,Census Tract 107,303,33.485891,-101.641332,
48209010806,Census Tract 108.06,209,30.152923,-98.049852,
48339694601,Census Tract 6946.01,339,30.420599,-95.755821,
48219950500,Census Tract 9505,219,33.565759,-102.372971,
48219950200,Census Tract 9502,219,33.658666,-102.379646,
48219950700,Census Tract 9507,219,33.444561,-102.453098,
48375014300,Census Tract 143,375,35.413786,-101.911364,
48375013900,Census Tract 139,375,35.243796,-101.822589,
48201530101,Census Tract 5301.01,201,29.815348,-95.452473,
48485013300,Census Tract 133,485,33.976876,-98.523721,
48375013400,Census Tract 134,375,35.277927,-101.8641,
48375015300,Census Tract 153,375,35.222953,-101.87583,
48375011800,Census Tract 118,375,35.20117,-101.893959,
48113016621,Census Tract 166.21,113,32.567969,-96.841323,
48113016623,Census Tract 166.23,113,32.562595,-96.879267,
48201453403,Census Tract 4534.03,201,29.669761,-95.585131,
48453001912,Census Tract 19.12,453,30.32576,-97.820508,10
48113015900,Census Tract 159,113,32.736211,-96.969213,
48113012604,Census Tract 126.04,113,32.842814,-96.646022,
48113013010,Census Tract 130.10,113,32.868815,-96.680233,
48113013622,Census Tract 136.22,113,32.949615,-96.811081,
48113013621,Census Tract 136.21,113,32.960545,-96.808758,
48113014135,Census Tract 141.35,113,32.973643,-96.982513,
48201312601,Census Tract 3126.01,201,29.721791,-95.384599,
48113018141,Census Tract 181.41,113,32.87204,-96.527651,
48113018137,Census Tract 181.37,113,32.862001,-96.560607,
48113018138,Census Tract 181.38,113,32.851047,-96.582055,
48201531000,Census Tract 5310,201,29.825175,-95.419989,
48113018140,Census Tract 181.40,113,32.918872,-96.564834,
48099010101,Census Tract 101.01,099,31.48249,-97.6332,
48099010300,Census Tract 103,099,31.433523,-97.770773,
48099010102,Census Tract 101.02,099,31.423932,-97.980684,
48099010501,Census Tract 105.01,099,31.145236,-97.826424,
48201542104,Census Tract 5421.04,201,29.837111,-95.710604,
48113019042,Census Tract 190.42,113,32.97365,-96.650708,
48113019050,Census Tract 190.50,113,32.970819,-96.630635,
48113019052,Census Tract 190.52,113,32.980196,-96.706957,
48113019053,Census Tract 190.53,113,32.967372,-96.710884,
48113019039,Census Tract 190.39,113,32.946517,-96.707416,
48113019213,Census Tract 192.13,113,32.936537,-96.754738,
48335950200,Census Tract 9502,335,32.415272,-100.851471,
48201453902,Census Tract 4539.02,201,29.678442,-95.622366,
48099010502,Census Tract 105.02,099,31.144121,-97.809176,
48099010804,Census Tract 108.04,099,31.117299,-97.8862,
48201312603,Census Tract 3126.03,201,29.726864,-95.377952,
48099010803,Census Tract 108.03,099,31.099686,-97.889214,
48099010201,Census Tract 102.01,099,31.478758,-97.721022,
48113013726,Census Tract 137.26,113,32.944905,-96.848552,
48113016624,Census Tract 166.24,113,32.565793,-96.917283,
48113016622,Census Tract 166.22,113,32.554762,-96.839316,
48305950400,Census Tract 9504,305,33.277149,-101.828451,
48305950600,Census Tract 9506,305,33.056457,-101.81544,
48305950500,Census Tract 9505,305,33.162176,-101.78311,
48187210506,Census Tract 2105.06,187,29.718333,-97.847381,
48113010903,Census Tract 109.03,113,32.676434,-96.886837,
48113001703,Census Tract 17.03,113,32.799536,-96.796884,
48113019212,Census Tract 192.12,113,32.934448,-96.75982,
48121020118,Census Tract 201.18,121,33.407184,-97.045523,
48121021528,Census Tract 215.28,121,33.158948,-96.869404,
48085031713,Census Tract 317.13,085,33.002234,-96.824747,
48121021535,Census Tract 215.35,121,33.139068,-96.906313,
48201221601,Census Tract 2216.01,201,29.892703,-95.406895,
48121020311,Census Tract 203.11,121,32.999189,-97.219866,
48121021410,Census Tract 214.10,121,33.119148,-97.062894,
48121021413,Census Tract 214.13,121,33.138092,-97.038715,
48201542901,Census Tract 5429.01,201,29.81473,-95.761866,
48121021411,Census Tract 214.11,121,33.11034,-97.00545,
48201330902,Census Tract 3309.02,201,29.605594,-95.404806,
48201432003,Census Tract 4320.03,201,29.734701,-95.487002,
48201431303,Census Tract 4313.03,201,29.740549,-95.49886,
48121021754,Census Tract 217.54,121,33.101005,-97.129479,
48121020312,Census Tract 203.12,121,33.005581,-97.260282,
48121020322,Census Tract 203.22,121,33.049753,-97.228658,
48121021537,Census Tract 215.37,121,33.130344,-96.941236,
48121021422,Census Tract 214.22,121,33.151829,-97.124017,
48121020319,Census Tract 203.19,121,33.068498,-97.332297,
48201432102,Census Tract 4321.02,201,29.733753,-95.507998,
48303001501,Census Tract 15.01,303,33.574182,-101.879093,
48121021756,Census Tract 217.56,121,32.997197,-97.072145,
48085031711,Census Tract 317.11,085,33.001956,-96.835732,
48121021412,Census Tract 214.12,121,33.162126,-97.034991,
48121020130,Census Tract 201.30,121,33.200002,-96.962086,
48201542203,Census Tract 5422.03,201,29.858328,-95.737167,
48121020136,Census Tract 201.36,121,33.195332,-96.943219,
48121021641,Census Tract 216.41,121,32.995047,-96.849479,
48201541302,Census Tract 5413.02,201,29.873029,-95.676386,
48121020128,Census Tract 201.28,121,33.240636,-96.865173,
48121020508,Census Tract 205.08,121,33.239529,-97.127062,
48121020132,Census Tract 201.32,121,33.185589,-96.89343,
48245006700,Census Tract 67,245,29.907868,-93.93483,
48121020133,Census Tract 201.33,121,33.193362,-96.89873,
48375010100,Census Tract 101,375,35.186512,-101.910334,
48375010300,Census Tract 103,375,35.187586,-101.874078,
48375010400,Census Tract 104,375,35.189024,-101.85743,
48113020300,Census Tract 203,113,32.7743,-96.766809,
48303002102,Census Tract 21.02,303,33.524271,-101.880147,
48113020500,Census Tract 205,113,32.783389,-96.86227,
48113020600,Census Tract 206,113,32.872722,-96.821605,
48113020700,Census Tract 207,113,32.963188,-96.871506,
48303000603,Census Tract 6.03,303,33.588409,-101.866299,
48339691302,Census Tract 6913.02,339,30.151586,-95.496382,
48339691602,Census Tract 6916.02,339,30.134015,-95.452652,
48375010200,Census Tract 102,375,35.187062,-101.892926,
48339693102,Census Tract 6931.02,339,30.2978,-95.416673,
48409011100,Census Tract 111,409,27.944975,-97.585921,
48201233105,Census Tract 2331.05,201,29.783003,-95.161371,
48201252201,Census Tract 2522.01,201,29.826571,-95.163959,
48201232404,Census Tract 2324.04,201,29.833263,-95.192846,
48201232203,Census Tract 2322.03,201,29.924027,-95.228332,
48201232306,Census Tract 2323.06,201,29.844271,-95.201122,
48201541603,Census Tract 5416.03,201,29.843025,-95.654499,
48201453601,Census Tract 4536.01,201,29.680073,-95.591272,
48201221701,Census Tract 2217.01,201,29.876881,-95.379745,
48201330801,Census Tract 3308.01,201,29.605443,-95.326497,
48201333502,Census Tract 3335.02,201,29.667012,-95.28479,
48201321301,Census Tract 3213.01,201,29.649426,-95.21907,
48201321102,Census Tract 3211.02,201,29.627846,-95.213604,
48201321002,Census Tract 3210.02,201,29.639887,-95.225786,
48201333903,Census Tract 3339.03,201,29.621783,-95.237683,
48201221301,Census Tract 2213.01,201,29.852456,-95.378256,
48201552401,Census Tract 5524.01,201,29.931456,-95.597069,
48201423304,Census Tract 4233.04,201,29.660754,-95.52035,
48201552402,Census Tract 5524.02,201,29.944864,-95.596525,
48201331603,Census Tract 3316.03,201,29.626768,-95.349949,
48201241201,Census Tract 2412.01,201,30.038404,-95.388932,
48201551202,Census Tract 5512.02,201,29.970876,-95.506244,
48201554805,Census Tract 5548.05,201,30.031181,-95.583542,
48201551201,Census Tract 5512.01,201,29.977948,-95.499204,
48201552502,Census Tract 5525.02,201,29.955454,-95.572642,
48339693503,Census Tract 6935.03,339,30.317959,-95.465096,
48201552501,Census Tract 5525.01,201,29.945474,-95.580267,
48201552603,Census Tract 5526.03,201,29.960845,-95.557183,
48201552604,Census Tract 5526.04,201,29.964142,-95.573931,
48245006800,Census Tract 68,245,29.91581,-93.944519,
48201552702,Census Tract 5527.02,201,29.981259,-95.557531,
48201551704,Census Tract 5517.04,201,29.900454,-95.576155,
48439111516,Census Tract 1115.16,439,32.666147,-97.124512,
48231961401,Census Tract 9614.01,231,33.012588,-96.231403,
48201552801,Census Tract 5528.01,201,29.986204,-95.536863,
48231961402,Census Tract 9614.02,231,33.115976,-96.259418,
48231961102,Census Tract 9611.02,231,33.055633,-96.027559,
48161000102,Census Tract 1.02,161,31.809513,-96.078282,
48161000101,Census Tract 1.01,161,31.828592,-96.191763,
48113009104,Census Tract 91.04,113,32.745541,-96.691838,
48201554807,Census Tract 5548.07,201,30.032572,-95.593209,
48201532101,Census Tract 5321.01,201,29.844037,-95.478001,
48201552003,Census Tract 5520.03,201,29.924803,-95.593735,
48321730700,Census Tract 7307,321,28.916096,-96.155906,
48201532504,Census Tract 5325.04,201,29.894027,-95.508418,
48201532503,Census Tract 5325.03,201,29.893309,-95.517939,
48029180504,Census Tract 1805.04,029,29.452101,-98.591951,
48201534204,Census Tract 5342.04,201,29.883307,-95.53666,
48201534205,Census Tract 5342.05,201,29.893962,-95.540975,
48201534102,Census Tract 5341.02,201,29.912294,-95.511535,
48201534101,Census Tract 5341.01,201,29.917097,-95.537531,
48201533903,Census Tract 5339.03,201,29.921866,-95.486143,
48201540101,Census Tract 5401.01,201,29.838307,-95.5863,
48201540102,Census Tract 5401.02,201,29.868592,-95.581272,
48201340102,Census Tract 3401.02,201,29.598888,-95.190439,
48201540903,Census Tract 5409.03,201,29.905934,-95.625542,
48201522002,Census Tract 5220.02,201,29.826331,-95.530775,
48201551101,Census Tract 5511.01,201,29.987126,-95.487705,
48201554905,Census Tract 5549.05,201,30.060763,-95.531507,
48029180602,Census Tract 1806.02,029,29.477755,-98.556266,
48201541005,Census Tract 5410.05,201,29.911975,-95.632499,
48201541004,Census Tract 5410.04,201,29.923299,-95.640396,
48201340101,Census Tract 3401.01,201,29.584199,-95.176149,
48201554804,Census Tract 5548.04,201,30.061996,-95.559411,
48201542902,Census Tract 5429.02,201,29.838707,-95.800019,
48201350102,Census Tract 3501.02,201,29.56447,-95.231078,
48201555002,Census Tract 5550.02,201,30.062073,-95.487141,
48201554906,Census Tract 5549.06,201,30.053082,-95.500891,
48201553804,Census Tract 5538.04,201,30.034991,-95.530263,
48201553803,Census Tract 5538.03,201,30.036952,-95.520702,
48201240804,Census Tract 2408.04,201,30.027414,-95.425315,
48201542303,Census Tract 5423.03,201,29.812825,-95.727218,
48201241302,Census Tract 2413.02,201,30.058464,-95.416249,
48201555704,Census Tract 5557.04,201,30.013155,-95.765979,
48201554404,Census Tract 5544.04,201,29.977581,-95.640576,
48029191101,Census Tract 1911.01,029,29.528994,-98.524136,
48201555505,Census Tract 5555.05,201,30.01463,-95.614918,
48355001906,Census Tract 19.06,355,27.716384,-97.429956,
48201250305,Census Tract 2503.05,201,29.968805,-95.213344,
48201250901,Census Tract 2509.01,201,30.043992,-95.164209,
48201521402,Census Tract 5214.02,201,29.824482,-95.503472,
48201555404,Census Tract 5554.04,201,30.08218,-95.617368,
48201520501,Census Tract 5205.01,201,29.814891,-95.471317,
48201521701,Census Tract 5217.01,201,29.858218,-95.530751,
48201551901,Census Tract 5519.01,201,29.90347,-95.586069,
48201422501,Census Tract 4225.01,201,29.674665,-95.501187,
48201240903,Census Tract 2409.03,201,30.027275,-95.300307,
48201240904,Census Tract 2409.04,201,30.01229,-95.27928,
48201411901,Census Tract 4119.01,201,29.728907,-95.40185,
48201241104,Census Tract 2411.04,201,30.05557,-95.364923,
48201541604,Census Tract 5416.04,201,29.835942,-95.67961,
48201241001,Census Tract 2410.01,201,30.035191,-95.344326,
48201330102,Census Tract 3301.02,201,29.634768,-95.416514,
48029180701,Census Tract 1807.01,029,29.500747,-98.570023,
48201350804,Census Tract 3508.04,201,29.512371,-95.149676,
48201251505,Census Tract 2515.05,201,30.056311,-95.171607,
48201554808,Census Tract 5548.08,201,30.03727,-95.575411,
48201550202,Census Tract 5502.02,201,29.956858,-95.431504,
48201550201,Census Tract 5502.01,201,29.96021,-95.421635,
48029150600,Census Tract 1506,029,29.375287,-98.510499,
48201551705,Census Tract 5517.05,201,29.918312,-95.57619,
48201521702,Census Tract 5217.02,201,29.84508,-95.506957,
48201552304,Census Tract 5523.04,201,29.96191,-95.598932,
48201550307,Census Tract 5503.07,201,30.003135,-95.449818,
48201550308,Census Tract 5503.08,201,29.989449,-95.428432,
48201252001,Census Tract 2520.01,201,29.942157,-95.187093,
48201554908,Census Tract 5549.08,201,30.088606,-95.546597,
48201520603,Census Tract 5206.03,201,29.806804,-95.487031,
48201521201,Census Tract 5212.01,201,29.807009,-95.503711,
48201431404,Census Tract 4314.04,201,29.743608,-95.481055,
48201250405,Census Tract 2504.05,201,29.988811,-95.169297,
48201250303,Census Tract 2503.03,201,29.943331,-95.239354,
48201250201,Census Tract 2502.01,201,29.950191,-95.256933,
48201542001,Census Tract 5420.01,201,29.820905,-95.714534,
48201532004,Census Tract 5320.04,201,29.849871,-95.465707,
48201532003,Census Tract 5320.03,201,29.860747,-95.470721,
48201541207,Census Tract 5412.07,201,29.902035,-95.676431,
48167990100,Census Tract 9901,167,29.465968,-94.762437,
48201340301,Census Tract 3403.01,201,29.593532,-95.125378,
48397040512,Census Tract 405.12,397,32.892223,-96.42597,
48035950100,Census Tract 9501,035,32.037326,-97.728346,
48035950400,Census Tract 9504,035,31.841249,-97.421528,
48035950300,Census Tract 9503,035,31.926275,-97.555751,
48035950700,Census Tract 9507,035,31.662611,-97.54043,
48201542402,Census Tract 5424.02,201,29.792791,-95.73886,
48201521100,Census Tract 5211,201,29.801767,-95.519701,
48035950600,Census Tract 9506,035,31.885039,-97.43308,
48035950200,Census Tract 9502,035,31.923392,-97.657699,
48491021506,Census Tract 215.06,491,30.551481,-97.637563,
48491020111,Census Tract 201.11,491,30.666135,-97.707313,
48375011500,Census Tract 115,375,35.202084,-101.85673,
48375010600,Census Tract 106,375,35.187366,-101.824156,
48375010700,Census Tract 107,375,35.18842,-101.80517,
48375011000,Census Tract 110,375,35.200862,-101.806567,
48201454801,Census Tract 4548.01,201,29.770752,-95.743391,
48201552901,Census Tract 5529.01,201,29.993766,-95.506196,
48201240703,Census Tract 2407.03,201,30.00076,-95.412694,
48201240101,Census Tract 2401.01,201,29.942794,-95.391701,
48201333906,Census Tract 3339.06,201,29.605666,-95.258046,
48201252303,Census Tract 2523.03,201,29.79368,-95.146829,
48201252305,Census Tract 2523.05,201,29.805857,-95.149743,
48201542004,Census Tract 5420.04,201,29.804493,-95.71251,
48201542401,Census Tract 5424.01,201,29.795392,-95.724528,
48201543004,Census Tract 5430.04,201,29.956583,-95.746119,
48201554407,Census Tract 5544.07,201,29.988702,-95.68577,
48201423303,Census Tract 4233.03,201,29.660145,-95.51088,
48201422403,Census Tract 4224.03,201,29.661773,-95.496703,
48201330901,Census Tract 3309.01,201,29.617472,-95.398344,
48201541901,Census Tract 5419.01,201,29.806745,-95.696223,
48201541301,Census Tract 5413.01,201,29.871938,-95.65287,
48201541402,Census Tract 5414.02,201,29.853756,-95.657411,
48029181200,Census Tract 1812,029,29.536797,-98.539217,
48201330802,Census Tract 3308.02,201,29.595161,-95.387,
48201421602,Census Tract 4216.02,201,29.702123,-95.480418,
48201413204,Census Tract 4132.04,201,29.699195,-95.4246,
48201541703,Census Tract 5417.03,201,29.802395,-95.66581,
48201555703,Census Tract 5557.03,201,30.000495,-95.748952,
48201540504,Census Tract 5405.04,201,29.846457,-95.643085,
48201454504,Census Tract 4545.04,201,29.758296,-95.693914,
48201542103,Census Tract 5421.03,201,29.857238,-95.696555,
48201451604,Census Tract 4516.04,201,29.768135,-95.632999,
48201550901,Census Tract 5509.01,201,29.951283,-95.493768,
48339693902,Census Tract 6939.02,339,30.324114,-95.423748,
48201334101,Census Tract 3341.01,201,29.6625,-95.39349,
48201240705,Census Tract 2407.05,201,30.014719,-95.40979,
48029181301,Census Tract 1813.01,029,29.54796,-98.559741,
48201250306,Census Tract 2503.06,201,29.968714,-95.207289,
48201550403,Census Tract 5504.03,201,29.972974,-95.431508,
48201553202,Census Tract 5532.02,201,30.031821,-95.445825,
48201241502,Census Tract 2415.02,201,29.944954,-95.296485,
48201250406,Census Tract 2504.06,201,29.984966,-95.186678,
48201241002,Census Tract 2410.02,201,30.056061,-95.337465,
48201550407,Census Tract 5504.07,201,29.977967,-95.457575,
48201550405,Census Tract 5504.05,201,29.99194,-95.469782,
48201550303,Census Tract 5503.03,201,29.976591,-95.427356,
48029181302,Census Tract 1813.02,029,29.542324,-98.563829,
48201240706,Census Tract 2407.06,201,29.979844,-95.399757,
48201454503,Census Tract 4545.03,201,29.771657,-95.709058,
48201555101,Census Tract 5551.01,201,30.078939,-95.488389,
48201541802,Census Tract 5418.02,201,29.791892,-95.700097,
48201250102,Census Tract 2501.02,201,29.976887,-95.247633,
48029180702,Census Tract 1807.02,029,29.49363,-98.584448,
48201543007,Census Tract 5430.07,201,29.947897,-95.703542,
48201543008,Census Tract 5430.08,201,29.886977,-95.68937,
48439104603,Census Tract 1046.03,439,32.685451,-97.270216,
48201553101,Census Tract 5531.01,201,30.021443,-95.466493,
48201541009,Census Tract 5410.09,201,29.912338,-95.659229,
48201240906,Census Tract 2409.06,201,30.023865,-95.317067,
48201540904,Census Tract 5409.04,201,29.889633,-95.633796,
48201452701,Census Tract 4527.01,201,29.696307,-95.618999,
48201522102,Census Tract 5221.02,201,29.815778,-95.531494,
48201522001,Census Tract 5220.01,201,29.82978,-95.538513,
48201554410,Census Tract 5544.10,201,29.959785,-95.653881,
48201341203,Census Tract 3412.03,201,29.541553,-95.097911,
48201555503,Census Tract 5555.03,201,30.03716,-95.653119,
48201311701,Census Tract 3117.01,201,29.699209,-95.312818,
48201232405,Census Tract 2324.05,201,29.821079,-95.192116,
48201220701,Census Tract 2207.01,201,29.841311,-95.350702,
48201320202,Census Tract 3202.02,201,29.689568,-95.271158,
48201320201,Census Tract 3202.01,201,29.700912,-95.2681,
48201313802,Census Tract 3138.02,201,29.688152,-95.376059,
48201313202,Census Tract 3132.02,201,29.707186,-95.369383,
48201313101,Census Tract 3131.01,201,29.706214,-95.382034,
48201430102,Census Tract 4301.02,201,29.776385,-95.47035,
48201510602,Census Tract 5106.02,201,29.774322,-95.417557,
48201510801,Census Tract 5108.01,201,29.766696,-95.416722,
48201510901,Census Tract 5109.01,201,29.780896,-95.421064,
48113012301,Census Tract 123.01,113,32.817454,-96.674738,
48113012302,Census Tract 123.02,113,32.807863,-96.6755,
48375011600,Census Tract 116,375,35.196438,-101.880891,
48201511004,Census Tract 5110.04,201,29.795037,-95.425684,
48201221302,Census Tract 2213.02,201,29.85232,-95.366238,
48201311501,Census Tract 3115.01,201,29.705238,-95.28683,
48201311502,Census Tract 3115.02,201,29.709965,-95.279565,
48201511502,Census Tract 5115.02,201,29.808688,-95.390368,
48201333203,Census Tract 3332.03,201,29.659794,-95.263057,
48201232901,Census Tract 2329.01,201,29.800394,-95.199561,
48201232802,Census Tract 2328.02,201,29.785189,-95.207688,
48201541206,Census Tract 5412.06,201,29.886437,-95.676694,
48201251504,Census Tract 2515.04,201,30.065873,-95.175292,
48201253501,Census Tract 2535.01,201,29.776487,-94.984891,
48201241105,Census Tract 2411.05,201,30.043916,-95.365276,
48201253201,Census Tract 2532.01,201,29.798856,-94.932333,
48201253602,Census Tract 2536.02,201,29.752277,-94.98552,
48201423204,Census Tract 4232.04,201,29.668492,-95.531817,
48201433602,Census Tract 4336.02,201,29.672965,-95.552511,
48201251702,Census Tract 2517.02,201,30.015722,-95.083905,
48157673105,Census Tract 6731.05,157,29.719088,-95.801113,
48201252202,Census Tract 2522.02,201,29.841291,-95.147369,
48201333205,Census Tract 3332.05,201,29.663038,-95.274999,
48085030303,Census Tract 303.03,085,33.23766,-96.779107,
48201253202,Census Tract 2532.02,201,29.789235,-94.990855,
48201452703,Census Tract 4527.03,201,29.69703,-95.639105,
48201422405,Census Tract 4224.05,201,29.659491,-95.507029,
48201251904,Census Tract 2519.04,201,29.937383,-95.103749,
48201253101,Census Tract 2531.01,201,29.811158,-94.991388,
48201323500,Census Tract 3235,201,29.663573,-95.201327,
48201252902,Census Tract 2529.02,201,29.81539,-95.041288,
48201433506,Census Tract 4335.06,201,29.67948,-95.554175,
48201321001,Census Tract 3210.01,201,29.632232,-95.228898,
48201314004,Census Tract 3140.04,201,29.687202,-95.397622,
48201432302,Census Tract 4323.02,201,29.73083,-95.546295,
48201551102,Census Tract 5511.02,201,29.96976,-95.476819,
48201240707,Census Tract 2407.07,201,29.979384,-95.414676,
48201411802,Census Tract 4118.02,201,29.728189,-95.418769,
48201533401,Census Tract 5334.01,201,29.891509,-95.433663,
48201421203,Census Tract 4212.03,201,29.723981,-95.487102,
48201452002,Census Tract 4520.02,201,29.731655,-95.601114,
48201451404,Census Tract 4514.04,201,29.750538,-95.621921,
48201541007,Census Tract 5410.07,201,29.938156,-95.670955,
48201250407,Census Tract 2504.07,201,29.970749,-95.190646,
48201240505,Census Tract 2405.05,201,29.95205,-95.394421,
48201554904,Census Tract 5549.04,201,30.070044,-95.521169,
48201554907,Census Tract 5549.07,201,30.077022,-95.534422,
48303002001,Census Tract 20.01,303,33.555997,-101.88346,
48201543006,Census Tract 5430.06,201,29.90896,-95.708362,
48201555305,Census Tract 5553.05,201,30.147498,-95.529141,
48201542107,Census Tract 5421.07,201,29.872243,-95.68786,
48201542201,Census Tract 5422.01,201,29.870262,-95.726161,
48303002002,Census Tract 20.02,303,33.555992,-101.874763,
48201233501,Census Tract 2335.01,201,29.764671,-95.233099,
48201440101,Census Tract 4401.01,201,29.650623,-95.559587,
48201551501,Census Tract 5515.01,201,29.946083,-95.558878,
48331950700,Census Tract 9507,331,30.65635,-97.005813,
48331950100,Census Tract 9501,331,30.940932,-96.943405,
48331950300,Census Tract 9503,331,30.78854,-97.220337,
48331950500,Census Tract 9505,331,30.749585,-96.790434,
48331950800,Census Tract 9508,331,30.59783,-97.135841,
48491020327,Census Tract 203.27,491,30.518246,-97.83291,
48491020323,Census Tract 203.23,491,30.534358,-97.853207,
48201323602,Census Tract 3236.02,201,29.63993,-95.18731,
48201250601,Census Tract 2506.01,201,29.988208,-95.264355,
48491020410,Census Tract 204.10,491,30.442969,-97.764175,6
48201312501,Census Tract 3125.01,201,29.743104,-95.369961,
48201510702,Census Tract 5107.02,201,29.768218,-95.403705,
48201431204,Census Tract 4312.04,201,29.745188,-95.503772,
48201533301,Census Tract 5333.01,201,29.872244,-95.418276,
48201221501,Census Tract 2215.01,201,29.862004,-95.392956,
48375011700,Census Tract 117,375,35.195281,-101.93104,
48375011900,Census Tract 119,375,35.206683,-101.875959,
48201410801,Census Tract 4108.01,201,29.736464,-95.404991,
48201432705,Census Tract 4327.05,201,29.725398,-95.496276,
48201313901,Census Tract 3139.01,201,29.694525,-95.383176,
48201314003,Census Tract 3140.03,201,29.691931,-95.397809,
48201314402,Census Tract 3144.02,201,29.688658,-95.410041,
48201412201,Census Tract 4122.01,201,29.70925,-95.40825,
48201411902,Census Tract 4119.02,201,29.726602,-95.392965,
48201313801,Census Tract 3138.01,201,29.688735,-95.369535,
48201350604,Census Tract 3506.04,201,29.541479,-95.184372,
48201222504,Census Tract 2225.04,201,29.923075,-95.404839,
48201333501,Census Tract 3335.01,201,29.668301,-95.280157,
48201333302,Census Tract 3333.02,201,29.637486,-95.25946,
48201552902,Census Tract 5529.02,201,29.994543,-95.517822,
48201431505,Census Tract 4315.05,201,29.754609,-95.484253,
48201520302,Census Tract 5203.02,201,29.798728,-95.480257,
48201520301,Census Tract 5203.01,201,29.798686,-95.471936,
48201410704,Census Tract 4107.04,201,29.742238,-95.38543,
48201511003,Census Tract 5110.03,201,29.795444,-95.433974,
48201511202,Census Tract 5112.02,201,29.804212,-95.417288,
48201432706,Census Tract 4327.06,201,29.729173,-95.493796,
48201511501,Census Tract 5115.01,201,29.808323,-95.405818,
48201350803,Census Tract 3508.03,201,29.529902,-95.149632,
48201554809,Census Tract 5548.09,201,30.05377,-95.575363,
48201532102,Census Tract 5321.02,201,29.849337,-95.485998,
48201532302,Census Tract 5323.02,201,29.855131,-95.495251,
48085030304,Census Tract 303.04,085,33.241332,-96.812388,
48201350104,Census Tract 3501.04,201,29.594251,-95.256143,
48201551601,Census Tract 5516.01,201,29.929865,-95.55655,
48201411504,Census Tract 4115.04,201,29.735393,-95.432953,
48201411506,Census Tract 4115.06,201,29.733068,-95.439459,
48201411505,Census Tract 4115.05,201,29.735571,-95.444736,
48201220702,Census Tract 2207.02,201,29.827462,-95.348507,
48201341001,Census Tract 3410.01,201,29.552006,-95.13649,
48029180503,Census Tract 1805.03,029,29.460605,-98.594685,
48201251903,Census Tract 2519.03,201,29.958112,-95.116828,
48201322702,Census Tract 3227.02,201,29.706033,-95.166809,
48201431902,Census Tract 4319.02,201,29.736482,-95.464126,
48201431803,Census Tract 4318.03,201,29.745855,-95.465404,
48485013401,Census Tract 134.01,485,33.972876,-98.50677,
48485980000,Census Tract 9800,485,33.989604,-98.496627,
48375012000,Census Tract 120,375,35.215093,-101.859714,
48375012200,Census Tract 122,375,35.21616,-101.812482,
48375012600,Census Tract 126,375,35.230392,-101.785826,
48201431701,Census Tract 4317.01,201,29.762256,-95.462285,
48201431702,Census Tract 4317.02,201,29.756746,-95.470479,
48201431804,Census Tract 4318.04,201,29.747983,-95.459054,
48167721211,Census Tract 7212.11,167,29.500001,-95.015798,
48201430101,Census Tract 4301.01,201,29.780249,-95.463874,
48201510902,Census Tract 5109.02,201,29.78619,-95.434341,
48441980000,Census Tract 9800,441,32.411173,-99.684111,
48201510802,Census Tract 5108.02,201,29.771383,-95.438602,
48201232704,Census Tract 2327.04,201,29.797785,-95.211813,
48201232703,Census Tract 2327.03,201,29.773256,-95.22173,
48201341102,Census Tract 3411.02,201,29.547289,-95.118242,
48201431901,Census Tract 4319.01,201,29.729583,-95.464623,
48201431506,Census Tract 4315.06,201,29.756273,-95.479907,
48201232902,Census Tract 2329.02,201,29.800392,-95.187205,
48201510601,Census Tract 5106.01,201,29.773847,-95.403195,
48201510302,Census Tract 5103.02,201,29.786898,-95.382484,
48201333204,Census Tract 3332.04,201,29.659682,-95.274551,
48201312902,Census Tract 3129.02,201,29.714686,-95.364616,
48201312901,Census Tract 3129.01,201,29.714189,-95.35729,
48201410202,Census Tract 4102.02,201,29.755007,-95.391867,
48201350101,Census Tract 3501.01,201,29.569717,-95.208599,
48201411507,Census Tract 4115.07,201,29.738167,-95.438503,
48201411301,Census Tract 4113.01,201,29.753034,-95.452992,
48201410502,Census Tract 4105.02,201,29.7491,-95.385082,
48201350103,Census Tract 3501.03,201,29.570329,-95.250187,
48085031003,Census Tract 310.03,085,33.204321,-96.531238,
48085030302,Census Tract 303.02,085,33.241016,-96.755399,
48375012800,Census Tract 128,375,35.228274,-101.820658,
48375013000,Census Tract 130,375,35.236687,-101.856778,
48375013200,Census Tract 132,375,35.214028,-101.892229,
48085030529,Census Tract 305.29,085,33.181281,-96.725466,
48085032010,Census Tract 320.10,085,33.014463,-96.645576,
48085031202,Census Tract 312.02,085,33.001936,-96.399588,
48085030201,Census Tract 302.01,085,33.261876,-96.53505,
48085031201,Census Tract 312.01,085,33.045819,-96.378597,
48061010500,Census Tract 105,061,26.202831,-97.713236,
48375015400,Census Tract 154,375,35.204827,-101.830014,
48085031657,Census Tract 316.57,085,33.084366,-96.806289,
48375014401,Census Tract 144.01,375,35.242959,-101.658434,
48375980000,Census Tract 9800,375,35.218243,-101.702566,
48055960400,Census Tract 9604,055,29.901732,-97.691174,
48055960300,Census Tract 9603,055,29.876243,-97.699038,
48055960600,Census Tract 9606,055,29.754437,-97.528816,
48055960200,Census Tract 9602,055,29.86104,-97.638947,
48085030801,Census Tract 308.01,085,33.17537,-96.632914,
48085030702,Census Tract 307.02,085,33.203618,-96.624893,
48085031660,Census Tract 316.60,085,33.090237,-96.795593,
48085030701,Census Tract 307.01,085,33.22639,-96.616639,
48085030605,Census Tract 306.05,085,33.226379,-96.662881,
48201231800,Census Tract 2318,201,29.876369,-95.307783,
48085030531,Census Tract 305.31,085,33.185024,-96.705619,
48439113005,Census Tract 1130.05,439,32.750378,-97.049885,
48439122001,Census Tract 1220.01,439,32.724403,-97.07131,
48439122002,Census Tract 1220.02,439,32.731615,-97.071455,
48439121907,Census Tract 1219.07,439,32.724325,-97.051543,
48439121904,Census Tract 1219.04,439,32.721254,-97.058488,
48439121908,Census Tract 1219.08,439,32.714214,-97.051777,
48303002203,Census Tract 22.03,303,33.538637,-101.864975,
48439111306,Census Tract 1113.06,439,32.567788,-97.160384,
48503950401,Census Tract 9504.01,503,33.139824,-98.509513,
48503950402,Census Tract 9504.02,503,33.107302,-98.759138,
48349970301,Census Tract 9703.01,349,32.134085,-96.605141,
48349970302,Census Tract 9703.02,349,32.071383,-96.60412,
48349970901,Census Tract 9709.01,349,32.009747,-96.50224,
48439111522,Census Tract 1115.22,439,32.698922,-97.089164,
48201210500,Census Tract 2105,201,29.795255,-95.360392,
48423001502,Census Tract 15.02,423,32.508135,-95.216593,
48423001407,Census Tract 14.07,423,32.497423,-95.366754,
48423001701,Census Tract 17.01,423,32.415894,-95.215603,
48423002013,Census Tract 20.13,423,32.223404,-95.30152,
48423001405,Census Tract 14.05,423,32.562472,-95.549653,
48423001501,Census Tract 15.01,423,32.52261,-95.063296,
48201231900,Census Tract 2319,201,29.879085,-95.274573,
48251130100,Census Tract 1301,251,32.418986,-97.549868,
48251130900,Census Tract 1309,251,32.362386,-97.374163,
48061011601,Census Tract 116.01,061,26.11237,-97.623375,
48423002012,Census Tract 20.12,423,32.260943,-95.302466,
48423001605,Census Tract 16.05,423,32.437994,-95.340454,
48423001702,Census Tract 17.02,423,32.443368,-95.274724,
48423001917,Census Tract 19.17,423,32.277948,-95.352274,
48423001916,Census Tract 19.16,423,32.258786,-95.332717,
48423002010,Census Tract 20.10,423,32.287591,-95.25953,
48423001805,Census Tract 18.05,423,32.33379,-95.05539,
48423001804,Census Tract 18.04,423,32.394109,-95.100062,
48423001607,Census Tract 16.07,423,32.33912,-95.400279,
48423001406,Census Tract 14.06,423,32.45732,-95.486537,
48423001913,Census Tract 19.13,423,32.222559,-95.443034,
48423001909,Census Tract 19.09,423,32.296664,-95.314133,
48423001806,Census Tract 18.06,423,32.327491,-95.206704,
48423001910,Census Tract 19.10,423,32.284131,-95.311,
48423001608,Census Tract 16.08,423,32.380564,-95.357431,
48423002011,Census Tract 20.11,423,32.25941,-95.244862,
48423001807,Census Tract 18.07,423,32.307224,-95.21362,
48423001408,Census Tract 14.08,423,32.443255,-95.43925,
48029180800,Census Tract 1808,029,29.492875,-98.551248,
48423001915,Census Tract 19.15,423,32.159524,-95.387978,
48423001914,Census Tract 19.14,423,32.168061,-95.299645,
48423001912,Census Tract 19.12,423,32.160019,-95.444169,
48423001911,Census Tract 19.11,423,32.28229,-95.320548,
48423001606,Census Tract 16.06,423,32.405721,-95.403394,
48201221400,Census Tract 2214,201,29.853436,-95.391567,
48029181402,Census Tract 1814.02,029,29.512245,-98.580312,
48085030525,Census Tract 305.25,085,33.192904,-96.722727,
48085030516,Census Tract 305.16,085,33.161493,-96.706885,
48201541701,Census Tract 5417.01,201,29.820462,-95.656259,
48085030511,Census Tract 305.11,085,33.138836,-96.758055,
48201210600,Census Tract 2106,201,29.80704,-95.36536,
48201210700,Census Tract 2107,201,29.806731,-95.353521,
48085031411,Census Tract 314.11,085,33.068195,-96.63602,
48363000300,Census Tract 3,363,32.680242,-98.211275,
48363000200,Census Tract 2,363,32.673266,-98.485899,
48363000100,Census Tract 1,363,32.93072,-98.316729,
48167720604,Census Tract 7206.04,167,29.465086,-95.10354,
48363000500,Census Tract 5,363,32.817886,-98.118266,
48201313000,Census Tract 3130,201,29.720038,-95.374478,
48265960200,Census Tract 9602,265,30.073799,-99.168128,
48265960700,Census Tract 9607,265,29.941642,-99.158302,
48201543100,Census Tract 5431,201,29.962648,-95.850641,
48201420400,Census Tract 4204,201,29.657515,-95.4559,
48201511100,Census Tract 5111,201,29.80819,-95.427545,
48201540200,Census Tract 5402,201,29.823358,-95.569713,
48201231100,Census Tract 2311,201,29.82775,-95.250006,
48201231300,Census Tract 2313,201,29.858218,-95.272633,
48201231500,Census Tract 2315,201,29.859841,-95.296547,
48201231600,Census Tract 2316,201,29.861744,-95.307485,
48201231700,Census Tract 2317,201,29.87612,-95.31986,
48201340900,Census Tract 3409,201,29.570659,-95.159978,
48201230300,Census Tract 2303,201,29.834733,-95.31272,
48201423500,Census Tract 4235,201,29.650945,-95.541179,
48201420100,Census Tract 4201,201,29.673415,-95.43574,
48085030510,Census Tract 305.10,085,33.134164,-96.77716,
48085030507,Census Tract 305.07,085,33.11385,-96.776042,
48085030509,Census Tract 305.09,085,33.122368,-96.792057,
48201241400,Census Tract 2414,201,30.085192,-95.405787,
48201343100,Census Tract 3431,201,29.658816,-95.078432,
48201310400,Census Tract 3104,201,29.751465,-95.328711,
48201320100,Census Tract 3201,201,29.694669,-95.28127,
48201210800,Census Tract 2108,201,29.794383,-95.345089,
48201210900,Census Tract 2109,201,29.804158,-95.331243,
48265960800,Census Tract 9608,265,29.907694,-99.001574,
48375014702,Census Tract 147.02,375,35.188424,-101.841313,
48251130700,Census Tract 1307,251,32.358778,-97.403624,
48201232000,Census Tract 2320,201,29.90356,-95.271305,
48201232100,Census Tract 2321,201,29.905415,-95.307296,
48201230400,Census Tract 2304,201,29.830587,-95.325201,
48201511400,Census Tract 5114,201,29.795788,-95.383124,
48363000700,Census Tract 7,363,32.797699,-98.076537,
48113016535,Census Tract 165.35,113,32.669085,-96.917131,
48363000800,Census Tract 8,363,32.801545,-98.103143,
48363000900,Census Tract 9,363,32.798065,-98.121366,
48251130405,Census Tract 1304.05,251,32.528739,-97.230977,
48251130406,Census Tract 1304.06,251,32.494017,-97.244775,
48251130302,Census Tract 1303.02,251,32.390057,-97.428759,
48201313902,Census Tract 3139.02,201,29.683204,-95.386295,
48201341304,Census Tract 3413.04,201,29.570632,-95.092489,
48201211102,Census Tract 2111.02,201,29.787067,-95.32752,
48029181504,Census Tract 1815.04,029,29.505872,-98.593673,
48201341204,Census Tract 3412.04,201,29.551492,-95.077093,
48201211501,Census Tract 2115.01,201,29.763863,-95.292952,
48201211502,Census Tract 2115.02,201,29.764643,-95.307671,
48201311002,Census Tract 3110.02,201,29.7445,-95.295107,
48201211301,Census Tract 2113.01,201,29.776421,-95.333504,
48201211101,Census Tract 2111.01,201,29.787057,-95.335941,
48201340701,Census Tract 3407.01,201,29.558408,-95.130525,
48201510701,Census Tract 5107.01,201,29.762792,-95.403823,
48201552701,Census Tract 5527.01,201,29.97058,-95.548385,
48201552802,Census Tract 5528.02,201,29.975957,-95.530139,
48167720508,Census Tract 7205.08,167,29.491056,-95.130755,
48201453901,Census Tract 4539.01,201,29.685336,-95.62866,
48201250802,Census Tract 2508.02,201,30.022552,-95.16226,
48167721205,Census Tract 7212.05,167,29.520979,-95.054797,
48201251701,Census Tract 2517.01,201,30.036491,-95.103554,
48201250902,Census Tract 2509.02,201,30.047138,-95.144081,
48249950101,Census Tract 9501.01,249,27.954401,-98.100469,
48249950201,Census Tract 9502.01,249,27.796573,-97.998209,
48201342001,Census Tract 3420.01,201,29.640633,-95.126184,
48201553601,Census Tract 5536.01,201,30.028144,-95.497809,
48201240803,Census Tract 2408.03,201,30.030492,-95.417392,
48027023500,Census Tract 235,027,31.12305,-97.733223,
48201232201,Census Tract 2322.01,201,29.928166,-95.289723,
48201222701,Census Tract 2227.01,201,29.935115,-95.304901,
48201410101,Census Tract 4101.01,201,29.7549,-95.382157,
48201410602,Census Tract 4106.02,201,29.74938,-95.377889,
48201330301,Census Tract 3303.01,201,29.640414,-95.470937,
48201980700,Census Tract 9807,201,29.762179,-95.365248,
48201510202,Census Tract 5102.02,201,29.771045,-95.387301,
48201410102,Census Tract 4101.02,201,29.759169,-95.379061,
48201410201,Census Tract 4102.01,201,29.75894,-95.391017,
48201510201,Census Tract 5102.01,201,29.764735,-95.385783,
48201341600,Census Tract 3416,201,29.591586,-95.012444,
48201310800,Census Tract 3108,201,29.729975,-95.310795,
48201541902,Census Tract 5419.02,201,29.825727,-95.698236,
48029191102,Census Tract 1911.02,029,29.513814,-98.514315,
48201233300,Census Tract 2333,201,29.754255,-95.200624,
48085031629,Census Tract 316.29,085,33.04726,-96.723506,
48201555200,Census Tract 5552,201,30.096823,-95.468538,
48167720509,Census Tract 7205.09,167,29.49612,-95.11828,
48439111555,Census Tract 1115.55,439,32.653031,-97.051435,
48439111556,Census Tract 1115.56,439,32.698754,-97.067015,
48439111572,Census Tract 1115.72,439,32.683668,-97.040381,
48439111571,Census Tract 1115.71,439,32.684415,-97.052676,
48439111536,Census Tract 1115.36,439,32.698761,-97.049047,
48439111561,Census Tract 1115.61,439,32.639467,-97.082468,
48439111562,Census Tract 1115.62,439,32.631825,-97.074062,
48167721403,Census Tract 7214.03,167,29.536373,-95.04624,
48439110907,Census Tract 1109.07,439,32.673031,-97.478854,
48201232500,Census Tract 2325,201,29.805997,-95.250268,
48201454400,Census Tract 4544,201,29.745451,-95.669087,
48351950100,Census Tract 9501,351,31.059811,-93.705461,
48351950300,Census Tract 9503,351,30.552529,-93.797121,
48351950400,Census Tract 9504,351,30.324207,-93.819801,
48201432402,Census Tract 4324.02,201,29.723835,-95.551975,
48201432401,Census Tract 4324.01,201,29.723176,-95.543271,
48201452401,Census Tract 4524.01,201,29.713937,-95.579575,
48201450401,Census Tract 4504.01,201,29.7733,-95.609935,
48201452204,Census Tract 4522.04,201,29.73302,-95.568382,
48201432301,Census Tract 4323.01,201,29.732459,-95.541327,
48489990000,Census Tract 9900,489,26.506249,-97.223959,
48201452203,Census Tract 4522.03,201,29.731709,-95.561982,
48201454305,Census Tract 4543.05,201,29.72691,-95.648992,
48201454304,Census Tract 4543.04,201,29.722714,-95.657855,
48201452702,Census Tract 4527.02,201,29.695568,-95.630706,
48201452103,Census Tract 4521.03,201,29.73155,-95.575446,
48391950400,Census Tract 9504,391,28.295593,-97.142148,
48201451004,Census Tract 4510.04,201,29.738756,-95.584887,
48201451407,Census Tract 4514.07,201,29.739641,-95.616332,
48201450803,Census Tract 4508.03,201,29.753087,-95.568339,
48201422304,Census Tract 4223.04,201,29.653104,-95.506412,
48201331501,Census Tract 3315.01,201,29.634145,-95.359065,
48201412902,Census Tract 4129.02,201,29.686253,-95.445239,
48201412901,Census Tract 4129.01,201,29.685035,-95.452935,
48201543202,Census Tract 5432.02,201,29.809891,-95.605573,
48085032013,Census Tract 320.13,085,33.054006,-96.688642,
48201554408,Census Tract 5544.08,201,30.003513,-95.673083,
48085031654,Census Tract 316.54,085,33.038275,-96.781754,
48201554406,Census Tract 5544.06,201,30.013572,-95.714333,
48201320902,Census Tract 3209.02,201,29.647792,-95.231733,
48201342801,Census Tract 3428.01,201,29.686004,-95.102856,
48201232801,Census Tract 2328.01,201,29.788027,-95.198357,
48201322701,Census Tract 3227.01,201,29.695048,-95.16625,
48201253502,Census Tract 2535.02,201,29.778563,-95.012249,
48201533302,Census Tract 5333.02,201,29.879309,-95.424914,
48201252601,Census Tract 2526.01,201,29.791116,-95.115959,
48201252602,Census Tract 2526.02,201,29.842211,-95.112294,
48085031655,Census Tract 316.55,085,33.030899,-96.782872,
48201252901,Census Tract 2529.01,201,29.814116,-95.073547,
48201533402,Census Tract 5334.02,201,29.88484,-95.44534,
48201334001,Census Tract 3340.01,201,29.616427,-95.226209,
48201241503,Census Tract 2415.03,201,29.958908,-95.347772,
48201240503,Census Tract 2405.03,201,29.949722,-95.388954,
48215024002,Census Tract 240.02,215,26.311927,-98.185001,
48201222702,Census Tract 2227.02,201,29.935153,-95.340869,
48201550102,Census Tract 5501.02,201,29.941769,-95.429382,
48201250403,Census Tract 2504.03,201,30.001172,-95.142524,
48201250801,Census Tract 2508.01,201,30.014046,-95.151756,
48201555001,Census Tract 5550.01,201,30.067281,-95.460054,
48215020104,Census Tract 201.04,215,26.21143,-98.339786,
48201533804,Census Tract 5338.04,201,29.914472,-95.461221,
48201333801,Census Tract 3338.01,201,29.617785,-95.291151,
48201521300,Census Tract 5213,201,29.81656,-95.511897,
48201252002,Census Tract 2520.02,201,29.890652,-95.169392,
48085031807,Census Tract 318.07,085,33.011632,-96.749587,
48201533702,Census Tract 5337.02,201,29.918746,-95.438441,
48201240400,Census Tract 2404,201,29.98751,-95.373297,
48201532200,Census Tract 5322,201,29.856994,-95.484421,
48085032008,Census Tract 320.08,085,33.041356,-96.676929,
48201431600,Census Tract 4316,201,29.764816,-95.484277,
48201340400,Census Tract 3404,201,29.581446,-95.112162,
48201310900,Census Tract 3109,201,29.735728,-95.300973,
48201252500,Census Tract 2525,201,29.766113,-95.128128,
48201452300,Census Tract 4523,201,29.707819,-95.565489,
48201412500,Census Tract 4125,201,29.708686,-95.435484,
48439110205,Census Tract 1102.05,439,32.846003,-97.281325,
48439111315,Census Tract 1113.15,439,32.59923,-97.085978,
48157670603,Census Tract 6706.03,157,29.587393,-95.516113,
48439113941,Census Tract 1139.41,439,32.979585,-97.281869,
48439114010,Census Tract 1140.10,439,32.838887,-97.406959,
48085031625,Census Tract 316.25,085,33.033894,-96.761715,
48439114109,Census Tract 1141.09,439,32.898844,-97.357544,
48439122702,Census Tract 1227.02,439,32.713234,-97.12685,
48439113004,Census Tract 1130.04,439,32.769311,-97.042571,
48025950203,Census Tract 9502.03,025,28.383034,-97.845987,
48025950204,Census Tract 9502.04,025,28.456843,-97.668067,
48085030505,Census Tract 305.05,085,33.111079,-96.812661,
48085031661,Census Tract 316.61,085,33.101428,-96.784913,
48085031408,Census Tract 314.08,085,33.089854,-96.6086,
48201552200,Census Tract 5522,201,29.952356,-95.638506,
48157671501,Census Tract 6715.01,157,29.594465,-95.573524,
48201341700,Census Tract 3417,201,29.623227,-95.010538,
48201321800,Census Tract 3218,201,29.687686,-95.237694,
48201311200,Census Tract 3112,201,29.718993,-95.299159,
48201211000,Census Tract 2110,201,29.797091,-95.332149,
48201211200,Census Tract 2112,201,29.798173,-95.320374,
48201211400,Census Tract 2114,201,29.765818,-95.328862,
48085031664,Census Tract 316.64,085,33.075074,-96.781597,
48201232600,Census Tract 2326,201,29.784499,-95.24958,
48201413000,Census Tract 4130,201,29.697448,-95.442316,
48201420800,Census Tract 4208,201,29.684459,-95.469225,
48201251800,Census Tract 2518,201,29.973375,-95.033302,
48201531200,Census Tract 5312,201,29.827129,-95.452862,
48201540700,Census Tract 5407,201,29.857098,-95.613146,
48439111317,Census Tract 1113.17,439,32.571396,-97.221951,
48439122701,Census Tract 1227.01,439,32.714936,-97.118994,
48201342900,Census Tract 3429,201,29.671631,-95.10497,
48439123302,Census Tract 1233.02,439,32.752611,-97.328387,
48439111020,Census Tract 1110.20,439,32.628482,-97.348376,
48491020403,Census Tract 204.03,491,30.461768,-97.804463,6
48491020404,Census Tract 204.04,491,30.455158,-97.816071,6
48443950100,Census Tract 9501,443,30.232343,-102.072513,
48417950300,Census Tract 9503,417,32.74382,-99.347004,
48201252800,Census Tract 2528,201,29.857646,-95.019575,
48201411600,Census Tract 4116,201,29.735475,-95.453745,
48201332900,Census Tract 3329,201,29.690418,-95.290474,
48201254800,Census Tract 2548,201,29.745556,-95.008638,
48201221800,Census Tract 2218,201,29.882525,-95.361055,
48055960102,Census Tract 9601.02,055,29.869536,-97.575215,
48085031508,Census Tract 315.08,085,33.114626,-96.661354,
48201312300,Census Tract 3123,201,29.737863,-95.360413,
48201980400,Census Tract 9804,201,29.722285,-95.344578,
48201221900,Census Tract 2219,201,29.881868,-95.349104,
48201222000,Census Tract 2220,201,29.86808,-95.336921,
48201520400,Census Tract 5204,201,29.806898,-95.476995,
48167723504,Census Tract 7235.04,167,29.372477,-95.114342,
48201350700,Census Tract 3507,201,29.526809,-95.186,
48339694304,Census Tract 6943.04,339,30.422637,-95.62478,
48201341400,Census Tract 3414,201,29.591775,-95.069521,
48201310600,Census Tract 3106,201,29.732539,-95.32482,
48201254700,Census Tract 2547,201,29.703455,-94.958165,
48201322600,Census Tract 3226,201,29.698649,-95.156047,
48201310700,Census Tract 3107,201,29.722386,-95.314469,
48339693202,Census Tract 6932.02,339,30.25274,-95.438916,
48309000402,Census Tract 4.02,309,31.540525,-97.12301,
48201231200,Census Tract 2312,201,29.875083,-95.247354,
48201222100,Census Tract 2221,201,29.878947,-95.334902,
48201222200,Census Tract 2222,201,29.893136,-95.325166,
48201222300,Census Tract 2223,201,29.895912,-95.351375,
48201211900,Census Tract 2119,201,29.783817,-95.29951,
48491020405,Census Tract 204.05,491,30.448211,-97.794252,6
48439111022,Census Tract 1110.22,439,32.565174,-97.373433,
48339693103,Census Tract 6931.03,339,30.306333,-95.447777,
48439111019,Census Tract 1110.19,439,32.622884,-97.33607,
48439111318,Census Tract 1113.18,439,32.599276,-97.204176,
48085032003,Census Tract 320.03,085,33.024783,-96.690672,
48439111554,Census Tract 1115.54,439,32.66158,-97.048876,
48439113940,Census Tract 1139.40,439,32.961697,-97.294598,
48439111023,Census Tract 1110.23,439,32.610415,-97.372861,
48439121612,Census Tract 1216.12,439,32.741394,-97.164222,
48439106525,Census Tract 1065.25,439,32.804379,-97.199522,
48201422000,Census Tract 4220,201,29.662001,-95.484657,
48201333802,Census Tract 3338.02,201,29.612198,-95.27328,
48491020406,Census Tract 204.06,491,30.45251,-97.770679,6
48339690701,Census Tract 6907.01,339,30.211541,-95.472163,
48201520100,Census Tract 5201,201,29.792276,-95.460436,
48491020503,Census Tract 205.03,491,30.485412,-97.714888,6
48339692006,Census Tract 6920.06,339,30.12323,-95.390245,
48491020602,Census Tract 206.02,491,30.524091,-97.700447,
48201211600,Census Tract 2116,201,29.780919,-95.311592,
48201211700,Census Tract 2117,201,29.796596,-95.304316,
48339694207,Census Tract 6942.07,339,30.384064,-95.566083,
48339690404,Census Tract 6904.04,339,30.23353,-95.591398,
48339694002,Census Tract 6940.02,339,30.364213,-95.280808,
48201450200,Census Tract 4502,201,29.77926,-95.579577,
48339694106,Census Tract 6941.06,339,30.466902,-95.465513,
48439104602,Census Tract 1046.02,439,32.699153,-97.272647,
48339692501,Census Tract 6925.01,339,30.125928,-95.175475,
48029131300,Census Tract 1313,029,29.392529,-98.39761,
48339692605,Census Tract 6926.05,339,30.140507,-95.236134,
48339693301,Census Tract 6933.01,339,30.298801,-95.50295,
48339690603,Census Tract 6906.03,339,30.171422,-95.565542,
48245000900,Census Tract 9,245,30.10233,-94.114129,
48339693901,Census Tract 6939.01,339,30.359954,-95.430427,
48245002000,Census Tract 20,245,30.063635,-94.105226,
48245011600,Census Tract 116,245,29.738901,-94.124214,
48339694105,Census Tract 6941.05,339,30.414956,-95.476249,
48201450500,Census Tract 4505,201,29.778659,-95.63467,
48339694001,Census Tract 6940.01,339,30.377952,-95.37714,
48339694107,Census Tract 6941.07,339,30.46953,-95.396626,
48339692401,Census Tract 6924.01,339,30.085967,-95.218355,
48339692402,Census Tract 6924.02,339,30.064113,-95.235832,
48339692202,Census Tract 6922.02,339,30.21836,-95.379818,
48339690609,Census Tract 6906.09,339,30.213181,-95.522913,
48201450600,Census Tract 4506,201,29.770926,-95.616303,
48339692007,Census Tract 6920.07,339,30.108891,-95.406197,
48339692201,Census Tract 6922.01,339,30.222119,-95.344934,
48339693304,Census Tract 6933.04,339,30.264308,-95.471908,
48339693104,Census Tract 6931.04,339,30.311369,-95.432903,
48339694208,Census Tract 6942.08,339,30.382771,-95.504238,
48339690610,Census Tract 6906.10,339,30.221327,-95.49717,
48339692304,Census Tract 6923.04,339,30.098181,-95.264372,
48029161503,Census Tract 1615.03,029,29.355834,-98.626772,
48339692101,Census Tract 6921.01,339,30.223204,-95.429671,
48339691403,Census Tract 6914.03,339,30.116678,-95.451022,
48339694204,Census Tract 6942.04,339,30.453112,-95.548873,
48339693702,Census Tract 6937.02,339,30.354344,-95.504547,
48339690101,Census Tract 6901.01,339,30.125596,-95.782922,
48339691402,Census Tract 6914.02,339,30.117971,-95.473305,
48339690605,Census Tract 6906.05,339,30.195137,-95.547917,
48339690606,Census Tract 6906.06,339,30.197264,-95.571981,
48339690607,Census Tract 6906.07,339,30.206726,-95.539446,
48339690604,Census Tract 6906.04,339,30.17938,-95.585905,
48339692005,Census Tract 6920.05,339,30.135118,-95.400329,
48339693904,Census Tract 6939.04,339,30.334015,-95.446785,
48339694402,Census Tract 6944.02,339,30.324661,-95.611925,
48439106524,Census Tract 1065.24,439,32.813193,-97.107478,
48339692301,Census Tract 6923.01,339,30.140517,-95.303377,
48201450700,Census Tract 4507,201,29.766779,-95.5829,
48339694602,Census Tract 6946.02,339,30.343369,-95.730918,
48201450900,Census Tract 4509,201,29.74207,-95.565115,
48339694306,Census Tract 6943.06,339,30.393736,-95.62535,
48377950100,Census Tract 9501,377,30.174769,-104.291802,
48377950200,Census Tract 9502,377,29.62629,-104.129542,
48085031663,Census Tract 316.63,085,33.082425,-96.782936,
48201332000,Census Tract 3320,201,29.672258,-95.347214,
48201412600,Census Tract 4126,201,29.714946,-95.444114,
48201451100,Census Tract 4511,201,29.756016,-95.580755,
48201451200,Census Tract 4512,201,29.754834,-95.597002,
48241950701,Census Tract 9507.01,241,30.321872,-94.002607,
48241950102,Census Tract 9501.02,241,30.992581,-94.132403,
48451001301,Census Tract 13.01,451,31.436392,-100.466402,
48029181505,Census Tract 1815.05,029,29.499976,-98.605045,
48451000300,Census Tract 3,451,31.501108,-100.405245,
48439100101,Census Tract 1001.01,439,32.78773,-97.300243,
48201231400,Census Tract 2314,201,29.863748,-95.28708,
48201252700,Census Tract 2527,201,29.916722,-95.020027,
48201532700,Census Tract 5327,201,29.876528,-95.48142,
48201530200,Census Tract 5302,201,29.816183,-95.424873,
48201555600,Census Tract 5556,201,30.058696,-95.729648,
48439113403,Census Tract 1134.03,439,32.830116,-97.194497,
48451001702,Census Tract 17.02,451,31.578249,-100.548509,
48451000700,Census Tract 7,451,31.462629,-100.404889,
48451001600,Census Tract 16,451,31.386848,-100.276109,
48029180901,Census Tract 1809.01,029,29.496839,-98.540355,
48451000400,Census Tract 4,451,31.481694,-100.443092,
48439111505,Census Tract 1115.05,439,32.731636,-97.157488,
48451001102,Census Tract 11.02,451,31.459207,-100.462391,
48041000104,Census Tract 1.04,041,30.767107,-96.363594,
48041000205,Census Tract 2.05,041,30.688813,-96.481546,
48029181506,Census Tract 1815.06,029,29.49305,-98.609246,
48451001000,Census Tract 10,451,31.44894,-100.456305,
48041001902,Census Tract 19.02,041,30.650862,-96.326462,
48451001101,Census Tract 11.01,451,31.44397,-100.499277,
48201220100,Census Tract 2201,201,29.815163,-95.343463,
48201220200,Census Tract 2202,201,29.816556,-95.364937,
48451001200,Census Tract 12,451,31.468896,-100.476317,
48339693001,Census Tract 6930.01,339,30.295232,-95.271226,
48201222800,Census Tract 2228,201,29.923417,-95.365793,
48201222900,Census Tract 2229,201,29.914292,-95.345012,
48201223100,Census Tract 2231,201,29.923693,-95.3245,
48455950400,Census Tract 9504,455,30.913541,-95.337665,
48455950500,Census Tract 9505,455,30.951249,-95.383929,
48455950200,Census Tract 9502,455,31.05552,-95.169655,
48455950300,Census Tract 9503,455,31.011359,-95.330938,
48403950200,Census Tract 9502,403,31.286773,-93.975884,
48403950100,Census Tract 9501,403,31.48463,-93.860507,
48029181601,Census Tract 1816.01,029,29.475334,-98.60242,
48159950102,Census Tract 9501.02,159,33.271603,-95.224169,
48159950101,Census Tract 9501.01,159,33.101503,-95.222802,
48147950401,Census Tract 9504.01,147,33.582551,-96.208189,
48147950402,Census Tract 9504.02,147,33.613985,-96.194833,
48147950800,Census Tract 9508,147,33.749464,-96.084887,
48469000301,Census Tract 3.01,469,28.773042,-96.998346,
48085031716,Census Tract 317.16,085,33.000395,-96.803398,
48085031715,Census Tract 317.15,085,33.00765,-96.807957,
48085031720,Census Tract 317.20,085,32.988945,-96.772766,
48469000302,Census Tract 3.02,469,28.780615,-96.97896,
48085031719,Census Tract 317.19,085,32.994272,-96.773603,
48085031806,Census Tract 318.06,085,33.000488,-96.739751,
48201220300,Census Tract 2203,201,29.824237,-95.365659,
48201220400,Census Tract 2204,201,29.831578,-95.366322,
48201220500,Census Tract 2205,201,29.836206,-95.381464,
48201220600,Census Tract 2206,201,29.841805,-95.36688,
48439114204,Census Tract 1142.04,439,32.895107,-97.524623,
48439102700,Census Tract 1027,439,32.740809,-97.376175,
48265960500,Census Tract 9605,265,30.069996,-99.128505,
48201230100,Census Tract 2301,201,29.813848,-95.330229,
48201230200,Census Tract 2302,201,29.819917,-95.307337,
48201230500,Census Tract 2305,201,29.848454,-95.328376,
48201230600,Census Tract 2306,201,29.844873,-95.309266,
48201230700,Census Tract 2307,201,29.853007,-95.309927,
48201230800,Census Tract 2308,201,29.839827,-95.293724,
48209010500,Census Tract 105,209,29.844915,-97.972309,
48209010200,Census Tract 102,209,29.890238,-97.945811,
48227950100,Census Tract 9501,227,32.411417,-101.49963,
48273020401,Census Tract 204.01,273,27.487451,-97.860393,
48227950600,Census Tract 9506,227,32.254279,-101.435816,
48273020301,Census Tract 203.01,273,27.532937,-97.873362,
48167723700,Census Tract 7237,167,29.343788,-94.982922,
48227950300,Census Tract 9503,227,32.259498,-101.500199,
48227950700,Census Tract 9507,227,32.244448,-101.455667,
48227950500,Census Tract 9505,227,32.247201,-101.471318,
48227950200,Census Tract 9502,227,32.350009,-101.246909,
48227950900,Census Tract 9509,227,32.167743,-101.451652,
48227950400,Census Tract 9504,227,32.242654,-101.493243,
48005001001,Census Tract 10.01,005,31.206593,-94.808682,
48201210400,Census Tract 2104,201,29.786442,-95.362199,
48201220800,Census Tract 2208,201,29.830847,-95.338704,
48005001002,Census Tract 10.02,005,31.157517,-94.71315,
48005000302,Census Tract 3.02,005,31.278425,-94.782462,
48201220900,Census Tract 2209,201,29.848841,-95.337638,
48201221000,Census Tract 2210,201,29.860332,-95.344889,
48201221100,Census Tract 2211,201,29.860055,-95.354687,
48201221200,Census Tract 2212,201,29.864595,-95.374035,
48201230900,Census Tract 2309,201,29.818201,-95.282634,
48201231000,Census Tract 2310,201,29.840171,-95.278684,
48201251600,Census Tract 2516,201,30.100729,-95.112658,
48201332300,Census Tract 3323,201,29.66656,-95.323364,
48201254200,Census Tract 2542,201,29.728716,-94.964505,
48201252400,Census Tract 2524,201,29.781652,-95.14286,
48273020302,Census Tract 203.02,273,27.523502,-97.883441,
48085030301,Census Tract 303.01,085,33.241222,-96.711934,
48085030404,Census Tract 304.04,085,33.145255,-96.795216,
48113013626,Census Tract 136.26,113,32.935266,-96.817376,
48201313400,Census Tract 3134,201,29.694189,-95.338186,
48201313500,Census Tract 3135,201,29.688714,-95.347893,
48201313600,Census Tract 3136,201,29.691648,-95.357574,
48201313700,Census Tract 3137,201,29.697541,-95.366546,
48201421700,Census Tract 4217,201,29.686947,-95.487725,
48201250500,Census Tract 2505,201,29.99296,-95.195427,
48167724000,Census Tract 7240,167,29.351018,-94.823586,
48167724300,Census Tract 7243,167,29.307704,-94.780362,
48167724400,Census Tract 7244,167,29.299008,-94.784395,
48167724500,Census Tract 7245,167,29.303751,-94.79452,
48167724600,Census Tract 7246,167,29.297653,-94.808073,
48167724700,Census Tract 7247,167,29.294604,-94.799809,
48167724800,Census Tract 7248,167,29.292059,-94.792792,
48167725000,Census Tract 7250,167,29.283119,-94.808191,
48167725100,Census Tract 7251,167,29.290772,-94.809578,
48439121704,Census Tract 1217.04,439,32.752877,-97.104122,
48113011002,Census Tract 110.02,113,32.681956,-96.832234,
48201253700,Census Tract 2537,201,29.765473,-94.973955,
48167725200,Census Tract 7252,167,29.288466,-94.825915,
48167990000,Census Tract 9900,167,29.317409,-94.727419,
48167723501,Census Tract 7235.01,167,29.359258,-95.068749,
48439103602,Census Tract 1036.02,439,32.726216,-97.23119,
48339694206,Census Tract 6942.06,339,30.414942,-95.558536,
48339694309,Census Tract 6943.09,339,30.37331,-95.612727,
48339694305,Census Tract 6943.05,339,30.397947,-95.60554,
48041001101,Census Tract 11.01,041,30.643569,-96.341384,
48339694307,Census Tract 6943.07,339,30.355647,-95.579448,
48201341800,Census Tract 3418,201,29.633949,-95.024547,
48339694104,Census Tract 6941.04,339,30.426809,-95.418389,
48201451700,Census Tract 4517,201,29.732458,-95.633194,
48339692803,Census Tract 6928.03,339,30.223532,-95.140744,
48339690608,Census Tract 6906.08,339,30.219703,-95.54133,
48339690408,Census Tract 6904.08,339,30.177229,-95.633981,
48113011101,Census Tract 111.01,113,32.658169,-96.847996,
48113011103,Census Tract 111.03,113,32.66829,-96.831143,
48113011104,Census Tract 111.04,113,32.652022,-96.83527,
48201253800,Census Tract 2538,201,29.766428,-94.947955,
48201451800,Census Tract 4518,201,29.718858,-95.634278,
48201253900,Census Tract 2539,201,29.752964,-94.933475,
48201254000,Census Tract 2540,201,29.734347,-94.942991,
48029121803,Census Tract 1218.03,029,29.554509,-98.36575,
48201254100,Census Tract 2541,201,29.74636,-94.955879,
48171950401,Census Tract 9504.01,171,30.307516,-98.836307,
48171950301,Census Tract 9503.01,171,30.361851,-98.995603,
48171950402,Census Tract 9504.02,171,30.245462,-98.823562,
48171950302,Census Tract 9503.02,171,30.415895,-98.90105,
48201433400,Census Tract 4334,201,29.684605,-95.540927,
48201450100,Census Tract 4501,201,29.777243,-95.566929,
48373210104,Census Tract 2101.04,373,30.607312,-94.696885,
48373210105,Census Tract 2101.05,373,30.646072,-94.813538,
48373210106,Census Tract 2101.06,373,30.570317,-94.875157,
48373210401,Census Tract 2104.01,373,31.007806,-94.73436,
48373210402,Census Tract 2104.02,373,30.979364,-94.909193,
48373210103,Census Tract 2101.03,373,30.668159,-94.933416,
48273020501,Census Tract 205.01,273,27.485497,-97.84507,
48273020101,Census Tract 201.01,273,27.412847,-97.566357,
48273020102,Census Tract 201.02,273,27.42088,-97.959548,
48041000606,Census Tract 6.06,041,30.661202,-96.380509,
48439104604,Census Tract 1046.04,439,32.711811,-97.288611,
48201421900,Census Tract 4219,201,29.671398,-95.484751,
48201422100,Census Tract 4221,201,29.648265,-95.487079,
48201422200,Census Tract 4222,201,29.640154,-95.501899,
48201342100,Census Tract 3421,201,29.655812,-95.142432,
48201342200,Census Tract 3422,201,29.673551,-95.146536,
48201342300,Census Tract 3423,201,29.673705,-95.131227,
48201342400,Census Tract 3424,201,29.695829,-95.147707,
48439104100,Census Tract 1041,439,32.72322,-97.337655,
48439106521,Census Tract 1065.21,439,32.769506,-97.183691,
48439123301,Census Tract 1233.01,439,32.744465,-97.344909,
48167721101,Census Tract 7211.01,167,29.480667,-95.05556,
48439113934,Census Tract 1139.34,439,32.928168,-97.29777,
48439113223,Census Tract 1132.23,439,32.840569,-97.20854,
48439104400,Census Tract 1044,439,32.708368,-97.337816,
48439104504,Census Tract 1045.04,439,32.691545,-97.310852,
48439104505,Census Tract 1045.05,439,32.708237,-97.312107,
48201342500,Census Tract 3425,201,29.697306,-95.131766,
48201342700,Census Tract 3427,201,29.696065,-95.118873,
48201422800,Census Tract 4228,201,29.690029,-95.517789,
48201422900,Census Tract 4229,201,29.682005,-95.529831,
48439104601,Census Tract 1046.01,439,32.711523,-97.270083,
48201423100,Census Tract 4231,201,29.664724,-95.549455,
48201343000,Census Tract 3430,201,29.65813,-95.107354,
48201343200,Census Tract 3432,201,29.658116,-95.055365,
48273020402,Census Tract 204.02,273,27.507855,-97.881724,
48167720505,Census Tract 7205.05,167,29.474999,-95.162585,
48273020502,Census Tract 205.02,273,27.510747,-97.849356,
48201423600,Census Tract 4236,201,29.633749,-95.520956,
48113011401,Census Tract 114.01,113,32.674523,-96.766633,
48061013902,Census Tract 139.02,061,25.902571,-97.475046,
48041000401,Census Tract 4.01,041,30.684528,-96.359926,
48041000402,Census Tract 4.02,041,30.676287,-96.345791,
48061010201,Census Tract 102.01,061,26.28653,-97.676559,
48201412300,Census Tract 4123,201,29.715754,-95.424177,
48029161600,Census Tract 1616,029,29.399151,-98.597426,
48029980003,Census Tract 9800.03,029,29.372491,-98.666017,
48029170101,Census Tract 1701.01,029,29.439652,-98.519817,
48201412400,Census Tract 4124,201,29.716195,-95.435266,
48029170200,Census Tract 1702,029,29.421662,-98.520893,
48029170300,Census Tract 1703,029,29.421803,-98.534983,
48029170401,Census Tract 1704.01,029,29.440947,-98.531639,
48201332600,Census Tract 3326,201,29.674989,-95.30681,
48201412700,Census Tract 4127,201,29.7135,-95.453667,
48201412800,Census Tract 4128,201,29.698136,-95.453289,
48201413100,Census Tract 4131,201,29.698396,-95.432789,
48407200105,Census Tract 2001.05,407,30.452072,-95.113788,
48407200202,Census Tract 2002.02,407,30.587146,-95.044406,
48407200201,Census Tract 2002.01,407,30.589613,-95.147419,
48273020200,Census Tract 202,273,27.52588,-97.851838,
48407200103,Census Tract 2001.03,407,30.509038,-94.957176,
48407200104,Census Tract 2001.04,407,30.460121,-94.983306,
48027020203,Census Tract 202.03,027,31.170313,-97.481085,
48027020301,Census Tract 203.01,027,31.095128,-97.429627,
48027021802,Census Tract 218.02,027,31.045538,-97.576309,
48027023406,Census Tract 234.06,027,30.995076,-97.515437,
48027023109,Census Tract 231.09,027,31.08685,-97.766688,
48027023115,Census Tract 231.15,027,31.090831,-97.781856,
48027021702,Census Tract 217.02,027,31.078817,-97.459039,
48041000301,Census Tract 3.01,041,30.713558,-96.397406,
48283950302,Census Tract 9503.02,283,28.351098,-99.096774,
48283950301,Census Tract 9503.01,283,28.422698,-99.227362,
48027020302,Census Tract 203.02,027,31.1526,-97.396436,
48027021501,Census Tract 215.01,027,31.046062,-97.442524,
48027021701,Census Tract 217.01,027,31.099036,-97.504892,
48027023112,Census Tract 231.12,027,31.101082,-97.790456,
48027021101,Census Tract 211.01,027,31.082478,-97.376629,
48027021304,Census Tract 213.04,027,31.065212,-97.367127,
48451001710,Census Tract 17.10,451,31.231762,-100.549403,
48451001709,Census Tract 17.09,451,31.584243,-100.697907,
48451001402,Census Tract 14.02,451,31.436515,-100.438076,
48029180902,Census Tract 1809.02,029,29.499023,-98.5303,
48113014143,Census Tract 141.43,113,32.900062,-96.949085,
48451001401,Census Tract 14.01,451,31.422691,-100.451192,
48407200106,Census Tract 2001.06,407,30.431687,-95.267897,
48407200302,Census Tract 2003.02,407,30.796727,-95.279965,
48407200301,Census Tract 2003.01,407,30.710457,-95.198568,
48337950300,Census Tract 9503,337,33.786752,-97.729185,
48337950200,Census Tract 9502,337,33.842814,-97.78434,
48337950100,Census Tract 9501,337,33.760013,-97.573499,
48303010102,Census Tract 101.02,303,33.656478,-101.685553,
48339693002,Census Tract 6930.02,339,30.298107,-95.347605,
48201430200,Census Tract 4302,201,29.775982,-95.484747,
48201430300,Census Tract 4303,201,29.772691,-95.49808,
48029181001,Census Tract 1810.01,029,29.512192,-98.543143,
48201430400,Census Tract 4304,201,29.756515,-95.51544,
48201430500,Census Tract 4305,201,29.779846,-95.519168,
48201420200,Census Tract 4202,201,29.667437,-95.444019,
48201430600,Census Tract 4306,201,29.764754,-95.531758,
48201430700,Census Tract 4307,201,29.777081,-95.538815,
48201430800,Census Tract 4308,201,29.77607,-95.552943,
48029181003,Census Tract 1810.03,029,29.522265,-98.561316,
48201430900,Census Tract 4309,201,29.757872,-95.543209,
48029170402,Census Tract 1704.02,029,29.434288,-98.535536,
48029170500,Census Tract 1705,029,29.449245,-98.527341,
48029171912,Census Tract 1719.12,029,29.479303,-98.687406,
48201332700,Census Tract 3327,201,29.685065,-95.313797,
48201332800,Census Tract 3328,201,29.689777,-95.307709,
48201333000,Census Tract 3330,201,29.681538,-95.28526,
48029172002,Census Tract 1720.02,029,29.404131,-98.759894,
48029180201,Census Tract 1802.01,029,29.477803,-98.532934,
48029180300,Census Tract 1803,029,29.466759,-98.557513,
48029180400,Census Tract 1804,029,29.462676,-98.570871,
48029180501,Census Tract 1805.01,029,29.470208,-98.589633,
48477170502,Census Tract 1705.02,477,30.291372,-96.41036,
48477170501,Census Tract 1705.01,477,30.175263,-96.614,
48071710202,Census Tract 7102.02,071,29.760768,-94.843449,
48071710201,Census Tract 7102.01,071,29.790876,-94.880431,
48481740901,Census Tract 7409.01,481,29.307112,-96.304156,
48481740902,Census Tract 7409.02,481,29.20084,-96.284554,
48289950201,Census Tract 9502.01,289,31.274194,-96.229239,
48289950101,Census Tract 9501.01,289,31.398563,-96.113542,
48477170202,Census Tract 1702.02,477,30.194764,-96.45571,
48477170602,Census Tract 1706.02,477,30.295465,-96.193978,
48477170601,Census Tract 1706.01,477,30.155787,-96.236059,
48477170201,Census Tract 1702.01,477,30.171426,-96.415233,
48289950102,Census Tract 9501.02,289,31.477401,-95.869885,
48289950302,Census Tract 9503.02,289,31.207115,-95.849546,
48289950301,Census Tract 9503.01,289,31.338234,-95.900324,
48289950202,Census Tract 9502.02,289,31.115464,-96.134136,
48231961101,Census Tract 9611.01,231,33.026685,-96.086238,
48493000104,Census Tract 1.04,493,29.31709,-98.1235,
48493000404,Census Tract 4.04,493,29.233465,-98.159334,
48493000103,Census Tract 1.03,493,29.362575,-98.162793,
48097000701,Census Tract 7.01,097,33.507816,-96.986534,
48097000702,Census Tract 7.02,097,33.513046,-97.068853,
48041002019,Census Tract 20.19,041,30.571275,-96.284867,
48041000207,Census Tract 2.07,041,30.619612,-96.437298,
48041000108,Census Tract 1.08,041,30.736489,-96.292966,
48041000105,Census Tract 1.05,041,30.685396,-96.280603,
48041000206,Census Tract 2.06,041,30.623974,-96.402565,
48029181004,Census Tract 1810.04,029,29.513294,-98.567443,
48041000107,Census Tract 1.07,041,30.689148,-96.322277,
48041002026,Census Tract 20.26,041,30.54492,-96.287599,
48041002025,Census Tract 20.25,041,30.559619,-96.275099,
48041002018,Census Tract 20.18,041,30.56012,-96.29494,
48041000106,Census Tract 1.06,041,30.734474,-96.216603,
48041002016,Census Tract 20.16,041,30.610521,-96.238925,
48041002020,Census Tract 20.20,041,30.531576,-96.317916,
48041002021,Census Tract 20.21,041,30.558831,-96.336279,
48041002022,Census Tract 20.22,041,30.658397,-96.311627,
48041001901,Census Tract 19.01,041,30.663732,-96.339933,
48029181005,Census Tract 1810.05,029,29.502387,-98.55405,
48041001002,Census Tract 10.02,041,30.632151,-96.350737,
48041001102,Census Tract 11.02,041,30.647359,-96.336191,
48041001001,Census Tract 10.01,041,30.632974,-96.358862,
48029181100,Census Tract 1811,029,29.526379,-98.550275,
48041000203,Census Tract 2.03,041,30.624171,-96.383299,
48041000204,Census Tract 2.04,041,30.635122,-96.372362,
48041002100,Census Tract 21,041,30.619321,-96.338151,
48041001401,Census Tract 14.01,041,30.619037,-96.348897,
48041001607,Census Tract 16.07,041,30.613802,-96.322115,
48041001703,Census Tract 17.03,041,30.614705,-96.310871,
48041001704,Census Tract 17.04,041,30.620955,-96.302884,
48041002017,Census Tract 20.17,041,30.601482,-96.349684,
48041000502,Census Tract 5.02,041,30.679929,-96.377045,
48041000605,Census Tract 6.05,041,30.650411,-96.385532,
48041001608,Census Tract 16.08,041,30.605628,-96.330048,
48041002024,Census Tract 20.24,041,30.591796,-96.335198,
48041000501,Census Tract 5.01,041,30.682846,-96.389329,
48029181703,Census Tract 1817.03,029,29.527151,-98.652346,
48029181704,Census Tract 1817.04,029,29.5023,-98.63459,
48113014208,Census Tract 142.08,113,32.864154,-96.935385,
48029181705,Census Tract 1817.05,029,29.480607,-98.617052,
48029181711,Census Tract 1817.11,029,29.512043,-98.649465,
48029181712,Census Tract 1817.12,029,29.493018,-98.659626,
48139060217,Census Tract 602.17,139,32.415608,-96.766436,
48139060602,Census Tract 606.02,139,32.413714,-96.8627,
48139061402,Census Tract 614.02,139,32.347259,-96.654968,
48139060601,Census Tract 606.01,139,32.412425,-96.844104,
48029181713,Census Tract 1817.13,029,29.492093,-98.647273,
48029181715,Census Tract 1817.15,029,29.499427,-98.685905,
48029181716,Census Tract 1817.16,029,29.508092,-98.695465,
48201341002,Census Tract 3410.02,201,29.550343,-95.144514,
48201310101,Census Tract 3101.01,201,29.752528,-95.343635,
48201510301,Census Tract 5103.01,201,29.782477,-95.377939,
48201311001,Census Tract 3110.01,201,29.745773,-95.303729,
48201233502,Census Tract 2335.02,201,29.762552,-95.24588,
48201211302,Census Tract 2113.02,201,29.778158,-95.323097,
48201454902,Census Tract 4549.02,201,29.749318,-95.741064,
48201100001,Census Tract 1000.01,201,29.754756,-95.362192,
48201340702,Census Tract 3407.02,201,29.569193,-95.140614,
48201433004,Census Tract 4330.04,201,29.716844,-95.543196,
48201340501,Census Tract 3405.01,201,29.569177,-95.120667,
48201341303,Census Tract 3413.03,201,29.565139,-95.108727,
48201252306,Census Tract 2523.06,201,29.799879,-95.133409,
48201532301,Census Tract 5323.01,201,29.858737,-95.512969,
48201432005,Census Tract 4320.05,201,29.734702,-95.492646,
48201554701,Census Tract 5547.01,201,30.002958,-95.588378,
48469000400,Census Tract 4,469,28.817061,-97.014031,
48245990000,Census Tract 9900,245,29.613566,-94.081964,
48201554202,Census Tract 5542.02,201,30.0062,-95.575103,
48215022108,Census Tract 221.08,215,26.175361,-98.047718,
48201554201,Census Tract 5542.01,201,30.002166,-95.564644,
48439111304,Census Tract 1113.04,439,32.593137,-97.12529,
48167721701,Census Tract 7217.01,167,29.508694,-94.985191,
48439106101,Census Tract 1061.01,439,32.691077,-97.250759,
48439106102,Census Tract 1061.02,439,32.676622,-97.251008,
48439106201,Census Tract 1062.01,439,32.708008,-97.258663,
48201451302,Census Tract 4513.02,201,29.748145,-95.596534,
48439106202,Census Tract 1062.02,439,32.707041,-97.246389,
48439106300,Census Tract 1063,439,32.715467,-97.238462,
48439106502,Census Tract 1065.02,439,32.753061,-97.226951,
48439106503,Census Tract 1065.03,439,32.752465,-97.208328,
48439106507,Census Tract 1065.07,439,32.764189,-97.249206,
48167722100,Census Tract 7221,167,29.402426,-94.908886,
48167722300,Census Tract 7223,167,29.390119,-94.92406,
48167722600,Census Tract 7226,167,29.389282,-94.961921,
48167722700,Census Tract 7227,167,29.386731,-94.989381,
48247950200,Census Tract 9502,247,27.334936,-98.670733,
48201451903,Census Tract 4519.03,201,29.716624,-95.609561,
48139060500,Census Tract 605,139,32.387543,-96.860345,
48141010101,Census Tract 101.01,141,31.923964,-106.233783,
48141000800,Census Tract 8,141,31.816772,-106.451724,
48029121000,Census Tract 1210,029,29.53222,-98.445465,
48439114112,Census Tract 1141.12,439,32.981064,-97.403238,
48439113007,Census Tract 1130.07,439,32.721795,-97.041217,
48439111538,Census Tract 1115.38,439,32.671269,-97.048278,
48201452602,Census Tract 4526.02,201,29.708163,-95.62419,
48439111559,Census Tract 1115.59,439,32.696283,-97.118059,
48439111010,Census Tract 1110.10,439,32.596473,-97.491072,
48041001301,Census Tract 13.01,041,30.638225,-96.323378,
48041001303,Census Tract 13.03,041,30.624542,-96.322163,
48041001604,Census Tract 16.04,041,30.595772,-96.315443,
48321730202,Census Tract 7302.02,321,29.00024,-95.82698,
48201452601,Census Tract 4526.01,201,29.707704,-95.639154,
48321730302,Census Tract 7303.02,321,28.956352,-95.959176,
48355990000,Census Tract 9900,355,27.702658,-97.10937,
48469000501,Census Tract 5.01,469,28.831809,-96.999658,
48469000601,Census Tract 6.01,469,28.81325,-96.99771,
48469000602,Census Tract 6.02,469,28.815341,-96.981615,
48355003002,Census Tract 30.02,355,27.661958,-97.294057,
48355003101,Census Tract 31.01,355,27.626121,-97.270723,
48469001501,Census Tract 15.01,469,28.958612,-97.065847,
48061013402,Census Tract 134.02,061,25.910983,-97.478802,
48061013500,Census Tract 135,061,25.917627,-97.500816,
48061013600,Census Tract 136,061,25.920273,-97.516221,
48061013700,Census Tract 137,061,25.911355,-97.509732,
48061013801,Census Tract 138.01,061,25.908555,-97.493272,
48061013802,Census Tract 138.02,061,25.900672,-97.485765,
48061013901,Census Tract 139.01,061,25.910311,-97.466493,
48061013903,Census Tract 139.03,061,25.901036,-97.462907,
48027022103,Census Tract 221.03,027,31.13378,-97.690139,
48061014001,Census Tract 140.01,061,25.898274,-97.506853,
48061013309,Census Tract 133.09,061,25.882726,-97.441476,
48251130502,Census Tract 1305.02,251,32.25919,-97.27607,
48251130501,Census Tract 1305.01,251,32.31201,-97.17734,
48251130604,Census Tract 1306.04,251,32.220168,-97.467079,
48251130415,Census Tract 1304.15,251,32.418304,-97.265241,
48251130216,Census Tract 1302.16,251,32.547159,-97.357672,
48251130603,Census Tract 1306.03,251,32.281873,-97.350989,
48251130414,Census Tract 1304.14,251,32.355576,-97.257678,
48251130417,Census Tract 1304.17,251,32.39445,-97.180699,
48251130219,Census Tract 1302.19,251,32.487496,-97.296543,
48251130416,Census Tract 1304.16,251,32.451376,-97.22086,
48469000201,Census Tract 2.01,469,28.800467,-96.989674,
48251130419,Census Tract 1304.19,251,32.52496,-97.145378,
48251130220,Census Tract 1302.20,251,32.53109,-97.300657,
48485010200,Census Tract 102,485,33.906109,-98.498921,
48251130413,Census Tract 1304.13,251,32.38485,-97.121098,
48485010600,Census Tract 106,485,33.890933,-98.497228,
48251130411,Census Tract 1304.11,251,32.484095,-97.170634,
48485010700,Census Tract 107,485,33.895477,-98.510785,
48469000202,Census Tract 2.02,469,28.799131,-96.973097,
48201452001,Census Tract 4520.01,201,29.73236,-95.613067,
48251130412,Census Tract 1304.12,251,32.471631,-97.121339,
48251130218,Census Tract 1302.18,251,32.543458,-97.337651,
48251130222,Census Tract 1302.22,251,32.532394,-97.323783,
48251130221,Census Tract 1302.21,251,32.519603,-97.328494,
48251130217,Census Tract 1302.17,251,32.538054,-97.35061,
48251130418,Census Tract 1304.18,251,32.541156,-97.101346,
48029161400,Census Tract 1614,029,29.386643,-98.617873,
48029190700,Census Tract 1907,029,29.477457,-98.495582,
48029110100,Census Tract 1101,029,29.426165,-98.490526,
48029120800,Census Tract 1208,029,29.505174,-98.446265,
48041001804,Census Tract 18.04,041,30.577853,-96.292867,
48041002006,Census Tract 20.06,041,30.570073,-96.302182,
48041000103,Census Tract 1.03,041,30.880669,-96.292365,
48041002014,Census Tract 20.14,041,30.556176,-96.378055,
48041001702,Census Tract 17.02,041,30.606273,-96.297003,
48041001606,Census Tract 16.06,041,30.605831,-96.316748,
48067950101,Census Tract 9501.01,067,33.165242,-94.094136,
48067950601,Census Tract 9506.01,067,32.939319,-94.276812,
48469001601,Census Tract 16.01,469,28.848474,-96.988985,
48469001604,Census Tract 16.04,469,28.834355,-96.973906,
48469001605,Census Tract 16.05,469,28.824058,-96.961795,
48281950304,Census Tract 9503.04,281,31.113978,-97.971488,
48281950303,Census Tract 9503.03,281,31.068527,-97.938775,
48029120701,Census Tract 1207.01,029,29.512869,-98.469458,
48029120901,Census Tract 1209.01,029,29.522015,-98.43737,
48029120702,Census Tract 1207.02,029,29.502363,-98.472116,
48201452101,Census Tract 4521.01,201,29.726791,-95.585806,
48029120902,Census Tract 1209.02,029,29.505063,-98.42485,
48029141800,Census Tract 1418,029,29.25584,-98.362718,
48029170102,Census Tract 1701.02,029,29.432525,-98.519528,
48141004309,Census Tract 43.09,141,31.739798,-106.310747,
48309001401,Census Tract 14.01,309,31.574007,-97.134419,
48029130800,Census Tract 1308,029,29.432014,-98.426944,
48029190100,Census Tract 1901,029,29.448125,-98.5071,
48139061300,Census Tract 613,139,32.326977,-96.692772,
48139060207,Census Tract 602.07,139,32.518742,-96.776512,
48139061500,Census Tract 615,139,32.307079,-96.632019,
48201421101,Census Tract 4211.01,201,29.722278,-95.47008,
48139061600,Census Tract 616,139,32.345107,-96.616195,
48139061700,Census Tract 617,139,32.350298,-96.518233,
48139060900,Census Tract 609,139,32.33044,-96.983007,
48139061000,Census Tract 610,139,32.175073,-96.927587,
48139060300,Census Tract 603,139,32.404202,-96.828017,
48141004310,Census Tract 43.10,141,31.793118,-106.345421,
48041001605,Census Tract 16.05,041,30.597689,-96.325686,
48041001803,Census Tract 18.03,041,30.582196,-96.311811,
48139060400,Census Tract 604,139,32.360768,-96.82565,
48139061200,Census Tract 612,139,32.211123,-96.752827,
48139061100,Census Tract 611,139,32.311058,-96.846292,
48139060206,Census Tract 602.06,139,32.524259,-96.809069,
48123970300,Census Tract 9703,123,29.093552,-97.180388,
48123970100,Census Tract 9701,123,29.229816,-97.189055,
48123970500,Census Tract 9705,123,29.006212,-97.590373,
48123970400,Census Tract 9704,123,28.964644,-97.372293,
48103950100,Census Tract 9501,103,31.422797,-102.487774,
48131950100,Census Tract 9501,131,27.887362,-98.346084,
48131950200,Census Tract 9502,131,27.910908,-98.635026,
48141004307,Census Tract 43.07,141,31.761068,-106.310352,
48201240504,Census Tract 2405.04,201,29.947808,-95.39357,
48029121110,Census Tract 1211.10,029,29.58391,-98.414687,
48029121111,Census Tract 1211.11,029,29.567625,-98.398747,
48029121112,Census Tract 1211.12,029,29.550648,-98.420767,
48029110600,Census Tract 1106,029,29.429211,-98.507837,
48029110700,Census Tract 1107,029,29.438939,-98.503691,
48029110500,Census Tract 1105,029,29.417071,-98.50908,
48201310102,Census Tract 3101.02,201,29.759711,-95.342896,
48029181718,Census Tract 1817.18,029,29.527821,-98.671639,
48029181809,Census Tract 1818.09,029,29.55039,-98.622712,
48439113947,Census Tract 1139.47,439,32.908067,-97.281954,
48439113957,Census Tract 1139.57,439,32.933961,-97.134916,
48439113636,Census Tract 1136.36,439,32.914777,-97.101776,
48439113949,Census Tract 1139.49,439,32.917558,-97.279433,
48167721207,Census Tract 7212.07,167,29.51956,-95.03331,
48167721206,Census Tract 7212.06,167,29.5091,-95.053032,
48029181811,Census Tract 1818.11,029,29.532695,-98.639986,
48029190200,Census Tract 1902,029,29.452518,-98.489769,
48037011602,Census Tract 116.02,037,33.578285,-94.610206,
48037010906,Census Tract 109.06,037,33.466558,-94.122501,
48139060215,Census Tract 602.15,139,32.510457,-96.838705,
48037011102,Census Tract 111.02,037,33.372258,-94.07179,
48037011302,Census Tract 113.02,037,33.476741,-94.290309,
48303001804,Census Tract 18.04,303,33.526724,-101.915621,
48037011202,Census Tract 112.02,037,33.443461,-94.18455,
48037011403,Census Tract 114.03,037,33.319832,-94.120527,
48029190400,Census Tract 1904,029,29.463074,-98.489448,
48029190501,Census Tract 1905.01,029,29.460368,-98.519889,
48029190601,Census Tract 1906.01,029,29.472119,-98.521681,
48029190800,Census Tract 1908,029,29.474926,-98.486631,
48303001904,Census Tract 19.04,303,33.525085,-101.897429,
48241950702,Census Tract 9507.02,241,30.498338,-93.992191,
48241950101,Census Tract 9501.01,241,31.063513,-93.97768,
48029190901,Census Tract 1909.01,029,29.506016,-98.498296,
48139060104,Census Tract 601.04,139,32.511354,-96.633401,
48139060220,Census Tract 602.20,139,32.493161,-96.958996,
48139061401,Census Tract 614.01,139,32.331387,-96.664335,
48139060219,Census Tract 602.19,139,32.472405,-96.805994,
48139060216,Census Tract 602.16,139,32.539301,-96.872005,
48141003904,Census Tract 39.04,141,31.698335,-106.34316,
48027022200,Census Tract 222,027,31.111446,-97.687467,
48027022300,Census Tract 223,027,31.094637,-97.691783,
48139060105,Census Tract 601.05,139,32.458902,-96.604717,
48027021202,Census Tract 212.02,027,31.101548,-97.37796,
48139060103,Census Tract 601.03,139,32.525269,-96.720837,
48139060106,Census Tract 601.06,139,32.464383,-96.701104,
48139060218,Census Tract 602.18,139,32.480002,-96.774493,
48381020600,Census Tract 206,381,35.180781,-101.786683,
48371950300,Census Tract 9503,371,30.890457,-102.877161,
48371950100,Census Tract 9501,371,31.185623,-102.878916,
48381020200,Census Tract 202,381,35.179653,-101.893172,
48371950400,Census Tract 9504,371,30.891475,-102.898194,
48371950500,Census Tract 9505,371,30.678193,-102.798678,
48029191003,Census Tract 1910.03,029,29.501824,-98.519976,
48029191004,Census Tract 1910.04,029,29.496148,-98.506612,
48167721302,Census Tract 7213.02,167,29.531362,-95.086364,
48167721301,Census Tract 7213.01,167,29.516971,-95.083721,
48167720703,Census Tract 7207.03,167,29.480254,-95.089152,
48381020300,Census Tract 203,381,35.180803,-101.874626,
48167721208,Census Tract 7212.08,167,29.528537,-95.020004,
48167720511,Census Tract 7205.11,167,29.476734,-95.112034,
48167720602,Census Tract 7206.02,167,29.455938,-95.091316,
48167720510,Census Tract 7205.10,167,29.487969,-95.122409,
48167720512,Census Tract 7205.12,167,29.478908,-95.12246,
48249950303,Census Tract 9503.03,249,27.774022,-98.048142,
48249950202,Census Tract 9502.02,249,27.604037,-98.159048,
48249950102,Census Tract 9501.02,249,27.972476,-97.894833,
48201453401,Census Tract 4534.01,201,29.654478,-95.576323,
48249950301,Census Tract 9503.01,249,27.734369,-98.054232,
48249950302,Census Tract 9503.02,249,27.757954,-98.056219,
48031950101,Census Tract 9501.01,031,30.226891,-98.48749,
48031950102,Census Tract 9501.02,031,30.367289,-98.37698,
48031950202,Census Tract 9502.02,031,30.086444,-98.457962,
48031950201,Census Tract 9502.01,031,30.081449,-98.338213,
48053960802,Census Tract 9608.02,053,30.47634,-98.215969,
48139060221,Census Tract 602.21,139,32.507746,-96.912191,
48029191406,Census Tract 1914.06,029,29.598113,-98.520008,
48041002010,Census Tract 20.10,041,30.504164,-96.188799,
48185180400,Census Tract 1804,185,30.281938,-96.08247,
48401950400,Census Tract 9504,401,32.275069,-94.913748,
48401950200,Census Tract 9502,401,32.316464,-94.8151,
48401950700,Census Tract 9507,401,32.175765,-94.793539,
48029191408,Census Tract 1914.08,029,29.549722,-98.514979,
48029191409,Census Tract 1914.09,029,29.54311,-98.520873,
48401950900,Census Tract 9509,401,32.139165,-94.799306,
48401951100,Census Tract 9511,401,31.934281,-94.843156,
48401950600,Census Tract 9506,401,32.098149,-94.645903,
48401951000,Census Tract 9510,401,32.128284,-94.945115,
48401951200,Census Tract 9512,401,31.905059,-94.61184,
48401950300,Census Tract 9503,401,32.347962,-94.878076,
48401950800,Census Tract 9508,401,32.155854,-94.819962,
48391950200,Census Tract 9502,391,28.440853,-97.219755,
48029181808,Census Tract 1818.08,029,29.535492,-98.597844,
48027021201,Census Tract 212.01,027,31.11565,-97.389138,
48201521600,Census Tract 5216,201,29.843172,-95.532559,
48027021301,Census Tract 213.01,027,31.05836,-97.382852,
48027021901,Census Tract 219.01,027,31.076795,-97.664666,
48027022101,Census Tract 221.01,027,31.125113,-97.699533,
48185180303,Census Tract 1803.03,185,30.576324,-96.098439,
48185180304,Census Tract 1803.04,185,30.67703,-96.044466,
48185180202,Census Tract 1802.02,185,30.406802,-95.936944,
48185180201,Census Tract 1802.01,185,30.394416,-96.082773,
48381020400,Census Tract 204,381,35.178355,-101.858507,
48321730301,Census Tract 7303.01,321,28.975678,-95.95358,
48321990000,Census Tract 9900,321,28.570588,-95.963731,
48215020205,Census Tract 202.05,215,26.221381,-98.336821,
48309004000,Census Tract 40,309,31.558385,-97.444505,
48445950400,Census Tract 9504,445,33.169705,-102.244733,
48309004202,Census Tract 42.02,309,31.749153,-97.190099,
48309000100,Census Tract 1,309,31.554461,-97.133507,
48167725300,Census Tract 7253,167,29.286112,-94.826761,
48167725400,Census Tract 7254,167,29.281922,-94.820862,
48167725500,Census Tract 7255,167,29.275321,-94.819136,
48167725600,Census Tract 7256,167,29.267696,-94.832042,
48167725800,Census Tract 7258,167,29.283432,-94.863332,
48167725900,Census Tract 7259,167,29.26071,-94.860827,
48201423301,Census Tract 4233.01,201,29.670417,-95.518628,
48223950500,Census Tract 9505,223,33.145342,-95.57557,
48223950800,Census Tract 9508,223,33.015762,-95.591264,
48223950100,Census Tract 9501,223,33.282907,-95.497765,
48223950600,Census Tract 9506,223,33.122075,-95.58042,
48223950700,Census Tract 9507,223,33.080772,-95.390489,
48223950200,Census Tract 9502,223,33.108343,-95.784906,
48445950100,Census Tract 9501,445,33.171229,-102.339284,
48061012305,Census Tract 123.05,061,26.273207,-97.27637,
48061980100,Census Tract 9801,061,25.907083,-97.423475,
48193950100,Census Tract 9501,193,31.878739,-98.043004,
48193950300,Census Tract 9503,193,31.707342,-98.111756,
48193950200,Census Tract 9502,193,31.647469,-98.131731,
48493000402,Census Tract 4.02,493,29.180679,-98.067142,
48493000500,Census Tract 5,493,29.227472,-97.907365,
48085031659,Census Tract 316.59,085,33.080899,-96.796924,
48085030403,Census Tract 304.03,085,33.164193,-96.813485,
48493000201,Census Tract 2.01,493,29.185171,-98.315161,
48493000600,Census Tract 6,493,29.033242,-98.099355,
48493000202,Census Tract 2.02,493,29.089835,-98.255401,
48493000300,Census Tract 3,493,29.141922,-98.175256,
48493000102,Census Tract 1.02,493,29.311049,-98.034576,
48201534201,Census Tract 5342.01,201,29.912721,-95.548076,
48201551703,Census Tract 5517.03,201,29.915257,-95.562755,
48113007819,Census Tract 78.19,113,32.865574,-96.759416,
48201540901,Census Tract 5409.01,201,29.889486,-95.624445,
48061014300,Census Tract 143,061,25.910117,-97.448959,
48061990000,Census Tract 9900,061,26.190063,-97.147287,
48245005500,Census Tract 55,245,29.896165,-93.915661,
48245005900,Census Tract 59,245,29.872625,-93.952515,
48245006100,Census Tract 61,245,29.876151,-93.940566,
48085030515,Census Tract 305.15,085,33.166745,-96.689209,
48085032012,Census Tract 320.12,085,33.036075,-96.689485,
48085030506,Census Tract 305.06,085,33.10989,-96.799796,
48085031662,Census Tract 316.62,085,33.092167,-96.779158,
48111950300,Census Tract 9503,111,36.070488,-102.503574,
48119950200,Census Tract 9502,119,33.353691,-95.674324,
48119950100,Census Tract 9501,119,33.385933,-95.67335,
48015760400,Census Tract 7604,015,29.960848,-96.447021,
48015760100,Census Tract 7601,015,29.661713,-96.10478,
48085030405,Census Tract 304.05,085,33.131012,-96.797018,
48491020114,Census Tract 201.14,491,30.665302,-97.684478,
48245010902,Census Tract 109.02,245,29.964037,-93.947066,
48245010500,Census Tract 105,245,29.934154,-93.916463,
48491021601,Census Tract 216.01,491,30.78872,-97.578111,
48491020115,Census Tract 201.15,491,30.701522,-97.702049,
48491021603,Census Tract 216.03,491,30.786001,-97.645001,
48491020109,Census Tract 201.09,491,30.68869,-97.763733,
48491020325,Census Tract 203.25,491,30.536651,-97.841821,
48113017704,Census Tract 177.04,113,32.775546,-96.609763,
48491020321,Census Tract 203.21,491,30.54887,-97.847359,
48201233001,Census Tract 2330.01,201,29.797153,-95.182561,
48201233002,Census Tract 2330.02,201,29.801723,-95.170183,
48201323801,Census Tract 3238.01,201,29.674381,-95.189194,
48201323802,Census Tract 3238.02,201,29.673244,-95.179102,
48113018120,Census Tract 181.20,113,32.933832,-96.594165,
48029150700,Census Tract 1507,029,29.375024,-98.496365,
48141004311,Census Tract 43.11,141,31.78622,-106.345108,
48141010303,Census Tract 103.03,141,31.790865,-106.327953,
48141010312,Census Tract 103.12,141,31.787115,-106.312761,
48085030504,Census Tract 305.04,085,33.100275,-96.834007,
48085031717,Census Tract 317.17,085,33.00661,-96.798604,
48085031507,Census Tract 315.07,085,33.110538,-96.686649,
48245000101,Census Tract 1.01,245,30.162292,-94.19765,
48491020326,Census Tract 203.26,491,30.491635,-97.849478,
48491020311,Census Tract 203.11,491,30.484497,-97.797531,6
48491020507,Census Tract 205.07,491,30.499473,-97.732852,
48121021630,Census Tract 216.30,121,33.021464,-96.907961,
48113013615,Census Tract 136.15,113,32.93282,-96.808283,
48113013617,Census Tract 136.17,113,32.98185,-96.796096,
48113013619,Census Tract 136.19,113,32.970628,-96.795131,
48113018121,Census Tract 181.21,113,32.918535,-96.603002,
48135003100,Census Tract 31,135,31.845637,-102.378397,
48141010316,Census Tract 103.16,141,31.776937,-106.317102,
48141010317,Census Tract 103.17,141,31.776729,-106.307848,
48029150800,Census Tract 1508,029,29.363665,-98.477064,
48141010401,Census Tract 104.01,141,31.642035,-106.294653,
48113018126,Census Tract 181.26,113,32.858785,-96.629998,
48113018127,Census Tract 181.27,113,32.852934,-96.639328,
48015760202,Census Tract 7602.02,015,29.748695,-96.096166,
48015760301,Census Tract 7603.01,015,29.855193,-96.234324,
48015760201,Census Tract 7602.01,015,29.823345,-96.127541,
48015760302,Census Tract 7603.02,015,29.765332,-96.247334,
48491020408,Census Tract 204.08,491,30.461403,-97.785972,6
48215022706,Census Tract 227.06,215,26.133763,-97.982051,
48439105207,Census Tract 1052.07,439,32.734971,-97.470291,
48491020707,Census Tract 207.07,491,30.505354,-97.651435,
48245000102,Census Tract 1.02,245,30.160191,-94.172123,
48245006600,Census Tract 66,245,29.953378,-93.885638,
48245000400,Census Tract 4,245,30.099452,-94.141268,
48245000500,Census Tract 5,245,30.108458,-94.13162,
48245000200,Census Tract 2,245,30.134069,-94.159526,
48245011102,Census Tract 111.02,245,29.981489,-93.992278,
48439113110,Census Tract 1131.10,439,32.767393,-97.091339,
48121021739,Census Tract 217.39,121,33.019387,-96.987505,
48121021633,Census Tract 216.33,121,33.01815,-96.878028,
48121021632,Census Tract 216.32,121,33.018371,-96.856291,
48121021635,Census Tract 216.35,121,33.002335,-96.847973,
48121021634,Census Tract 216.34,121,33.006688,-96.853084,
48113013715,Census Tract 137.15,113,32.949975,-96.876385,
48113013716,Census Tract 137.16,113,32.969531,-96.905794,
48113013718,Census Tract 137.18,113,32.960186,-96.891734,
48113013719,Census Tract 137.19,113,32.982893,-96.917344,
48113013720,Census Tract 137.20,113,32.980946,-96.886777,
48157673902,Census Tract 6739.02,157,29.596712,-95.647212,
48113018128,Census Tract 181.28,113,32.854336,-96.606016,
48113018129,Census Tract 181.29,113,32.843118,-96.612994,
48215024501,Census Tract 245.01,215,26.259482,-97.959843,
48215023533,Census Tract 235.33,215,26.283104,-98.240185,
48215021807,Census Tract 218.07,215,26.214993,-98.156045,
48215020733,Census Tract 207.33,215,26.254811,-98.241736,
48215023908,Census Tract 239.08,215,26.299448,-98.200471,
48215023522,Census Tract 235.22,215,26.293285,-98.222676,
48215023531,Census Tract 235.31,215,26.268226,-98.246324,
48029150900,Census Tract 1509,029,29.362427,-98.493227,
48215023532,Census Tract 235.32,215,26.271152,-98.240109,
48215023536,Census Tract 235.36,215,26.274876,-98.21678,
48215021707,Census Tract 217.07,215,26.226361,-98.171925,
48215023905,Census Tract 239.05,215,26.286568,-98.191324,
48215023906,Census Tract 239.06,215,26.26065,-98.189288,
48215023535,Census Tract 235.35,215,26.259429,-98.213179,
48029151000,Census Tract 1510,029,29.362527,-98.510243,
48215020734,Census Tract 207.34,215,26.256625,-98.249579,
48215020409,Census Tract 204.09,215,26.20536,-98.307142,
48479001811,Census Tract 18.11,479,27.487839,-99.456172,
48215020405,Census Tract 204.05,215,26.192253,-98.310005,
48215022802,Census Tract 228.02,215,26.085067,-98.054608,
48215020727,Census Tract 207.27,215,26.257822,-98.261431,
48215020732,Census Tract 207.32,215,26.227862,-98.264368,
48215020731,Census Tract 207.31,215,26.231222,-98.253671,
48215020512,Census Tract 205.12,215,26.189375,-98.258003,
48215021001,Census Tract 210.01,215,26.209402,-98.210839,
48215020730,Census Tract 207.30,215,26.21209,-98.248729,
48029171401,Census Tract 1714.01,029,29.441304,-98.593935,
48215022703,Census Tract 227.03,215,26.150509,-97.985713,
48215022301,Census Tract 223.01,215,26.152261,-98.004845,
48061012607,Census Tract 126.07,061,25.947999,-97.434071,
48215020808,Census Tract 208.08,215,26.258081,-98.228778,
48215020805,Census Tract 208.05,215,26.224009,-98.234558,
48215020407,Census Tract 204.07,215,26.203147,-98.287143,
48215023524,Census Tract 235.24,215,26.345872,-98.113053,
48029171917,Census Tract 1719.17,029,29.441857,-98.699673,
48215020511,Census Tract 205.11,215,26.185954,-98.276449,
48215020909,Census Tract 209.09,215,26.230609,-98.221448,
48091310406,Census Tract 3104.06,091,29.670251,-98.148696,
48215020207,Census Tract 202.07,215,26.243969,-98.38402,
48215020206,Census Tract 202.06,215,26.228998,-98.386109,
48085031331,Census Tract 313.31,085,33.024564,-96.59115,
48215021306,Census Tract 213.06,215,26.096051,-98.179867,
48215022704,Census Tract 227.04,215,26.148192,-97.970638,
48215021808,Census Tract 218.08,215,26.21381,-98.139771,
48029172005,Census Tract 1720.05,029,29.495092,-98.726491,
48215022302,Census Tract 223.02,215,26.13186,-98.001387,
48215020729,Census Tract 207.29,215,26.212802,-98.241661,
48215024122,Census Tract 241.22,215,26.342388,-98.37937,
48479001003,Census Tract 10.03,479,27.506599,-99.459227,
48215022010,Census Tract 220.10,215,26.170452,-98.098592,
48215021314,Census Tract 213.14,215,26.128223,-98.205598,
48215021003,Census Tract 210.03,215,26.214256,-98.229836,
48215020908,Census Tract 209.08,215,26.220741,-98.219328,
48215020906,Census Tract 209.06,215,26.247801,-98.216295,
48215020905,Census Tract 209.05,215,26.243291,-98.205923,
48215023523,Census Tract 235.23,215,26.364755,-98.076113,
48215024212,Census Tract 242.12,215,26.392917,-98.440835,
48215024206,Census Tract 242.06,215,26.26169,-98.545562,
48215022705,Census Tract 227.05,215,26.122102,-97.969597,
48215022801,Census Tract 228.01,215,26.094947,-97.904969,
48479001201,Census Tract 12.01,479,27.526674,-99.497484,
48215023106,Census Tract 231.06,215,26.204734,-97.882542,
48215022504,Census Tract 225.04,215,26.199259,-97.975277,
48215020807,Census Tract 208.07,215,26.265359,-98.227365,
48215020210,Census Tract 202.10,215,26.233283,-98.331628,
48201451406,Census Tract 4514.06,201,29.741797,-95.611192,
48215020910,Census Tract 209.10,215,26.233949,-98.208754,
48215020907,Census Tract 209.07,215,26.223307,-98.207665,
48061012613,Census Tract 126.13,061,25.963227,-97.495638,
48325000200,Census Tract 2,325,29.34447,-99.311856,
48215022107,Census Tract 221.07,215,26.178732,-98.067984,
48309004300,Census Tract 43,309,31.512755,-97.158003,
48325000500,Census Tract 5,325,29.230956,-99.115235,
48215022109,Census Tract 221.09,215,26.189624,-98.062312,
48215021315,Census Tract 213.15,215,26.125732,-98.187253,
48141001400,Census Tract 14,141,31.787766,-106.521841,
48453001915,Census Tract 19.15,453,30.240564,-97.836697,8
48121021638,Census Tract 216.38,121,32.994591,-96.869788,
48215024001,Census Tract 240.01,215,26.30949,-98.169011,
48215024209,Census Tract 242.09,215,26.228787,-98.42295,
48039662300,Census Tract 6623,039,29.175454,-95.422945,
48215023521,Census Tract 235.21,215,26.312217,-98.098844,
48121021637,Census Tract 216.37,121,32.994158,-96.860687,
48039662700,Census Tract 6627,039,29.140155,-95.788238,
48215023520,Census Tract 235.20,215,26.308291,-98.058578,
48215023907,Census Tract 239.07,215,26.297013,-98.183571,
48439121605,Census Tract 1216.05,439,32.747388,-97.125939,
48215022112,Census Tract 221.12,215,26.128562,-98.077258,
48439121608,Census Tract 1216.08,439,32.700447,-97.189879,
48215023105,Census Tract 231.05,215,26.165666,-97.890122,
48141010212,Census Tract 102.12,141,31.970467,-106.41734,
48215022113,Census Tract 221.13,215,26.161755,-98.074792,
48215022006,Census Tract 220.06,215,26.176256,-98.146892,
48215023805,Census Tract 238.05,215,26.283324,-98.158017,
48215023601,Census Tract 236.01,215,26.306652,-98.152625,
48141004317,Census Tract 43.17,141,31.767727,-106.359809,
48215020209,Census Tract 202.09,215,26.240027,-98.357892,
48215024211,Census Tract 242.11,215,26.304073,-98.455524,
48215024124,Census Tract 241.24,215,26.303475,-98.326299,
48479001722,Census Tract 17.22,479,27.586999,-99.458713,
48215024502,Census Tract 245.02,215,26.323293,-97.962306,
48121021743,Census Tract 217.43,121,33.038699,-97.027911,
48215021408,Census Tract 214.08,215,26.163011,-98.200789,
48215021407,Census Tract 214.07,215,26.186818,-98.197588,
48215024210,Census Tract 242.10,215,26.24362,-98.472356,
48121021727,Census Tract 217.27,121,33.000778,-97.051003,
48231961503,Census Tract 9615.03,231,32.942822,-96.095809,
48231961502,Census Tract 9615.02,231,32.95144,-96.232202,
48215021309,Census Tract 213.09,215,26.081579,-98.238465,
48479001202,Census Tract 12.02,479,27.519841,-99.497831,
48215024127,Census Tract 241.27,215,26.31201,-98.390566,
48215024207,Census Tract 242.07,215,26.244808,-98.41307,
48215024121,Census Tract 241.21,215,26.409067,-98.355147,
48215020303,Census Tract 203.03,215,26.233597,-98.286157,
48215023804,Census Tract 238.04,215,26.268113,-98.168171,
48215024126,Census Tract 241.26,215,26.308222,-98.360778,
48479001104,Census Tract 11.04,479,27.520255,-99.474123,
48113013804,Census Tract 138.04,113,32.920641,-96.861261,
48215024118,Census Tract 241.18,215,26.27128,-98.344306,
48215024119,Census Tract 241.19,215,26.255318,-98.351077,
48215020106,Census Tract 201.06,215,26.211934,-98.368571,
48439122802,Census Tract 1228.02,439,32.71329,-97.103533,
48021950700,Census Tract 9507,021,30.018409,-97.171087,
48019000200,Census Tract 2,019,29.759838,-99.392417,
48215024405,Census Tract 244.05,215,26.269295,-98.014243,
48113013902,Census Tract 139.02,113,32.931514,-96.881702,
48215023803,Census Tract 238.03,215,26.258544,-98.141337,
48215023806,Census Tract 238.06,215,26.280937,-98.134989,
48215020505,Census Tract 205.05,215,26.20326,-98.252939,
48215020208,Census Tract 202.08,215,26.226096,-98.359326,
48215020107,Census Tract 201.07,215,26.208564,-98.356859,
48215020211,Census Tract 202.11,215,26.239809,-98.338535,
48215024004,Census Tract 240.04,215,26.329791,-98.181843,
48113014001,Census Tract 140.01,113,32.917324,-96.886607,
48215022011,Census Tract 220.11,215,26.147569,-98.112542,
48215024406,Census Tract 244.06,215,26.249841,-97.992355,
48215021809,Census Tract 218.09,215,26.236381,-98.140836,
48215021810,Census Tract 218.10,215,26.227457,-98.147647,
48215021906,Census Tract 219.06,215,26.227577,-98.109748,
48113019040,Census Tract 190.40,113,32.932321,-96.73872,
48215023528,Census Tract 235.28,215,26.287385,-98.076238,
48113018506,Census Tract 185.06,113,32.897806,-96.69707,
48215023529,Census Tract 235.29,215,26.270331,-98.07818,
48113010904,Census Tract 109.04,113,32.675741,-96.872151,
48215024117,Census Tract 241.17,215,26.271082,-98.304128,
48215021405,Census Tract 214.05,215,26.173803,-98.179891,
48029181819,Census Tract 1818.19,029,29.565075,-98.612493,
48215023526,Census Tract 235.26,215,26.249895,-98.1119,
48215021905,Census Tract 219.05,215,26.211123,-98.096325,
48215023525,Census Tract 235.25,215,26.337921,-98.055023,
48215022503,Census Tract 225.03,215,26.22103,-97.975694,
48215022111,Census Tract 221.11,215,26.219039,-98.068421,
48215022206,Census Tract 222.06,215,26.216442,-98.02583,
48113014132,Census Tract 141.32,113,32.943035,-96.946754,
48215022205,Census Tract 222.05,215,26.180938,-98.027307,
48215020408,Census Tract 204.08,215,26.204441,-98.299138,
48215020506,Census Tract 205.06,215,26.200579,-98.266022,
48215021406,Census Tract 214.06,215,26.181953,-98.17608,
48215021311,Census Tract 213.11,215,26.124562,-98.266707,
48029181817,Census Tract 1818.17,029,29.511135,-98.617985,
48215021310,Census Tract 213.10,215,26.104528,-98.230808,
48215022008,Census Tract 220.08,215,26.178021,-98.124355,
48141010203,Census Tract 102.03,141,31.986731,-106.598634,
48215022009,Census Tract 220.09,215,26.162735,-98.125553,
48215020509,Census Tract 205.09,215,26.160652,-98.268201,
48215021312,Census Tract 213.12,215,26.135383,-98.204339,
48215021307,Census Tract 213.07,215,26.117464,-98.207412,
48215024125,Census Tract 241.25,215,26.309033,-98.347177,
48029171501,Census Tract 1715.01,029,29.415658,-98.58129,
48215020513,Census Tract 205.13,215,26.179726,-98.258085,
48061012509,Census Tract 125.09,061,25.963129,-97.515947,
48215020507,Census Tract 205.07,215,26.162821,-98.249689,
48215020508,Census Tract 205.08,215,26.162779,-98.260569,
48039990000,Census Tract 9900,039,28.912256,-95.292401,
48215021203,Census Tract 212.03,215,26.152603,-98.227133,
48215024003,Census Tract 240.03,215,26.327517,-98.165955,
48215021308,Census Tract 213.08,215,26.1032,-98.267218,
48215021002,Census Tract 210.02,215,26.205149,-98.220716,
48215024123,Census Tract 241.23,215,26.33395,-98.344095,
48215021409,Census Tract 214.09,215,26.158723,-98.182301,
48215022005,Census Tract 220.05,215,26.183943,-98.159432,
48215024131,Census Tract 241.31,215,26.345834,-98.268703,
48215023527,Census Tract 235.27,215,26.245342,-98.066395,
48215024116,Census Tract 241.16,215,26.247895,-98.295825,
48215020735,Census Tract 207.35,215,26.243473,-98.263779,
48215024132,Census Tract 241.32,215,26.322597,-98.279545,
48437950300,Census Tract 9503,437,34.521731,-101.768533,
48215024208,Census Tract 242.08,215,26.260492,-98.445458,
48437950400,Census Tract 9504,437,34.390946,-101.716176,
48265960102,Census Tract 9601.02,265,30.079793,-99.011886,
48265960101,Census Tract 9601.01,265,30.1164,-99.135522,
48265960304,Census Tract 9603.04,265,30.197386,-99.516433,
48265960403,Census Tract 9604.03,265,30.021388,-99.179846,
48215021313,Census Tract 213.13,215,26.133894,-98.165949,
48215020103,Census Tract 201.03,215,26.207821,-98.345925,
48265960404,Census Tract 9604.04,265,30.04821,-99.181524,
48215022110,Census Tract 221.10,215,26.218381,-98.047027,
48439101302,Census Tract 1013.02,439,32.726968,-97.217046,
48215024130,Census Tract 241.30,215,26.341521,-98.308809,
48355001703,Census Tract 17.03,355,27.751737,-97.44857,
48215022007,Census Tract 220.07,215,26.156301,-98.152476,
48215021204,Census Tract 212.04,215,26.183139,-98.218233,
48029191814,Census Tract 1918.14,029,29.702923,-98.466433,
48439110806,Census Tract 1108.06,439,32.754455,-97.521511,
48029172006,Census Tract 1720.06,029,29.459813,-98.784829,
48491020203,Census Tract 202.03,491,30.754459,-97.762405,
48491021602,Census Tract 216.02,491,30.682281,-97.575753,
48491020808,Census Tract 208.08,491,30.545676,-97.462471,
48121021631,Census Tract 216.31,121,33.017439,-96.894233,
48439111312,Census Tract 1113.12,439,32.564589,-97.10352,
48439111307,Census Tract 1113.07,439,32.584734,-97.145848,
48439111406,Census Tract 1114.06,439,32.604152,-97.159893,
48085031631,Census Tract 316.31,085,33.077546,-96.717391,
48221160211,Census Tract 1602.11,221,32.408084,-97.764459,
48221160303,Census Tract 1603.03,221,32.335618,-97.875848,
48221160212,Census Tract 1602.12,221,32.369245,-97.7289,
48221160216,Census Tract 1602.16,221,32.524127,-97.813783,
48201453800,Census Tract 4538,201,29.671205,-95.608991,
48317950100,Census Tract 9501,317,32.326219,-101.964393,
48221160218,Census Tract 1602.18,221,32.459529,-97.74387,
48201550305,Census Tract 5503.05,201,30.004621,-95.435988,
48221160215,Census Tract 1602.15,221,32.487349,-97.829825,
48221160214,Census Tract 1602.14,221,32.423856,-97.720016,
48201453001,Census Tract 4530.01,201,29.695631,-95.573506,
48221160217,Census Tract 1602.17,221,32.523301,-97.70456,
48221160213,Census Tract 1602.13,221,32.430856,-97.690478,
48463950100,Census Tract 9501,463,29.438037,-99.528664,
48463950500,Census Tract 9505,463,29.190241,-99.786898,
48463950400,Census Tract 9504,463,29.222572,-99.7756,
48201433503,Census Tract 4335.03,201,29.686814,-95.555409,
48201432502,Census Tract 4325.02,201,29.724914,-95.52484,
48463950300,Census Tract 9503,463,29.224319,-99.796184,
48029181822,Census Tract 1818.22,029,29.528202,-98.630372,
48029181818,Census Tract 1818.18,029,29.528725,-98.610571,
48029181821,Census Tract 1818.21,029,29.540713,-98.623809,
48029181724,Census Tract 1817.24,029,29.552754,-98.690342,
48201454901,Census Tract 4549.01,201,29.753221,-95.729689,
48029181723,Census Tract 1817.23,029,29.521602,-98.67843,
48227950801,Census Tract 9508.01,227,32.214211,-101.485187,
48303001502,Census Tract 15.02,303,33.566899,-101.879099,
48029181726,Census Tract 1817.26,029,29.531274,-98.694561,
48029181721,Census Tract 1817.21,029,29.542763,-98.673995,
48439123500,Census Tract 1235,439,32.725287,-97.317252,
48439111308,Census Tract 1113.08,439,32.574744,-97.13027,
48439122801,Census Tract 1228.01,439,32.714075,-97.111877,
48439111552,Census Tract 1115.52,439,32.693686,-97.139381,
48439113115,Census Tract 1131.15,439,32.772367,-97.068697,
48099010503,Census Tract 105.03,099,31.142033,-97.787827,
48467950500,Census Tract 9505,467,32.708164,-96.001694,
48467950700,Census Tract 9507,467,32.556683,-95.877405,
48467950300,Census Tract 9503,467,32.706544,-95.873536,
48467950400,Census Tract 9504,467,32.680858,-95.959097,
48467950100,Census Tract 9501,467,32.652345,-95.731131,
48467950200,Census Tract 9502,467,32.675087,-95.707889,
48113007601,Census Tract 76.01,113,32.887735,-96.829498,
48245000700,Census Tract 7,245,30.115811,-94.098085,
48245001100,Census Tract 11,245,30.090599,-94.125016,
48245001200,Census Tract 12,245,30.077662,-94.123128,
48339691601,Census Tract 6916.01,339,30.14923,-95.459366,
48099010504,Census Tract 105.04,099,31.113139,-97.846049,
48479001601,Census Tract 16.01,479,27.541858,-99.476355,
48027023202,Census Tract 232.02,027,31.127275,-97.77675,
48113018501,Census Tract 185.01,113,32.889217,-96.671102,
48167724101,Census Tract 7241.01,167,29.322024,-94.743232,
48245000600,Census Tract 6,245,30.117052,-94.123585,
48113007604,Census Tract 76.04,113,32.887386,-96.795352,
48453002434,Census Tract 24.34,453,30.072855,-97.743328,
48029181720,Census Tract 1817.20,029,29.546104,-98.660096,
48113007605,Census Tract 76.05,113,32.887906,-96.810644,
48029181826,Census Tract 1818.26,029,29.552472,-98.636731,
48029181824,Census Tract 1818.24,029,29.564913,-98.639233,
48113007801,Census Tract 78.01,113,32.873155,-96.777635,
48029181823,Census Tract 1818.23,029,29.579446,-98.639192,
48029181901,Census Tract 1819.01,029,29.596946,-98.60992,
48071990000,Census Tract 9900,071,29.53065,-94.362333,
48029191202,Census Tract 1912.02,029,29.53266,-98.507596,
48029191410,Census Tract 1914.10,029,29.555141,-98.508231,
48029191701,Census Tract 1917.01,029,29.581999,-98.485664,
48029191201,Census Tract 1912.01,029,29.540982,-98.500592,
48113013721,Census Tract 137.21,113,32.976363,-96.871533,
48113013722,Census Tract 137.22,113,32.979968,-96.853527,
48355001202,Census Tract 12.02,355,27.780057,-97.401689,
48029131100,Census Tract 1311,029,29.405597,-98.426822,
48029191412,Census Tract 1914.12,029,29.591843,-98.536802,
48029161303,Census Tract 1613.03,029,29.342827,-98.606722,
48029160901,Census Tract 1609.01,029,29.367606,-98.546091,
48027980001,Census Tract 9800.01,027,31.034385,-97.788556,
48091310608,Census Tract 3106.08,091,29.857538,-98.328781,
48029181403,Census Tract 1814.03,029,29.525775,-98.579716,
48113013725,Census Tract 137.25,113,32.962635,-96.846369,
48183001300,Census Tract 13,183,32.477584,-94.736638,
48183001500,Census Tract 15,183,32.462335,-94.715123,
48183010302,Census Tract 103.02,183,32.504078,-94.836358,
48183010100,Census Tract 101,183,32.600662,-94.75822,
48183010700,Census Tract 107,183,32.390845,-94.881096,
48157670604,Census Tract 6706.04,157,29.596504,-95.514297,
48029121119,Census Tract 1211.19,029,29.560306,-98.451909,
48029121121,Census Tract 1211.21,029,29.588992,-98.432237,
48029160501,Census Tract 1605.01,029,29.411278,-98.538785,
48029191005,Census Tract 1910.05,029,29.485388,-98.504006,
48029171915,Census Tract 1719.15,029,29.423397,-98.683956,
48029171921,Census Tract 1719.21,029,29.395478,-98.700089,
48029171923,Census Tract 1719.23,029,29.455033,-98.651011,
48355001201,Census Tract 12.01,355,27.784153,-97.398267,
48355003003,Census Tract 30.03,355,27.679265,-97.308153,
48091310702,Census Tract 3107.02,091,29.860414,-98.471039,
48091310502,Census Tract 3105.02,091,29.70616,-98.076729,
48419950402,Census Tract 9504.02,419,31.804966,-94.178023,
48419950401,Census Tract 9504.01,419,31.777151,-94.171287,
48453002436,Census Tract 24.36,453,30.106503,-97.659161,
48027020401,Census Tract 204.01,027,31.146827,-97.347373,
48027023203,Census Tract 232.03,027,31.117758,-97.755821,
48479001105,Census Tract 11.05,479,27.521144,-99.459763,
48479001401,Census Tract 14.01,479,27.537227,-99.507947,
48085031706,Census Tract 317.06,085,32.993013,-96.820978,
48121021620,Census Tract 216.20,121,33.006683,-96.959839,
48121021750,Census Tract 217.50,121,33.025407,-97.110154,
48439121905,Census Tract 1219.05,439,32.709615,-97.072076,
48121021742,Census Tract 217.42,121,33.033317,-97.034072,
48355001905,Census Tract 19.05,355,27.727319,-97.423048,
48121020111,Census Tract 201.11,121,33.172513,-96.872678,
48121020203,Census Tract 202.03,121,33.342891,-97.150346,
48113003103,Census Tract 31.03,113,32.780963,-96.794181,
48019000400,Census Tract 4,019,29.577481,-98.961174,
48441010200,Census Tract 102,441,32.481009,-99.729429,
48479000109,Census Tract 1.09,479,27.471277,-99.476832,
48479000108,Census Tract 1.08,479,27.468998,-99.466135,
48479001815,Census Tract 18.15,479,27.578912,-99.010189,
48479000602,Census Tract 6.02,479,27.521406,-99.5201,
48479001402,Census Tract 14.02,479,27.536299,-99.518171,
48479000904,Census Tract 9.04,479,27.516701,-99.489671,
48245006300,Census Tract 63,245,29.894546,-93.932016,
48245006400,Census Tract 64,245,29.90341,-93.924184,
48245006500,Census Tract 65,245,29.9143,-93.915462,
48221160210,Census Tract 1602.10,221,32.343805,-97.661862,
48029161902,Census Tract 1619.02,029,29.318235,-98.763103,
48113007902,Census Tract 79.02,113,32.848044,-96.744277,
48091310404,Census Tract 3104.04,091,29.683116,-98.109736,
48091310503,Census Tract 3105.03,091,29.732674,-98.10078,
48039661602,Census Tract 6616.02,039,29.351865,-95.251606,
48441010300,Census Tract 103,441,32.483595,-99.752554,
48039661601,Census Tract 6616.01,039,29.391121,-95.21341,
48091310604,Census Tract 3106.04,091,29.882676,-98.274656,
48091310501,Census Tract 3105.01,091,29.706199,-98.10406,
48135001000,Census Tract 10,135,31.855882,-102.403205,
48453002211,Census Tract 22.11,453,30.274299,-97.619256,
48441010400,Census Tract 104,441,32.474369,-99.748606,
48453002500,Census Tract 25,453,30.416676,-97.755145,10
48085031708,Census Tract 317.08,085,32.99281,-96.805125,
48355005416,Census Tract 54.16,355,27.652046,-97.394374,
48029181725,Census Tract 1817.25,029,29.460189,-98.626013,
48121020110,Census Tract 201.10,121,33.184063,-96.877563,
48441010500,Census Tract 105,441,32.47446,-99.766854,
48121021626,Census Tract 216.26,121,33.075514,-96.847148,
48121021737,Census Tract 217.37,121,32.993191,-96.991912,
48441010600,Census Tract 106,441,32.465822,-99.769679,
48355003004,Census Tract 30.04,355,27.659263,-97.250821,
48355005605,Census Tract 56.05,355,27.783507,-97.677845,
48355000602,Census Tract 6.02,355,27.805271,-97.433579,
48355005803,Census Tract 58.03,355,27.866939,-97.830079,
48355006205,Census Tract 62.05,355,27.754252,-97.173385,
48363000600,Census Tract 6,363,32.821374,-98.08692,
48355005103,Census Tract 51.03,355,27.820898,-97.089193,
48355005104,Census Tract 51.04,355,27.834677,-97.056141,
48029161801,Census Tract 1618.01,029,29.384202,-98.64785,
48029181722,Census Tract 1817.22,029,29.513574,-98.672863,
48029181730,Census Tract 1817.30,029,29.492877,-98.670362,
48029131507,Census Tract 1315.07,029,29.463299,-98.370801,
48029131608,Census Tract 1316.08,029,29.512488,-98.304625,
48245001301,Census Tract 13.01,245,30.069557,-94.146778,
48157670102,Census Tract 6701.02,157,29.58431,-95.464378,
48121021738,Census Tract 217.38,121,32.995963,-96.967179,
48121021735,Census Tract 217.35,121,33.007703,-96.982958,
48157670602,Census Tract 6706.02,157,29.589753,-95.50197,
48453002432,Census Tract 24.32,453,30.130245,-97.71956,2
48157671001,Census Tract 6710.01,157,29.573883,-95.552457,
48245007002,Census Tract 70.02,245,29.93587,-93.955433,
48245005600,Census Tract 56,245,29.90592,-93.905652,
48479001103,Census Tract 11.03,479,27.520341,-99.465448,
48201321700,Census Tract 3217,201,29.67773,-95.23559,
48001951001,Census Tract 9510.01,001,31.645383,-95.426999,
48479001716,Census Tract 17.16,479,27.586081,-99.523272,
48479001718,Census Tract 17.18,479,27.552409,-99.496939,
48479001719,Census Tract 17.19,479,27.551447,-99.485709,
48001951002,Census Tract 9510.02,001,31.600393,-95.640306,
48439113116,Census Tract 1131.16,439,32.779914,-97.065003,
48439123100,Census Tract 1231,439,32.738569,-97.308725,
48439113218,Census Tract 1132.18,439,32.865899,-97.19518,
48029121701,Census Tract 1217.01,029,29.556141,-98.289906,
48029121605,Census Tract 1216.05,029,29.545075,-98.330155,
48029131610,Census Tract 1316.10,029,29.4949,-98.318013,
48157671002,Census Tract 6710.02,157,29.572435,-95.532551,
48441010700,Census Tract 107,441,32.46554,-99.748947,
48157670902,Census Tract 6709.02,157,29.548718,-95.484318,
48091310804,Census Tract 3108.04,091,29.641178,-98.218072,
48091310905,Census Tract 3109.05,091,29.792342,-98.126822,
48091310614,Census Tract 3106.14,091,29.835608,-98.199778,
48091310611,Census Tract 3106.11,091,29.896535,-98.179462,
48091310610,Census Tract 3106.10,091,29.893558,-98.388886,
48091310612,Census Tract 3106.12,091,29.903167,-98.219535,
48439113301,Census Tract 1133.01,439,32.814452,-97.22648,
48091310904,Census Tract 3109.04,091,29.75181,-98.037282,
48091310708,Census Tract 3107.08,091,29.761986,-98.342226,
48091310707,Census Tract 3107.07,091,29.727368,-98.244169,
48091310613,Census Tract 3106.13,091,29.856871,-98.234114,
48141000600,Census Tract 6,141,31.832269,-106.448506,
48091310705,Census Tract 3107.05,091,29.771294,-98.446077,
48091310706,Census Tract 3107.06,091,29.78087,-98.537079,
48091310803,Census Tract 3108.03,091,29.676521,-98.226869,
48091310405,Census Tract 3104.05,091,29.67685,-98.129435,
48091310609,Census Tract 3106.09,091,29.91236,-98.309835,
48091310301,Census Tract 3103.01,091,29.702739,-98.151011,
48439113408,Census Tract 1134.08,439,32.815326,-97.176187,
48091310302,Census Tract 3103.02,091,29.717286,-98.141043,
48493000406,Census Tract 4.06,493,29.262594,-98.240381,
48493000405,Census Tract 4.05,493,29.302777,-98.22663,
48029131505,Census Tract 1315.05,029,29.473548,-98.369044,
48029131614,Census Tract 1316.14,029,29.474315,-98.340938,
48355006201,Census Tract 62.01,355,27.589155,-97.230222,
48355005804,Census Tract 58.04,355,27.829341,-97.679223,
48355006203,Census Tract 62.03,355,27.609496,-97.2282,
48355003205,Census Tract 32.05,355,27.696982,-97.352642,
48355003206,Census Tract 32.06,355,27.692195,-97.354371,
48441010800,Census Tract 108,441,32.46573,-99.728594,
48355002707,Census Tract 27.07,355,27.695611,-97.34154,
48355006204,Census Tract 62.04,355,27.61945,-97.24424,
48355002708,Census Tract 27.08,355,27.69024,-97.320028,
48355005603,Census Tract 56.03,355,27.811787,-97.672881,
48355006202,Census Tract 62.02,355,27.592674,-97.258184,
48355005604,Census Tract 56.04,355,27.809555,-97.65582,
48355005606,Census Tract 56.06,355,27.785928,-97.649418,
48355000601,Census Tract 6.01,355,27.792164,-97.434194,
48355001704,Census Tract 17.04,355,27.756363,-97.441113,
48085031709,Census Tract 317.09,085,33.004345,-96.78249,
48439121606,Census Tract 1216.06,439,32.721114,-97.19253,
48439102602,Census Tract 1026.02,439,32.730447,-97.381386,
48439114203,Census Tract 1142.03,439,32.946912,-97.523742,
48439102601,Census Tract 1026.01,439,32.727753,-97.396378,
48141004313,Census Tract 43.13,141,31.762985,-106.321757,
48153950500,Census Tract 9505,153,34.17905,-101.301159,
48153950600,Census Tract 9506,153,33.941758,-101.298592,
48439104804,Census Tract 1048.04,439,32.690196,-97.356208,
48201321900,Census Tract 3219,201,29.695772,-95.224864,
48201240802,Census Tract 2408.02,201,30.021936,-95.366812,
48201421403,Census Tract 4214.03,201,29.709121,-95.488896,
48201421402,Census Tract 4214.02,201,29.714591,-95.486856,
48161000300,Census Tract 3,161,31.723951,-96.172053,
48161000200,Census Tract 2,161,31.730682,-96.153962,
48161000700,Census Tract 7,161,31.625477,-96.28243,
48161000900,Census Tract 9,161,31.643732,-95.95568,
48161000600,Census Tract 6,161,31.597703,-96.246601,
48161000400,Census Tract 4,161,31.799475,-96.346987,
48439113813,Census Tract 1138.13,439,32.90475,-97.224226,
48439113919,Census Tract 1139.19,439,32.883646,-97.27997,
48029121904,Census Tract 1219.04,029,29.637163,-98.443264,
48167721703,Census Tract 7217.03,167,29.497749,-94.966885,
48029191808,Census Tract 1918.08,029,29.656996,-98.465766,
48029191810,Census Tract 1918.10,029,29.675663,-98.464988,
48029191304,Census Tract 1913.04,029,29.528847,-98.490159,
48029151301,Census Tract 1513.01,029,29.347105,-98.525706,
48121021733,Census Tract 217.33,121,33.007213,-96.998714,
48121021734,Census Tract 217.34,121,33.01181,-96.99029,
48115950500,Census Tract 9505,115,32.727636,-101.960248,
48115950600,Census Tract 9506,115,32.853051,-101.81572,
48201423201,Census Tract 4232.01,201,29.66093,-95.542662,
48167720702,Census Tract 7207.02,167,29.499182,-95.104299,
48201534203,Census Tract 5342.03,201,29.873001,-95.536881,
48121021732,Census Tract 217.32,121,33.013513,-96.998773,
48201322000,Census Tract 3220,201,29.701507,-95.217515,
48121021731,Census Tract 217.31,121,33.012312,-97.012773,
48121021729,Census Tract 217.29,121,33.014598,-97.038097,
48439113520,Census Tract 1135.20,439,32.871999,-97.074522,
48121021726,Census Tract 217.26,121,33.016846,-97.058808,
48201534002,Census Tract 5340.02,201,29.908277,-95.500725,
48201534003,Census Tract 5340.03,201,29.930164,-95.512437,
48439113221,Census Tract 1132.21,439,32.85384,-97.202665,
48245010200,Census Tract 102,245,29.921165,-93.924455,
48479001720,Census Tract 17.20,479,27.574391,-99.491318,
48127950202,Census Tract 9502.02,127,28.476395,-99.964871,
48127950201,Census Tract 9502.01,127,28.522185,-99.862592,
48145000800,Census Tract 8,145,31.308868,-96.808161,
48439104803,Census Tract 1048.03,439,32.695722,-97.346023,
48027022104,Census Tract 221.04,027,31.119429,-97.67764,
48027020201,Census Tract 202.01,027,31.125744,-97.47058,
48027022403,Census Tract 224.03,027,31.065637,-97.706158,
48027020402,Census Tract 204.02,027,31.125796,-97.299347,
48439113521,Census Tract 1135.21,439,32.8587,-97.071317,
48479001721,Census Tract 17.21,479,27.579407,-99.477382,
48199030302,Census Tract 303.02,199,30.278378,-94.347126,
48199030301,Census Tract 303.01,199,30.433109,-94.362525,
48199030503,Census Tract 305.03,199,30.214272,-94.213518,
48199030504,Census Tract 305.04,199,30.256378,-94.203102,
48029192100,Census Tract 1921,029,29.408368,-98.493617,
48113014119,Census Tract 141.19,113,32.958572,-96.98462,
48439104900,Census Tract 1049,439,32.802352,-97.29789,
48113014120,Census Tract 141.20,113,32.960796,-96.966968,
48113014123,Census Tract 141.23,113,32.982106,-96.960804,
48113014126,Census Tract 141.26,113,32.952746,-97.009458,
48157671602,Census Tract 6716.02,157,29.592223,-95.586978,
48157671601,Census Tract 6716.01,157,29.597853,-95.603064,
48029192300,Census Tract 1923,029,29.566457,-98.501561,
48029191900,Census Tract 1919,029,29.428086,-98.470418,
48201451401,Census Tract 4514.01,201,29.750367,-95.612367,
48201212500,Census Tract 2125,201,29.752084,-95.276706,
48439105902,Census Tract 1059.02,439,32.675202,-97.295412,
48439105007,Census Tract 1050.07,439,32.851113,-97.306031,
48439105514,Census Tract 1055.14,439,32.675181,-97.405053,
48439113522,Census Tract 1135.22,439,32.856233,-97.067231,
48439105513,Census Tract 1055.13,439,32.668708,-97.414847,
48027022501,Census Tract 225.01,027,31.102688,-97.724092,
48027022105,Census Tract 221.05,027,31.12535,-97.67369,
48221160206,Census Tract 1602.06,221,32.432706,-97.760589,
48029171920,Census Tract 1719.20,029,29.403629,-98.674503,
48439113948,Census Tract 1139.48,439,32.907317,-97.259883,
48029171913,Census Tract 1719.13,029,29.423738,-98.671767,
48029171916,Census Tract 1719.16,029,29.422791,-98.69985,
48029180101,Census Tract 1801.01,029,29.459502,-98.538022,
48029171302,Census Tract 1713.02,029,29.453727,-98.570547,
48029192000,Census Tract 1920,029,29.460099,-98.469386,
48029192200,Census Tract 1922,029,29.347876,-98.464812,
48029191506,Census Tract 1915.06,029,29.557937,-98.543858,
48463950201,Census Tract 9502.01,463,29.362904,-99.898132,
48463950202,Census Tract 9502.02,463,29.160723,-99.654118,
48329010120,Census Tract 101.20,329,32.010429,-102.176369,
48439111018,Census Tract 1110.18,439,32.573843,-97.426195,
48121020112,Census Tract 201.12,121,33.172911,-96.889988,
48439111566,Census Tract 1115.66,439,32.606461,-97.045693,
48121021725,Census Tract 217.25,121,33.026463,-97.065982,
48479000107,Census Tract 1.07,479,27.477372,-99.468057,
48479000106,Census Tract 1.06,479,27.485007,-99.467106,
48439111526,Census Tract 1115.26,439,32.703135,-97.134643,
48439111529,Census Tract 1115.29,439,32.697565,-97.175269,
48027023201,Census Tract 232.01,027,31.127309,-97.755297,
48027022405,Census Tract 224.05,027,31.083339,-97.71356,
48029171914,Census Tract 1719.14,029,29.433975,-98.681154,
48029171918,Census Tract 1719.18,029,29.455666,-98.700478,
48029191812,Census Tract 1918.12,029,29.655165,-98.487761,
48479980000,Census Tract 9800,479,27.544457,-99.462461,
48479000601,Census Tract 6.01,479,27.516789,-99.513606,
48479000903,Census Tract 9.03,479,27.526425,-99.489624,
48029181727,Census Tract 1817.27,029,29.471836,-98.641598,
48029171924,Census Tract 1719.24,029,29.461683,-98.676727,
48439113710,Census Tract 1137.10,439,32.962034,-97.09576,
48439104701,Census Tract 1047.01,439,32.691721,-97.336033,
48029171402,Census Tract 1714.02,029,29.443,-98.581994,
48029980005,Census Tract 9800.05,029,29.578233,-98.748415,
48157672702,Census Tract 6727.02,157,29.645125,-95.66532,
48157672602,Census Tract 6726.02,157,29.687578,-95.679476,
48439113404,Census Tract 1134.04,439,32.831356,-97.176008,
48439113517,Census Tract 1135.17,439,32.858666,-97.078134,
48029181731,Census Tract 1817.31,029,29.502642,-98.672662,
48029180102,Census Tract 1801.02,029,29.46571,-98.536781,
48029180604,Census Tract 1806.04,029,29.481271,-98.570633,
48029191006,Census Tract 1910.06,029,29.486493,-98.516811,
48029181404,Census Tract 1814.04,029,29.528642,-98.588205,
48381021500,Census Tract 215,381,35.132698,-101.889041,
48113014203,Census Tract 142.03,113,32.845841,-96.945849,
48113014204,Census Tract 142.04,113,32.847943,-96.924353,
48141010346,Census Tract 103.46,141,31.671436,-106.262636,
48141000208,Census Tract 2.08,141,31.918055,-106.386,
48121021749,Census Tract 217.49,121,33.054945,-97.101751,
48141003402,Census Tract 34.02,141,31.79262,-106.40217,
48141010222,Census Tract 102.22,141,31.937914,-106.608777,
48121021751,Census Tract 217.51,121,33.028139,-97.098378,
48141010220,Census Tract 102.20,141,31.94901,-106.539471,
48141010211,Census Tract 102.11,141,31.938779,-106.473035,
48141000207,Census Tract 2.07,141,31.903732,-106.396524,
48141001114,Census Tract 11.14,141,31.819406,-106.533856,
48259970102,Census Tract 9701.02,259,30.023604,-98.680296,
48259970404,Census Tract 9704.04,259,29.876714,-98.702267,
48259970406,Census Tract 9704.06,259,29.782734,-98.644513,
48121021752,Census Tract 217.52,121,33.024437,-97.084388,
48259970405,Census Tract 9704.05,259,29.747648,-98.721136,
48259970403,Census Tract 9704.03,259,29.868796,-98.599128,
48259970101,Census Tract 9701.01,259,29.938232,-98.842375,
48029191505,Census Tract 1915.05,029,29.552845,-98.548015,
48439111309,Census Tract 1113.09,439,32.557664,-97.125487,
48439105901,Census Tract 1059.01,439,32.677029,-97.319613,
48441011400,Census Tract 114,441,32.442078,-99.77898,
48439123200,Census Tract 1232,439,32.77076,-97.328566,
48439123600,Census Tract 1236,439,32.730184,-97.328308,
48113014306,Census Tract 143.06,113,32.843864,-96.984591,
48491020113,Census Tract 201.13,491,30.670166,-97.662111,
48121021520,Census Tract 215.20,121,33.090746,-96.881193,
48439111540,Census Tract 1115.40,439,32.670908,-97.101015,
48439111541,Census Tract 1115.41,439,32.651782,-97.108563,
48439111542,Census Tract 1115.42,439,32.635651,-97.108796,
48029172004,Census Tract 1720.04,029,29.493794,-98.763261,
48029181815,Census Tract 1818.15,029,29.546934,-98.593782,
48029181813,Census Tract 1818.13,029,29.556723,-98.579913,
48029121905,Census Tract 1219.05,029,29.653564,-98.430274,
48029172003,Census Tract 1720.03,029,29.438656,-98.723716,
48439111543,Census Tract 1115.43,439,32.65021,-97.124964,
48439111544,Census Tract 1115.44,439,32.635605,-97.125252,
48439111551,Census Tract 1115.51,439,32.604005,-97.134111,
48121021800,Census Tract 218,121,33.099152,-96.848414,
48437950200,Census Tract 9502,437,34.610014,-101.749679,
48439111311,Census Tract 1113.11,439,32.595382,-97.101299,
48029191503,Census Tract 1915.03,029,29.574561,-98.570098,
48041000900,Census Tract 9,041,30.647042,-96.365505,
48029191504,Census Tract 1915.04,029,29.582102,-98.560615,
48029181820,Census Tract 1818.20,029,29.577588,-98.616121,
48061013207,Census Tract 132.07,061,25.93037,-97.412546,
48121021722,Census Tract 217.22,121,33.044949,-97.056546,
48029181814,Census Tract 1818.14,029,29.575382,-98.58921,
48029181816,Census Tract 1818.16,029,29.555596,-98.60832,
48061013303,Census Tract 133.03,061,25.924665,-97.454616,
48265960601,Census Tract 9606.01,265,30.033389,-99.128688,
48265960602,Census Tract 9606.02,265,30.043867,-99.123788,
48265960303,Census Tract 9603.03,265,30.083903,-99.225595,
48355002102,Census Tract 21.02,355,27.755667,-97.382535,
48355003304,Census Tract 33.04,355,27.695469,-97.386991,
48329010116,Census Tract 101.16,329,32.042021,-102.154359,
48355003102,Census Tract 31.02,355,27.644157,-97.325603,
48355005415,Census Tract 54.15,355,27.669495,-97.384477,
48355005411,Census Tract 54.11,355,27.685896,-97.392968,
48355005413,Census Tract 54.13,355,27.679056,-97.378723,
48157674601,Census Tract 6746.01,157,29.555692,-95.678975,
48157674603,Census Tract 6746.03,157,29.544584,-95.690747,
48439113108,Census Tract 1131.08,439,32.76849,-97.133082,
48329010115,Census Tract 101.15,329,32.022763,-102.157576,
48141001115,Census Tract 11.15,141,31.807225,-106.512397,
48439113206,Census Tract 1132.06,439,32.817983,-97.249069,
48439113207,Census Tract 1132.07,439,32.887219,-97.224942,
48007990000,Census Tract 9900,007,27.930529,-96.938115,
48085030521,Census Tract 305.21,085,33.18152,-96.776068,
48303010302,Census Tract 103.02,303,33.69612,-101.993962,
48141010218,Census Tract 102.18,141,31.891646,-106.617734,
48113012601,Census Tract 126.01,113,32.85476,-96.660171,
48113012701,Census Tract 127.01,113,32.85219,-96.672397,
48113012702,Census Tract 127.02,113,32.839797,-96.676146,
48113012900,Census Tract 129,113,32.849892,-96.711828,
48113014310,Census Tract 143.10,113,32.858026,-96.984998,
48113014405,Census Tract 144.05,113,32.831659,-96.985477,
48113014406,Census Tract 144.06,113,32.821592,-96.984733,
48113014407,Census Tract 144.07,113,32.830872,-97.00069,
48113014408,Census Tract 144.08,113,32.819364,-96.998621,
48113004700,Census Tract 47,113,32.746299,-96.83023,
48113014309,Census Tract 143.09,113,32.856959,-96.989544,
48085031643,Census Tract 316.43,085,33.064267,-96.743031,
48085030520,Census Tract 305.20,085,33.182131,-96.793817,
48085030407,Census Tract 304.07,085,33.12755,-96.834062,
48085030406,Census Tract 304.06,085,33.131787,-96.809067,
48157670903,Census Tract 6709.03,157,29.548911,-95.520074,
48085030518,Census Tract 305.18,085,33.157374,-96.765656,
48507950302,Census Tract 9503.02,507,28.66912,-99.821321,
48507950200,Census Tract 9502,507,28.980591,-99.952092,
48049950700,Census Tract 9507,049,31.71807,-98.971418,
48049951300,Census Tract 9513,049,31.577931,-99.035813,
48049950100,Census Tract 9501,049,31.972269,-98.999151,
48113004800,Census Tract 48,113,32.743687,-96.817542,
48049950800,Census Tract 9508,049,31.705963,-98.989156,
48113013620,Census Tract 136.20,113,32.961721,-96.817323,
48049951000,Census Tract 9510,049,31.701358,-98.962828,
48049951100,Census Tract 9511,049,31.671342,-98.975684,
48259970500,Census Tract 9705,259,29.789561,-98.72611,
48507950100,Census Tract 9501,507,28.957194,-99.612423,
48507950301,Census Tract 9503.01,507,28.761956,-99.790649,
48113006402,Census Tract 64.02,113,32.727511,-96.873427,
48439106518,Census Tract 1065.18,439,32.823067,-97.046313,
48113010804,Census Tract 108.04,113,32.713235,-96.86276,
48113010805,Census Tract 108.05,113,32.711525,-96.879398,
48113006401,Census Tract 64.01,113,32.725866,-96.863615,
48113013104,Census Tract 131.04,113,32.8835,-96.773878,
48113019041,Census Tract 190.41,113,32.92883,-96.727131,
48141010372,Census Tract 103.72,141,31.717433,-106.189912,
48141010338,Census Tract 103.38,141,31.720205,-106.285903,
48141010337,Census Tract 103.37,141,31.734982,-106.276981,
48113007823,Census Tract 78.23,113,32.892465,-96.76443,
48113007822,Census Tract 78.22,113,32.876884,-96.766393,
48157675402,Census Tract 6754.02,157,29.549232,-95.886029,
48201431206,Census Tract 4312.06,201,29.740852,-95.514045,
48113007821,Census Tract 78.21,113,32.873494,-96.747555,
48113013011,Census Tract 130.11,113,32.878191,-96.692442,
48113007827,Census Tract 78.27,113,32.882557,-96.73175,
48113013005,Census Tract 130.05,113,32.874587,-96.704985,
48113013007,Census Tract 130.07,113,32.869636,-96.693929,
48113013008,Census Tract 130.08,113,32.885948,-96.723615,
48113013009,Census Tract 130.09,113,32.887282,-96.712743,
48201432903,Census Tract 4329.03,201,29.709988,-95.536737,
48113013101,Census Tract 131.01,113,32.902711,-96.779024,
48113007826,Census Tract 78.26,113,32.87125,-96.734187,
48113007824,Census Tract 78.24,113,32.877837,-96.738119,
48201431205,Census Tract 4312.05,201,29.739306,-95.518483,
48113007825,Census Tract 78.25,113,32.893689,-96.73464,
48113013102,Census Tract 131.02,113,32.88767,-96.781802,
48113014501,Census Tract 145.01,113,32.831559,-96.967809,
48201222601,Census Tract 2226.01,201,29.93508,-95.390348,
48113014502,Census Tract 145.02,113,32.822127,-96.957055,
48113014602,Census Tract 146.02,113,32.826346,-96.939085,
48113014701,Census Tract 147.01,113,32.833568,-96.925925,
48113007910,Census Tract 79.10,113,32.858569,-96.763085,
48113007909,Census Tract 79.09,113,32.853466,-96.766566,
48113013806,Census Tract 138.06,113,32.934965,-96.837795,
48113013727,Census Tract 137.27,113,32.966789,-96.83832,
48439113509,Census Tract 1135.09,439,32.844812,-97.091334,
48439113511,Census Tract 1135.11,439,32.823717,-97.114956,
48439113512,Census Tract 1135.12,439,32.831079,-97.121847,
48141004004,Census Tract 40.04,141,31.694267,-106.310789,
48439113513,Census Tract 1135.13,439,32.829229,-97.078722,
48113014205,Census Tract 142.05,113,32.856866,-96.94003,
48113016412,Census Tract 164.12,113,32.660697,-96.992828,
48141010336,Census Tract 103.36,141,31.747882,-106.274458,
48141004318,Census Tract 43.18,141,31.763821,-106.347728,
48441013404,Census Tract 134.04,441,32.357944,-99.686413,
48025950600,Census Tract 9506,025,28.216852,-97.679776,
48141010360,Census Tract 103.60,141,31.691704,-106.207143,
48025950300,Census Tract 9503,025,28.420717,-97.754541,
48025950100,Census Tract 9501,025,28.600803,-97.896628,
48025950400,Census Tract 9504,025,28.403027,-97.759451,
48113013300,Census Tract 133,113,32.902679,-96.793393,
48113013400,Census Tract 134,113,32.902116,-96.811385,
48113013500,Census Tract 135,113,32.902392,-96.828527,
48113013605,Census Tract 136.05,113,32.969957,-96.774946,
48113013606,Census Tract 136.06,113,32.956142,-96.795351,
48113013608,Census Tract 136.08,113,32.938731,-96.795192,
48113015202,Census Tract 152.02,113,32.820537,-96.970722,
48113015205,Census Tract 152.05,113,32.812329,-96.968019,
48113015206,Census Tract 152.06,113,32.805223,-96.968505,
48135002503,Census Tract 25.03,135,31.90539,-102.341054,
48113015303,Census Tract 153.03,113,32.807333,-97.025216,
48113015305,Census Tract 153.05,113,32.810085,-96.985486,
48045950200,Census Tract 9502,045,34.525172,-101.205893,
48113009101,Census Tract 91.01,113,32.756563,-96.694355,
48439110905,Census Tract 1109.05,439,32.675984,-97.435674,
48439121610,Census Tract 1216.10,439,32.68772,-97.194298,
48439113908,Census Tract 1139.08,439,32.934228,-97.171727,
48439104502,Census Tract 1045.02,439,32.706753,-97.325776,
48113009401,Census Tract 94.01,113,32.871828,-96.852032,
48113009402,Census Tract 94.02,113,32.871258,-96.843165,
48113009500,Census Tract 95,113,32.887738,-96.847363,
48209010100,Census Tract 101,209,29.880147,-97.945979,
48085031511,Census Tract 315.11,085,33.08628,-96.675184,
48209010302,Census Tract 103.02,209,29.867248,-97.901209,
48001950901,Census Tract 9509.01,001,31.706246,-95.735873,
48001951100,Census Tract 9511,001,31.92191,-95.842974,
48041002009,Census Tract 20.09,041,30.566053,-96.24194,
48041002011,Census Tract 20.11,041,30.446851,-96.227047,
48085031325,Census Tract 313.25,085,33.023474,-96.644376,
48117950400,Census Tract 9504,117,34.825797,-102.402716,
48041980000,Census Tract 9800,041,30.58661,-96.366575,
48085031422,Census Tract 314.22,085,33.078579,-96.662283,
48005000902,Census Tract 9.02,005,31.282391,-94.724699,
48005000301,Census Tract 3.01,005,31.371135,-94.774313,
48187210804,Census Tract 2108.04,187,29.528904,-98.126503,
48187210803,Census Tract 2108.03,187,29.44431,-98.040187,
48029181733,Census Tract 1817.33,029,29.51335,-98.71351,
48187210505,Census Tract 2105.05,187,29.807014,-97.89582,
48063950102,Census Tract 9501.02,063,32.998903,-95.053865,
48063950101,Census Tract 9501.01,063,32.947099,-94.920077,
48109950300,Census Tract 9503,109,31.445909,-104.526945,
48281950302,Census Tract 9503.02,281,31.104544,-98.214454,
48201530300,Census Tract 5303,201,29.817526,-95.38879,
48061010602,Census Tract 106.02,061,26.208273,-97.681101,
48061010700,Census Tract 107,061,26.200364,-97.689478,
48019000103,Census Tract 1.03,019,29.772817,-99.10305,
48019000301,Census Tract 3.01,019,29.650741,-99.001374,
48019000104,Census Tract 1.04,019,29.761212,-98.931969,
48019000302,Census Tract 3.02,019,29.656384,-98.887461,
48201455000,Census Tract 4550,201,29.753334,-95.760303,
48201530400,Census Tract 5304,201,29.826123,-95.387978,
48369950200,Census Tract 9502,369,34.648277,-102.751011,
48369950300,Census Tract 9503,369,34.446562,-102.811673,
48201455200,Census Tract 4552,201,29.77997,-95.765042,
48201455300,Census Tract 4553,201,29.775146,-95.790629,
48027022503,Census Tract 225.03,027,31.08135,-97.72561,
48231960800,Census Tract 9608,231,33.151747,-96.141782,
48231961600,Census Tract 9616,231,32.896294,-96.055421,
48231960300,Census Tract 9603,231,33.285915,-96.208708,
48231960900,Census Tract 9609,231,33.131764,-96.123908,
48181000903,Census Tract 9.03,181,33.682152,-96.5963,
48181000306,Census Tract 3.06,181,33.864101,-96.658132,
48181001902,Census Tract 19.02,181,33.512991,-96.873911,
48181000305,Census Tract 3.05,181,33.803217,-96.761573,
48181001103,Census Tract 11.03,181,33.65958,-96.903694,
48007950400,Census Tract 9504,007,28.017158,-97.070912,
48007950200,Census Tract 9502,007,28.034787,-97.027595,
48009020200,Census Tract 202,009,33.646814,-98.781849,
48009020300,Census Tract 203,009,33.523559,-98.587574,
48009020100,Census Tract 201,009,33.78344,-98.52597,
48201532600,Census Tract 5326,201,29.891619,-95.489209,
48027021102,Census Tract 211.02,027,31.089001,-97.36953,
48011950100,Census Tract 9501,011,34.964179,-101.356636,
48245007003,Census Tract 70.03,245,29.953884,-93.97812,
48245000314,Census Tract 3.14,245,30.10729,-94.158114,
48245000312,Census Tract 3.12,245,30.103535,-94.179657,
48245000311,Census Tract 3.11,245,30.098579,-94.159127,
48029131700,Census Tract 1317,029,29.529533,-98.278425,
48245011205,Census Tract 112.05,245,30.023984,-94.036918,
48245011401,Census Tract 114.01,245,30.066105,-94.333525,
48245980200,Census Tract 9802,245,29.985982,-94.050079,
48245980300,Census Tract 9803,245,29.969366,-94.083289,
48245011204,Census Tract 112.04,245,29.972116,-94.030177,
48245007004,Census Tract 70.04,245,29.944946,-93.978751,
48029140100,Census Tract 1401,029,29.406368,-98.478781,
48245000313,Census Tract 3.13,245,30.121691,-94.1599,
48201530800,Census Tract 5308,201,29.853449,-95.420227,
48201531500,Census Tract 5315,201,29.836908,-95.476414,
48201531600,Census Tract 5316,201,29.838057,-95.453479,
48201531700,Census Tract 5317,201,29.835779,-95.435762,
48201531800,Census Tract 5318,201,29.853459,-95.436344,
48201531900,Census Tract 5319,201,29.852949,-95.449919,
48201510100,Census Tract 5101,201,29.769383,-95.371027,
48201510400,Census Tract 5104,201,29.784318,-95.392424,
48201510500,Census Tract 5105,201,29.784225,-95.403797,
48085031318,Census Tract 313.18,085,33.020251,-96.555616,
48085031327,Census Tract 313.27,085,33.02888,-96.628655,
48085031416,Census Tract 314.16,085,33.117677,-96.717292,
48029140200,Census Tract 1402,029,29.396202,-98.481068,
48209010813,Census Tract 108.13,209,30.036666,-98.152734,
48209010811,Census Tract 108.11,209,30.042626,-98.211941,
48029140300,Census Tract 1403,029,29.386882,-98.483546,
48209010918,Census Tract 109.18,209,29.974145,-97.84999,
48135003001,Census Tract 30.01,135,32.020926,-102.413973,
48203020106,Census Tract 201.06,203,32.461946,-94.079707,
48203020201,Census Tract 202.01,203,32.668555,-94.612317,
48209010920,Census Tract 109.20,209,30.02417,-97.747331,
48203020202,Census Tract 202.02,203,32.641089,-94.415099,
48203020105,Census Tract 201.05,203,32.628969,-94.108682,
48489950500,Census Tract 9505,489,26.404627,-97.727519,
48489950700,Census Tract 9507,489,26.515493,-97.578945,
48489950400,Census Tract 9504,489,26.484208,-97.734319,
48489950600,Census Tract 9506,489,26.342102,-97.696771,
48029140500,Census Tract 1405,029,29.396405,-98.454996,
48209010913,Census Tract 109.13,209,30.062012,-97.849171,
48209010912,Census Tract 109.12,209,30.132535,-97.927699,8
48029140700,Census Tract 1407,029,29.387522,-98.460982,
48209010917,Census Tract 109.17,209,29.94857,-97.856614,
48209010812,Census Tract 108.12,209,30.021225,-98.054481,
48029140800,Census Tract 1408,029,29.377657,-98.469619,
48029140900,Census Tract 1409,029,29.379812,-98.454866,
48209010818,Census Tract 108.18,209,30.290963,-98.146922,
48209010817,Census Tract 108.17,209,30.237864,-98.165144,
48201530900,Census Tract 5309,201,29.835965,-95.420147,
48201531100,Census Tract 5311,201,29.824512,-95.437674,
48201531300,Census Tract 5313,201,29.823194,-95.463003,
48201531400,Census Tract 5314,201,29.830203,-95.470995,
48135002701,Census Tract 27.01,135,31.876762,-102.473341,
48135002804,Census Tract 28.04,135,31.812919,-102.454612,
48029141000,Census Tract 1410,029,29.370984,-98.457346,
48419950600,Census Tract 9506,419,31.711317,-93.942853,
48419950500,Census Tract 9505,419,31.701484,-94.209437,
48419950100,Census Tract 9501,419,31.916225,-94.111115,
48135002702,Census Tract 27.02,135,31.865301,-102.542507,
48135003003,Census Tract 30.03,135,31.758457,-102.315475,
48061010900,Census Tract 109,061,26.192237,-97.696157,
48135003004,Census Tract 30.04,135,31.892015,-102.294835,
48135002803,Census Tract 28.03,135,31.837457,-102.43501,
48135003002,Census Tract 30.02,135,31.970523,-102.320714,
48061011000,Census Tract 110,061,26.185372,-97.708506,
48061011100,Census Tract 111,061,26.184894,-97.697224,
48489950300,Census Tract 9503,489,26.485052,-97.823569,
48419950300,Census Tract 9503,419,31.830647,-94.170437,
48419950200,Census Tract 9502,419,31.873343,-94.393863,
48061011200,Census Tract 112,061,26.185983,-97.68571,
48061011301,Census Tract 113.01,061,26.181676,-97.677969,
48201532400,Census Tract 5324,201,29.8697,-95.50461,
48245010300,Census Tract 103,245,29.921535,-93.936265,
48245010400,Census Tract 104,245,29.94455,-93.932212,
48155950100,Census Tract 9501,155,33.963306,-99.816828,
48029131200,Census Tract 1312,029,29.398115,-98.417287,
48029141200,Census Tract 1412,029,29.380257,-98.439555,
48061011500,Census Tract 115,061,26.132655,-97.625127,
48143950301,Census Tract 9503.01,143,32.154886,-98.418457,
48143950302,Census Tract 9503.02,143,32.03519,-98.314473,
48143950203,Census Tract 9502.03,143,32.174436,-98.263728,
48143950402,Census Tract 9504.02,143,32.214181,-98.238115,
48143950204,Census Tract 9502.04,143,32.29348,-98.381869,
48167721901,Census Tract 7219.01,167,29.435281,-95.043011,
48143950401,Census Tract 9504.01,143,32.203468,-98.228454,
48201454600,Census Tract 4546,201,29.780468,-95.735698,
48143950501,Census Tract 9505.01,143,32.252776,-98.192131,
48143950502,Census Tract 9505.02,143,32.222792,-98.213218,
48337950402,Census Tract 9504.02,337,33.522014,-97.752622,
48337950401,Census Tract 9504.01,337,33.568283,-97.935806,
48201323900,Census Tract 3239,201,29.67448,-95.164983,
48337950501,Census Tract 9505.01,337,33.568322,-97.853921,
48337950502,Census Tract 9505.02,337,33.547831,-97.829596,
48061011801,Census Tract 118.01,061,26.170054,-97.68341,
48061011802,Census Tract 118.02,061,26.160248,-97.695216,
48061011302,Census Tract 113.02,061,26.177117,-97.661037,
48201452900,Census Tract 4529,201,29.696912,-95.592336,
48201453100,Census Tract 4531,201,29.699953,-95.566833,
48439105516,Census Tract 1055.16,439,32.630306,-97.398332,
48439111557,Census Tract 1115.57,439,32.698763,-97.076319,
48439113943,Census Tract 1139.43,439,32.969296,-97.256834,
48439113931,Census Tract 1139.31,439,32.905757,-97.323715,
48439114012,Census Tract 1140.12,439,32.874773,-97.411668,
48439113638,Census Tract 1136.38,439,32.848119,-97.106954,
48201530600,Census Tract 5306,201,29.83133,-95.405205,
48245010600,Census Tract 106,245,29.946433,-93.904603,
48217960800,Census Tract 9608,217,32.020618,-97.104042,
48029131606,Census Tract 1316.06,029,29.491807,-98.306943,
48057000502,Census Tract 5.02,057,28.353866,-96.663994,
48057000402,Census Tract 4.02,057,28.621143,-96.731992,
48057000501,Census Tract 5.01,057,28.444644,-96.491788,
48057000401,Census Tract 4.01,057,28.54395,-96.607059,
48201453300,Census Tract 4533,201,29.664198,-95.565134,
48201511600,Census Tract 5116,201,29.803011,-95.377042,
48317950200,Census Tract 9502,317,32.205271,-101.805721,
48245010100,Census Tract 101,245,29.914774,-93.898048,
48245011101,Census Tract 111.01,245,29.968161,-94.00592,
48245001303,Census Tract 13.03,245,30.025198,-94.164968,
48217961000,Census Tract 9610,217,31.998944,-97.114044,
48217960700,Census Tract 9607,217,31.901169,-97.160456,
48245006900,Census Tract 69,245,29.912363,-93.998833,
48217960100,Census Tract 9601,217,32.172253,-97.164875,
48217960900,Census Tract 9609,217,32.007389,-97.130818,
48217960200,Census Tract 9602,217,32.110363,-97.373694,
48217961100,Census Tract 9611,217,32.010709,-96.994685,
48245000103,Census Tract 1.03,245,30.151027,-94.130887,
48013960601,Census Tract 9606.01,013,28.969735,-98.595259,
48013960404,Census Tract 9604.04,013,28.979966,-98.522963,
48013960602,Census Tract 9606.02,013,28.757206,-98.48904,
48013960102,Census Tract 9601.02,013,28.836474,-98.312675,
48013960403,Census Tract 9604.03,013,28.948458,-98.496838,
48013960204,Census Tract 9602.04,013,29.117053,-98.753577,
48013960101,Census Tract 9601.01,013,29.064068,-98.421454,
48013960206,Census Tract 9602.06,013,29.108533,-98.58148,
48013960203,Census Tract 9602.03,013,29.212487,-98.787646,
48013960205,Census Tract 9602.05,013,29.072256,-98.675434,
48201433504,Census Tract 4335.04,201,29.678691,-95.546447,
48201454000,Census Tract 4540,201,29.694696,-95.651008,
48245010800,Census Tract 108,245,29.989367,-93.945748,
48201433507,Census Tract 4335.07,201,29.679253,-95.557189,
48309003602,Census Tract 36.02,309,31.503144,-96.984531,
48309003801,Census Tract 38.01,309,31.387134,-97.222852,
48309001000,Census Tract 10,309,31.556192,-97.157427,
48309004102,Census Tract 41.02,309,31.679918,-97.302781,
48309003500,Census Tract 35,309,31.662559,-96.977079,
48245010901,Census Tract 109.01,245,29.974181,-93.972123,
48245010700,Census Tract 107,245,29.956066,-93.920506,
48201454100,Census Tract 4541,201,29.704631,-95.653159,
48309003802,Census Tract 38.02,309,31.338506,-97.322479,
48309002302,Census Tract 23.02,309,31.522133,-97.179619,
48201454200,Census Tract 4542,201,29.705183,-95.669472,
48245002400,Census Tract 24,245,30.053359,-94.094105,
48245000304,Census Tract 3.04,245,30.071375,-94.18723,
48309001800,Census Tract 18,309,31.551551,-97.049063,
48245011500,Census Tract 115,245,29.941596,-94.372287,
48309002900,Census Tract 29,309,31.55092,-97.262252,
48245007100,Census Tract 71,245,29.911561,-94.028134,
48309003601,Census Tract 36.01,309,31.550615,-96.879806,
48245000306,Census Tract 3.06,245,30.086486,-94.161172,
48309001700,Census Tract 17,309,31.613515,-97.071313,
48201521000,Census Tract 5210,201,29.794362,-95.517636,
48309003701,Census Tract 37.01,309,31.438349,-97.080863,
48201520200,Census Tract 5202,201,29.789358,-95.476561,
48201520700,Census Tract 5207,201,29.799319,-95.496734,
48245001302,Census Tract 13.02,245,30.057123,-94.179185,
48201454700,Census Tract 4547,201,29.765269,-95.724931,
48375013300,Census Tract 133,375,35.233591,-101.916641,
48375014100,Census Tract 141,375,35.255673,-101.768742,
48375014500,Census Tract 145,375,35.193641,-101.779204,
48201550500,Census Tract 5505,201,29.952629,-95.446609,
48085031633,Census Tract 316.33,085,33.068084,-96.725769,
48085031634,Census Tract 316.34,085,33.061037,-96.72508,
48201550700,Census Tract 5507,201,29.942701,-95.496592,
48201550800,Census Tract 5508,201,29.950987,-95.476103,
48385950100,Census Tract 9501,385,29.830097,-99.812549,
48201540800,Census Tract 5408,201,29.888093,-95.602223,
48201312700,Census Tract 3127,201,29.726757,-95.36821,
48201312800,Census Tract 3128,201,29.721958,-95.357941,
48201313300,Census Tract 3133,201,29.704542,-95.335562,
48167721103,Census Tract 7211.03,167,29.479399,-95.013813,
48167721503,Census Tract 7215.03,167,29.545873,-95.030938,
48201453002,Census Tract 4530.02,201,29.696659,-95.580959,
48167720605,Census Tract 7206.05,167,29.45009,-95.162423,
48167720701,Census Tract 7207.01,167,29.498998,-95.087624,
48167720507,Census Tract 7205.07,167,29.475571,-95.141021,
48167720504,Census Tract 7205.04,167,29.478216,-95.170904,
48201451605,Census Tract 4516.05,201,29.747405,-95.627051,
48167720601,Census Tract 7206.01,167,29.434084,-95.098418,
48167720506,Census Tract 7205.06,167,29.48837,-95.148375,
48167721502,Census Tract 7215.02,167,29.552219,-95.053794,
48167721401,Census Tract 7214.01,167,29.529806,-95.062953,
48167721210,Census Tract 7212.10,167,29.513747,-95.017292,
48167720603,Census Tract 7206.03,167,29.444817,-95.102422,
48167721702,Census Tract 7217.02,167,29.505697,-94.994241,
48167721209,Census Tract 7212.09,167,29.493382,-95.054075,
48167723401,Census Tract 7234.01,167,29.415975,-95.170059,
48167726102,Census Tract 7261.02,167,29.169576,-95.025488,
48113014124,Census Tract 141.24,113,32.917799,-96.990661,
48167721402,Census Tract 7214.02,167,29.535868,-95.026855,
48113014209,Census Tract 142.09,113,32.864166,-96.927877,
48113018508,Census Tract 185.08,113,32.904428,-96.719238,
48167721501,Census Tract 7215.01,167,29.543689,-95.069295,
48113015304,Census Tract 153.04,113,32.78525,-97.006089,
48113016406,Census Tract 164.06,113,32.703391,-97.009844,
48113018205,Census Tract 182.05,113,32.888733,-96.615865,
48167723503,Census Tract 7235.03,167,29.382524,-95.153877,
48167723505,Census Tract 7235.05,167,29.329125,-95.109837,
48167723403,Census Tract 7234.03,167,29.390765,-95.108197,
48113011500,Census Tract 115,113,32.734766,-96.72684,
48113005902,Census Tract 59.02,113,32.69631,-96.818761,
48167721204,Census Tract 7212.04,167,29.51306,-95.069702,
48167721902,Census Tract 7219.02,167,29.437695,-94.982152,
48167721203,Census Tract 7212.03,167,29.49769,-95.071854,
48167721102,Census Tract 7211.02,167,29.473159,-95.038054,
48167726101,Census Tract 7261.01,167,29.210439,-94.973165,
48167723402,Census Tract 7234.02,167,29.414461,-95.121591,
48217960400,Census Tract 9604,217,31.982859,-97.365892,
48217960600,Census Tract 9606,217,31.949158,-97.321742,
48201324000,Census Tract 3240,201,29.65262,-95.166876,
48201330200,Census Tract 3302,201,29.634678,-95.453649,
48201330400,Census Tract 3304,201,29.616044,-95.45447,
48201330500,Census Tract 3305,201,29.622544,-95.430461,
48201522101,Census Tract 5221.01,201,29.817664,-95.541048,
48201350202,Census Tract 3502.02,201,29.595403,-95.238382,
48201350201,Census Tract 3502.01,201,29.594743,-95.225701,
48201321101,Census Tract 3211.01,201,29.617103,-95.205714,
48201453405,Census Tract 4534.05,201,29.666938,-95.573567,
48201453404,Census Tract 4534.04,201,29.664512,-95.578977,
48201453702,Census Tract 4537.02,201,29.683276,-95.599648,
48201453604,Census Tract 4536.04,201,29.679263,-95.581301,
48201451606,Census Tract 4516.06,201,29.744433,-95.637078,
48201455103,Census Tract 4551.03,201,29.762926,-95.759002,
48201455104,Census Tract 4551.04,201,29.771295,-95.760319,
48201433601,Census Tract 4336.01,201,29.667151,-95.555747,
48201453603,Census Tract 4536.03,201,29.683784,-95.57659,
48201432806,Census Tract 4328.06,201,29.71106,-95.512474,
48201432805,Census Tract 4328.05,201,29.706814,-95.516939,
48201454802,Census Tract 4548.02,201,29.763745,-95.744201,
48201433505,Census Tract 4335.05,201,29.683263,-95.553142,
48201432803,Census Tract 4328.03,201,29.715307,-95.516906,
48201432904,Census Tract 4329.04,201,29.710716,-95.530604,
48201453701,Census Tract 4537.01,201,29.682745,-95.609418,
48201450301,Census Tract 4503.01,201,29.775173,-95.594346,
48201450302,Census Tract 4503.02,201,29.77904,-95.600731,
48113007805,Census Tract 78.05,113,32.902012,-96.757775,
48329010128,Census Tract 101.28,329,32.014937,-101.977869,
48303010101,Census Tract 101.01,303,33.718298,-101.656959,
48303010502,Census Tract 105.02,303,33.511695,-101.912287,
48303010504,Census Tract 105.04,303,33.513255,-101.895997,
48201330600,Census Tract 3306,201,29.612276,-95.433604,
48201330700,Census Tract 3307,201,29.597858,-95.442895,
48303000100,Census Tract 1,303,33.630998,-101.833574,
48303000201,Census Tract 2.01,303,33.625839,-101.879479,
48303000202,Census Tract 2.02,303,33.59719,-101.863944,
48303000301,Census Tract 3.01,303,33.595466,-101.878015,
48303000402,Census Tract 4.02,303,33.583974,-101.931174,
48303000403,Census Tract 4.03,303,33.585529,-101.912221,
48321730503,Census Tract 7305.03,321,28.84166,-95.672296,
48321730502,Census Tract 7305.02,321,28.722317,-95.934789,
48321730204,Census Tract 7302.04,321,28.991152,-95.95536,
48321730203,Census Tract 7302.03,321,29.092714,-95.903493,
48439103701,Census Tract 1037.01,439,32.722885,-97.280129,
48439103800,Census Tract 1038,439,32.721307,-97.30238,
48473680201,Census Tract 6802.01,473,29.892862,-95.991896,
48473680303,Census Tract 6803.03,473,30.088452,-96.007519,
48473680501,Census Tract 6805.01,473,29.975964,-96.071308,
48473680502,Census Tract 6805.02,473,30.152524,-96.083471,
48473680301,Census Tract 6803.01,473,30.068493,-95.952322,
48473680601,Census Tract 6806.01,473,30.129767,-95.849024,
48473680602,Census Tract 6806.02,473,30.194608,-95.866517,
48473680302,Census Tract 6803.02,473,29.992635,-95.942071,
48029172008,Census Tract 1720.08,029,29.475124,-98.723067,
48473680202,Census Tract 6802.02,473,29.772331,-95.9646,
48473980000,Census Tract 9800,473,30.094768,-95.982255,
48439103702,Census Tract 1037.02,439,32.723373,-97.263465,
48303002500,Census Tract 25,303,33.540912,-101.80761,
48329010118,Census Tract 101.18,329,31.935525,-102.119029,
48329010129,Census Tract 101.29,329,31.986436,-101.832775,
48329010121,Census Tract 101.21,329,32.068042,-102.20115,
48329010126,Census Tract 101.26,329,31.964399,-102.200282,
48329010117,Census Tract 101.17,329,31.953795,-102.085839,
48329010125,Census Tract 101.25,329,31.918675,-102.257807,
48453042000,Census Tract 420,453,30.435973,-97.71375,7
48329010123,Census Tract 101.23,329,32.07185,-102.004172,
48329010119,Census Tract 101.19,329,31.764019,-102.123197,
48329010127,Census Tract 101.27,329,31.954599,-102.050554,
48329010124,Census Tract 101.24,329,31.797679,-101.90365,
48329010122,Census Tract 101.22,329,32.032082,-102.048884,
48453045100,Census Tract 451,453,30.433087,-97.692432,7
48201320500,Census Tract 3205,201,29.699188,-95.244099,
48113005000,Census Tract 50,113,32.738427,-96.830348,
48113005100,Census Tract 51,113,32.736739,-96.842445,
48113005200,Census Tract 52,113,32.740618,-96.85088,
48113002500,Census Tract 25,113,32.785477,-96.745341,
48113019019,Census Tract 190.19,113,32.912357,-96.711664,
48303010402,Census Tract 104.02,303,33.572015,-101.999837,
48453041400,Census Tract 414,453,30.416408,-97.712827,7
48029121912,Census Tract 1219.12,029,29.651626,-98.379636,
48029191819,Census Tract 1918.19,029,29.638462,-98.473541,
48029191818,Census Tract 1918.18,029,29.62148,-98.478567,
48029181732,Census Tract 1817.32,029,29.504939,-98.706871,
48029121911,Census Tract 1219.11,029,29.674993,-98.430564,
48029120504,Census Tract 1205.04,029,29.48021,-98.4093,
48029171927,Census Tract 1719.27,029,29.429395,-98.660425,
48029172009,Census Tract 1720.09,029,29.449902,-98.735957,
48029121123,Census Tract 1211.23,029,29.567765,-98.472543,
48029171929,Census Tract 1719.29,029,29.464829,-98.655268,
48029120401,Census Tract 1204.01,029,29.475216,-98.439457,
48029171928,Census Tract 1719.28,029,29.471474,-98.665082,
48303000700,Census Tract 7,303,33.590608,-101.846528,
48029131616,Census Tract 1316.16,029,29.484246,-98.328889,
48029120601,Census Tract 1206.01,029,29.490465,-98.437004,
48029120402,Census Tract 1204.02,029,29.476644,-98.451047,
48029120301,Census Tract 1203.01,029,29.484551,-98.462419,
48029120602,Census Tract 1206.02,029,29.490176,-98.450725,
48029120302,Census Tract 1203.02,029,29.481817,-98.471172,
48303010404,Census Tract 104.04,303,33.509016,-102.005082,
48303010505,Census Tract 105.05,303,33.515021,-101.878238,
48201320700,Census Tract 3207,201,29.671378,-95.249981,
48201320800,Census Tract 3208,201,29.659806,-95.241002,
48257050704,Census Tract 507.04,257,32.640349,-96.170346,
48257051202,Census Tract 512.02,257,32.468995,-96.353794,
48257051201,Census Tract 512.01,257,32.481704,-96.202644,
48257050703,Census Tract 507.03,257,32.559115,-96.159573,
48303010506,Census Tract 105.06,303,33.512602,-101.85743,
48499950500,Census Tract 9505,499,32.796183,-95.444387,
48499950100,Census Tract 9501,499,32.87601,-95.23421,
48201321200,Census Tract 3212,201,29.636925,-95.200418,
48201321500,Census Tract 3215,201,29.665047,-95.211881,
48201321600,Census Tract 3216,201,29.67721,-95.219625,
48331950402,Census Tract 9504.02,331,30.836935,-97.030478,
48113007815,Census Tract 78.15,113,32.879948,-96.756746,
48245011303,Census Tract 113.03,245,29.87443,-94.172051,
48303000605,Census Tract 6.05,303,33.588425,-101.858598,
48303000607,Census Tract 6.07,303,33.581119,-101.862916,
48029120503,Census Tract 1205.03,029,29.49023,-98.425068,
48029111100,Census Tract 1111,029,29.440625,-98.488024,
48029121124,Census Tract 1211.24,029,29.567528,-98.464495,
48029171926,Census Tract 1719.26,029,29.444523,-98.644799,
48113005400,Census Tract 54,113,32.727311,-96.817435,
48113005500,Census Tract 55,113,32.725182,-96.79954,
48113005300,Census Tract 53,113,32.734086,-96.860253,
48113005600,Census Tract 56,113,32.712473,-96.820785,
48113013624,Census Tract 136.24,113,32.947084,-96.818806,
48201331100,Census Tract 3311,201,29.674955,-95.369123,
48201331200,Census Tract 3312,201,29.663518,-95.370523,
48201331300,Census Tract 3313,201,29.646541,-95.378472,
48201331400,Census Tract 3314,201,29.654386,-95.360179,
48113005700,Census Tract 57,113,32.699286,-96.799969,
48499950800,Census Tract 9508,499,32.652881,-95.480296,
48499950700,Census Tract 9507,499,32.681318,-95.458803,
48499950200,Census Tract 9502,499,32.944572,-95.279214,
48201322100,Census Tract 3221,201,29.686214,-95.211029,
48201322200,Census Tract 3222,201,29.70485,-95.213787,
48201331700,Census Tract 3317,201,29.643446,-95.332242,
48201331800,Census Tract 3318,201,29.652488,-95.343792,
48201331900,Census Tract 3319,201,29.662673,-95.346695,
48201332100,Census Tract 3321,201,29.680382,-95.344385,
48201332200,Census Tract 3322,201,29.680569,-95.329925,
48201332400,Census Tract 3324,201,29.658195,-95.330574,
48201332500,Census Tract 3325,201,29.664762,-95.307609,
48113002200,Census Tract 22,113,32.789805,-96.780076,
48113002400,Census Tract 24,113,32.79412,-96.757177,
48491021513,Census Tract 215.13,491,30.549177,-97.683332,
48121021728,Census Tract 217.28,121,33.001715,-97.011507,
48303001000,Census Tract 10,303,33.588246,-101.808421,
48279950100,Census Tract 9501,279,34.179809,-102.18768,
48279950500,Census Tract 9505,279,33.982544,-102.237732,
48279950200,Census Tract 9502,279,34.235829,-102.408869,
48279950600,Census Tract 9506,279,33.874241,-102.248236,
48279950300,Census Tract 9503,279,34.027468,-102.49297,
48285000300,Census Tract 3,285,29.563002,-97.065968,
48285000500,Census Tract 5,285,29.241579,-96.986686,
48285000400,Census Tract 4,285,29.426337,-97.145034,
48285000600,Census Tract 6,285,29.309715,-97.147436,
48285000200,Census Tract 2,285,29.464857,-96.997737,
48285000100,Census Tract 1,285,29.410193,-96.822632,
48483950100,Census Tract 9501,483,35.465224,-100.247073,
48483950300,Census Tract 9503,483,35.265043,-100.324602,
48361021504,Census Tract 215.04,361,30.185556,-94.009816,
48157673600,Census Tract 6736,157,29.608314,-95.728331,
48361022301,Census Tract 223.01,361,30.058015,-93.847852,
48037010700,Census Tract 107,037,33.45452,-94.066089,
48361022302,Census Tract 223.02,361,30.014186,-93.908639,
48361021503,Census Tract 215.03,361,30.217537,-93.959072,
48361021902,Census Tract 219.02,361,30.113283,-93.995795,
48361021901,Census Tract 219.01,361,30.10405,-93.950597,
48303001200,Census Tract 12,303,33.566575,-101.810322,
48303001300,Census Tract 13,303,33.570528,-101.845779,
48303001601,Census Tract 16.01,303,33.570966,-101.913004,
48303001602,Census Tract 16.02,303,33.570071,-101.895346,
48201322800,Census Tract 3228,201,29.705615,-95.181805,
48089750400,Census Tract 7504,089,29.800729,-96.525575,
48089750100,Census Tract 7501,089,29.62144,-96.350016,
48089750300,Census Tract 7503,089,29.62262,-96.702735,
48089750500,Census Tract 7505,089,29.668718,-96.548558,
48089750200,Census Tract 7502,089,29.448561,-96.519666,
48309002000,Census Tract 20,309,31.488664,-97.108635,
48309000598,Census Tract 5.98,309,31.532213,-97.141095,
48113008000,Census Tract 80,113,32.836382,-96.734415,
48113008200,Census Tract 82,113,32.838783,-96.697114,
48439103500,Census Tract 1035,439,32.733049,-97.281788,
48351950201,Census Tract 9502.01,351,30.894179,-93.769152,
48351950202,Census Tract 9502.02,351,30.780498,-93.711845,
48099010601,Census Tract 106.01,099,31.128025,-97.891395,
48257050207,Census Tract 502.07,257,32.801953,-96.480536,
48257050209,Census Tract 502.09,257,32.768131,-96.437973,
48257050210,Census Tract 502.10,257,32.789169,-96.43709,
48037010500,Census Tract 105,037,33.427059,-94.056037,
48257050401,Census Tract 504.01,257,32.743067,-96.254613,
48257050214,Census Tract 502.14,257,32.74264,-96.462379,
48087950300,Census Tract 9503,087,34.963358,-100.272135,
48137950300,Census Tract 9503,137,29.985933,-100.3074,
48327950300,Census Tract 9503,327,30.885268,-99.858861,
48201340502,Census Tract 3405.02,201,29.560876,-95.120312,
48439105408,Census Tract 1054.08,439,32.696109,-97.427978,
48439111513,Census Tract 1115.13,439,32.666984,-97.074977,
48439113006,Census Tract 1130.06,439,32.731466,-97.051173,
48439111319,Census Tract 1113.19,439,32.574306,-97.078861,
48439111320,Census Tract 1113.20,439,32.580709,-97.041888,
48439113923,Census Tract 1139.23,439,32.882823,-97.31004,
48439106600,Census Tract 1066,439,32.802427,-97.427693,
48439106700,Census Tract 1067,439,32.845788,-97.454957,
48439106519,Census Tract 1065.19,439,32.765974,-97.220094,
48439113918,Census Tract 1139.18,439,32.870512,-97.285466,
48439113920,Census Tract 1139.20,439,32.885592,-97.266312,
48439113936,Census Tract 1139.36,439,32.906684,-97.29725,
48201322900,Census Tract 3229,201,29.703472,-95.194306,
48201323000,Census Tract 3230,201,29.694899,-95.191994,
48201323100,Census Tract 3231,201,29.687924,-95.169993,
48201323200,Census Tract 3232,201,29.686907,-95.182918,
48201323300,Census Tract 3233,201,29.687165,-95.201125,
48201323400,Census Tract 3234,201,29.676607,-95.199555,
48349970902,Census Tract 9709.02,349,32.0785,-96.471319,
48349970701,Census Tract 9707.01,349,32.001926,-96.329413,
48469001607,Census Tract 16.07,469,28.954856,-96.913043,
48469001402,Census Tract 14.02,469,28.85255,-97.171479,
48469001401,Census Tract 14.01,469,28.801407,-97.077632,
48469001608,Census Tract 16.08,469,28.841832,-96.962894,
48201411700,Census Tract 4117,201,29.724573,-95.453388,
48201412000,Census Tract 4120,201,29.721537,-95.410713,
48253020200,Census Tract 202,253,32.751904,-99.893822,
48253020400,Census Tract 204,253,32.905538,-99.788055,
48253020101,Census Tract 201.01,253,32.569034,-99.709318,
48253020102,Census Tract 201.02,253,32.548757,-99.625159,
48253020300,Census Tract 203,253,32.841051,-100.070722,
48253020500,Census Tract 205,253,32.700006,-99.881746,
48201432600,Census Tract 4326,201,29.725935,-95.510641,
48459950301,Census Tract 9503.01,459,32.756328,-95.059162,
48505950305,Census Tract 9503.05,505,26.888704,-99.293905,
48505950402,Census Tract 9504.02,505,26.996981,-99.182603,
48029121205,Census Tract 1212.05,029,29.540223,-98.407622,
48459950502,Census Tract 9505.02,459,32.654543,-95.114991,
48459950102,Census Tract 9501.02,459,32.736343,-94.76922,
48459950501,Census Tract 9505.01,459,32.583743,-95.021382,
48459950101,Census Tract 9501.01,459,32.861627,-94.731914,
48459950302,Census Tract 9503.02,459,32.705264,-95.028244,
48505950304,Census Tract 9503.04,505,26.919492,-99.260633,
48505950306,Census Tract 9503.06,505,26.892402,-99.250713,
48257050204,Census Tract 502.04,257,32.750194,-96.393686,
48505950303,Census Tract 9503.03,505,26.915651,-99.273201,
48401950102,Census Tract 9501.02,401,32.301179,-94.656184,
48401950101,Census Tract 9501.01,401,32.333008,-94.555037,
48201340600,Census Tract 3406,201,29.575863,-95.131252,
48201340800,Census Tract 3408,201,29.581493,-95.143819,
48215023530,Census Tract 235.30,215,26.405178,-98.098093,
48215023517,Census Tract 235.17,215,26.409977,-98.202897,
48201433300,Census Tract 4333,201,29.698342,-95.529135,
48029121804,Census Tract 1218.04,029,29.567052,-98.375744,
48215021703,Census Tract 217.03,215,26.213062,-98.191445,
48215021704,Census Tract 217.04,215,26.234658,-98.187902,
48215023516,Census Tract 235.16,215,26.360081,-98.171426,
48215021705,Census Tract 217.05,215,26.212709,-98.171844,
48215021706,Census Tract 217.06,215,26.239312,-98.168289,
48201554103,Census Tract 5541.03,201,30.010336,-95.555143,
48201554104,Census Tract 5541.04,201,30.021684,-95.560283,
48201555102,Census Tract 5551.02,201,30.077085,-95.451828,
48201553201,Census Tract 5532.01,201,30.023688,-95.450206,
48201550304,Census Tract 5503.04,201,30.015153,-95.4353,
48201520502,Census Tract 5205.02,201,29.834929,-95.496096,
48201240905,Census Tract 2409.05,201,30.012209,-95.316475,
48201550406,Census Tract 5504.06,201,29.98688,-95.450271,
48201520604,Census Tract 5206.04,201,29.806917,-95.495033,
48201521501,Census Tract 5215.01,201,29.825008,-95.522811,
48485012100,Census Tract 121,485,33.864575,-98.542017,
48037011700,Census Tract 117,037,33.351556,-94.597053,
48201250304,Census Tract 2503.04,201,29.947089,-95.226304,
48201250602,Census Tract 2506.02,201,29.988838,-95.23421,
48037011402,Census Tract 114.02,037,33.310422,-94.293601,
48201241301,Census Tract 2413.01,201,30.084576,-95.426483,
48201433100,Census Tract 4331,201,29.697588,-95.554622,
48141010226,Census Tract 102.26,141,31.893015,-106.569524,
48427950702,Census Tract 9507.02,427,26.410597,-99.000701,
48141010356,Census Tract 103.56,141,31.677781,-106.188927,
48427950500,Census Tract 9505,427,26.381446,-98.811252,
48037010600,Census Tract 106,037,33.436257,-94.065721,
48355003602,Census Tract 36.02,355,27.829712,-97.583156,
48355005406,Census Tract 54.06,355,27.644526,-97.462429,
48427950701,Census Tract 9507.01,427,26.414185,-99.019522,
48427950101,Census Tract 9501.01,427,26.65087,-98.605826,
48427950202,Census Tract 9502.02,427,26.599558,-98.992278,
48183000402,Census Tract 4.02,183,32.5196,-94.745979,
48439102500,Census Tract 1025,439,32.721679,-97.404419,
48141010231,Census Tract 102.31,141,31.952198,-106.587925,
48309004201,Census Tract 42.01,309,31.798437,-97.049227,
48201232402,Census Tract 2324.02,201,29.811841,-95.18798,
48201232403,Census Tract 2324.03,201,29.809093,-95.205265,
48201233101,Census Tract 2331.01,201,29.78753,-95.179327,
48201233003,Census Tract 2330.03,201,29.793671,-95.170753,
48029151200,Census Tract 1512,029,29.338062,-98.543705,
48029151600,Census Tract 1516,029,29.341203,-98.493781,
48029151700,Census Tract 1517,029,29.329119,-98.49995,
48201431102,Census Tract 4311.02,201,29.741455,-95.52834,
48201431101,Census Tract 4311.01,201,29.74416,-95.535658,
48201433003,Census Tract 4330.03,201,29.708353,-95.551385,
48201432901,Census Tract 4329.01,201,29.716317,-95.527943,
48201433202,Census Tract 4332.02,201,29.696804,-95.541248,
48201433201,Census Tract 4332.01,201,29.698388,-95.548385,
48141010361,Census Tract 103.61,141,31.687758,-106.196566,
48441012802,Census Tract 128.02,441,32.408068,-99.787649,
48073950100,Census Tract 9501,073,32.013883,-95.066,
48073950700,Census Tract 9507,073,31.942562,-95.276912,
48073951000,Census Tract 9510,073,31.597313,-95.084037,
48075950200,Census Tract 9502,075,34.411189,-100.20785,
48277000402,Census Tract 4.02,277,33.694437,-95.485576,
48277000101,Census Tract 1.01,277,33.809047,-95.499009,
48277000102,Census Tract 1.02,277,33.775136,-95.717565,
48277000401,Census Tract 4.01,277,33.669746,-95.521873,
48451001708,Census Tract 17.08,451,31.327176,-100.476161,
48073950500,Census Tract 9505,073,31.989794,-95.29212,
48451001707,Census Tract 17.07,451,31.415702,-100.504416,
48439121611,Census Tract 1216.11,439,32.675881,-97.211019,
48451000802,Census Tract 8.02,451,31.446691,-100.398006,
48451000801,Census Tract 8.01,451,31.411174,-100.40876,
48451001800,Census Tract 18,451,31.469972,-100.450177,
48441012900,Census Tract 129,441,32.419742,-99.820542,
48441011000,Census Tract 110,441,32.454661,-99.731946,
48201552102,Census Tract 5521.02,201,29.938058,-95.615798,
48215024108,Census Tract 241.08,215,26.281112,-98.393179,
48201554002,Census Tract 5540.02,201,30.00178,-95.541757,
48183980000,Census Tract 9800,183,32.385273,-94.714306,
48439100900,Census Tract 1009,439,32.780121,-97.3474,
48439101202,Census Tract 1012.02,439,32.76778,-97.293115,
48439101301,Census Tract 1013.01,439,32.741525,-97.216043,
48183000401,Census Tract 4.01,183,32.555156,-94.751552,
48141010410,Census Tract 104.10,141,31.616374,-106.267106,
48201555401,Census Tract 5554.01,201,30.107417,-95.607692,
48201232701,Census Tract 2327.01,201,29.788649,-95.227827,
48201233103,Census Tract 2331.03,201,29.776464,-95.176271,
48439101401,Census Tract 1014.01,439,32.755422,-97.248201,
48439101403,Census Tract 1014.03,439,32.738575,-97.244389,
48293970500,Census Tract 9705,293,31.680517,-96.466837,
48439101500,Census Tract 1015,439,32.746128,-97.276416,
48439101700,Census Tract 1017,439,32.754795,-97.313229,
48439101402,Census Tract 1014.02,439,32.738967,-97.261528,
48113010906,Census Tract 109.06,113,32.659154,-96.862464,
48439113622,Census Tract 1136.22,439,32.877342,-97.133972,
48309000200,Census Tract 2,309,31.547043,-97.099047,
48309000300,Census Tract 3,309,31.548621,-97.1148,
48439100504,Census Tract 1005.04,439,32.794895,-97.390197,
48439100503,Census Tract 1005.03,439,32.789769,-97.378764,
48439121613,Census Tract 1216.13,439,32.742906,-97.147233,
48439121614,Census Tract 1216.14,439,32.738333,-97.137739,
48113002002,Census Tract 20.02,113,32.753436,-96.815307,
48439114105,Census Tract 1141.05,439,32.962317,-97.462491,
48439121615,Census Tract 1216.15,439,32.753163,-97.137883,
48439122401,Census Tract 1224.01,439,32.72444,-97.105758,
48439104802,Census Tract 1048.02,439,32.678274,-97.351544,
48439100102,Census Tract 1001.02,439,32.783376,-97.312055,
48441010100,Census Tract 101,441,32.47036,-99.704305,
48439100202,Census Tract 1002.02,439,32.795892,-97.338323,
48117950500,Census Tract 9505,117,34.813272,-102.399816,
48439113003,Census Tract 1130.03,439,32.789087,-97.049742,
48439122901,Census Tract 1229.01,439,32.717339,-97.088913,
48439122902,Census Tract 1229.02,439,32.709959,-97.089039,
48439100300,Census Tract 1003,439,32.816685,-97.359631,
48201233702,Census Tract 2337.02,201,29.747392,-95.237888,
48201241101,Census Tract 2411.01,201,30.062465,-95.389118,
48441013401,Census Tract 134.01,441,32.423727,-99.799794,
48439102000,Census Tract 1020,439,32.749691,-97.357432,
48439102202,Census Tract 1022.02,439,32.739446,-97.395175,
48117950300,Census Tract 9503,117,34.837875,-102.401411,
48355002705,Census Tract 27.05,355,27.720428,-97.349399,
48113000607,Census Tract 6.07,113,32.820492,-96.80658,
48141010362,Census Tract 103.62,141,31.681826,-106.24479,
48141010368,Census Tract 103.68,141,31.775733,-106.233378,
48355000800,Census Tract 8,355,27.782274,-97.464716,
48355002200,Census Tract 22,355,27.741236,-97.39685,
48355003202,Census Tract 32.02,355,27.670998,-97.337386,
48141010357,Census Tract 103.57,141,31.666227,-106.209793,
48141003905,Census Tract 39.05,141,31.685174,-106.3372,
48141010366,Census Tract 103.66,141,31.749938,-106.243427,
48141004008,Census Tract 40.08,141,31.705716,-106.298899,
48141010354,Census Tract 103.54,141,31.805182,-106.235597,
48141010355,Census Tract 103.55,141,31.799887,-106.259636,
48141010371,Census Tract 103.71,141,31.697959,-106.171387,
48113016203,Census Tract 162.03,113,32.711489,-97.008913,
48141010364,Census Tract 103.64,141,31.906394,-106.067281,
48141004007,Census Tract 40.07,141,31.698585,-106.303113,
48141010363,Census Tract 103.63,141,31.689951,-106.225158,
48141010228,Census Tract 102.28,141,31.895322,-106.591062,
48141010353,Census Tract 103.53,141,31.791861,-106.243996,
48141010367,Census Tract 103.67,141,31.790603,-106.22684,
48141010369,Census Tract 103.69,141,31.76509,-106.192316,
48141010350,Census Tract 103.50,141,31.795003,-106.276708,
48355006000,Census Tract 60,355,27.631028,-97.66237,
48355000700,Census Tract 7,355,27.804659,-97.463071,
48215020804,Census Tract 208.04,215,26.247373,-98.230331,
48355003500,Census Tract 35,355,27.803159,-97.521481,
48201330302,Census Tract 3303.02,201,29.615549,-95.476022,
48201333201,Census Tract 3332.01,201,29.669396,-95.269952,
48355005801,Census Tract 58.01,355,27.882462,-97.678586,
48355002900,Census Tract 29,355,27.689641,-97.272526,
48215980000,Census Tract 9800,215,26.177728,-98.239483,
48073950400,Census Tract 9504,073,31.980947,-95.259413,
48073950600,Census Tract 9506,073,31.956865,-95.233513,
48073950900,Census Tract 9509,073,31.804127,-95.09057,
48073951100,Census Tract 9511,073,31.493614,-95.003289,
48037010800,Census Tract 108,037,33.437223,-94.08686,
48037010100,Census Tract 101,037,33.450608,-94.04931,
48029141402,Census Tract 1414.02,029,29.343641,-98.419302,
48029141600,Census Tract 1416,029,29.33154,-98.439155,
48029141700,Census Tract 1417,029,29.325073,-98.384683,
48029150100,Census Tract 1501,029,29.404404,-98.505028,
48037010400,Census Tract 104,037,33.404131,-94.075133,
48441012801,Census Tract 128.01,441,32.400983,-99.768962,
48029150300,Census Tract 1503,029,29.388198,-98.50166,
48029150400,Census Tract 1504,029,29.387967,-98.517356,
48029150501,Census Tract 1505.01,029,29.379079,-98.525604,
48029150502,Census Tract 1505.02,029,29.371761,-98.525476,
48027020500,Census Tract 205,027,31.121144,-97.330466,
48027020701,Census Tract 207.01,027,31.097586,-97.340865,
48027020702,Census Tract 207.02,027,31.101101,-97.352781,
48027020900,Census Tract 209,027,31.054653,-97.332874,
48027021000,Census Tract 210,027,31.080785,-97.356047,
48041001302,Census Tract 13.02,041,30.632226,-96.313645,
48041001801,Census Tract 18.01,041,30.589813,-96.297993,
48061012900,Census Tract 129,061,25.93934,-97.51525,
48061013002,Census Tract 130.02,061,25.94188,-97.492418,
48061013003,Census Tract 130.03,061,25.93789,-97.505186,
48061013004,Census Tract 130.04,061,25.927881,-97.500334,
48061013102,Census Tract 131.02,061,25.935045,-97.458771,
48061013104,Census Tract 131.04,061,25.939455,-97.48137,
48061013106,Census Tract 131.06,061,25.924327,-97.474316,
48061013204,Census Tract 132.04,061,25.922502,-97.434685,
48061013205,Census Tract 132.05,061,25.92277,-97.442054,
48441010900,Census Tract 109,441,32.448021,-99.703238,
48441011200,Census Tract 112,441,32.455626,-99.749385,
48215021904,Census Tract 219.04,215,26.195509,-98.10909,
48441011300,Census Tract 113,441,32.456566,-99.771528,
48041000603,Census Tract 6.03,041,30.667687,-96.388662,
48215021903,Census Tract 219.03,215,26.184999,-98.107774,
48215021803,Census Tract 218.03,215,26.200977,-98.146698,
48441013200,Census Tract 132,441,32.487499,-99.832535,
48439121702,Census Tract 1217.02,439,32.747956,-97.082999,
48439121703,Census Tract 1217.03,439,32.751392,-97.115266,
48041000700,Census Tract 7,041,30.668904,-96.364789,
48041000800,Census Tract 8,041,30.659497,-96.355814,
48027021602,Census Tract 216.02,027,31.074639,-97.497034,
48439103601,Census Tract 1036.01,439,32.726106,-97.247476,
48027020800,Census Tract 208,027,31.054339,-97.303287,
48027021400,Census Tract 214,027,31.005881,-97.339786,
48027020600,Census Tract 206,027,31.115415,-97.342823,
48027021302,Census Tract 213.02,027,31.067822,-97.390975,
48027023402,Census Tract 234.02,027,30.904511,-97.29715,
48027022801,Census Tract 228.01,027,31.130409,-97.729345,
48027022402,Census Tract 224.02,027,31.037635,-97.683924,
48027021203,Census Tract 212.03,027,31.079063,-97.408288,
48027021601,Census Tract 216.01,027,31.062197,-97.488703,
48061013305,Census Tract 133.05,061,25.899834,-97.440406,
48215022105,Census Tract 221.05,215,26.164573,-98.054688,
48027023002,Census Tract 230.02,027,31.091145,-97.737387,
48061013307,Census Tract 133.07,061,25.884936,-97.46345,
48061013206,Census Tract 132.06,061,25.925162,-97.425091,
48441011500,Census Tract 115,441,32.441169,-99.764825,
48441011600,Census Tract 116,441,32.437739,-99.751177,
48441011900,Census Tract 119,441,32.43712,-99.734753,
48441012000,Census Tract 120,441,32.414805,-99.705241,
48441012100,Census Tract 121,441,32.420221,-99.718266,
48441012200,Census Tract 122,441,32.409816,-99.734067,
48441012300,Census Tract 123,441,32.424191,-99.750822,
48441012400,Census Tract 124,441,32.40584,-99.751483,
48061013308,Census Tract 133.08,061,25.885488,-97.445954,
48061013401,Census Tract 134.01,061,25.916708,-97.482401,
48439122100,Census Tract 1221,439,32.732323,-97.083231,
48481740600,Census Tract 7406,481,29.239948,-95.985731,
48141010323,Census Tract 103.23,141,31.786916,-106.293574,
48263950100,Census Tract 9501,263,33.18478,-100.76972,
48481740700,Census Tract 7407,481,29.175327,-96.145602,
48481740200,Census Tract 7402,481,29.352101,-96.097628,
48481740100,Census Tract 7401,481,29.474821,-96.182304,
48481740400,Census Tract 7404,481,29.296308,-96.084272,
48441012500,Census Tract 125,441,32.419828,-99.764738,
48441012600,Census Tract 126,441,32.423811,-99.775188,
48441013000,Census Tract 130,441,32.423876,-99.842475,
48215021804,Census Tract 218.04,215,26.193635,-98.153803,
48215022401,Census Tract 224.01,215,26.17182,-98.00082,
48441013100,Census Tract 131,441,32.456686,-99.814037,
48113019018,Census Tract 190.18,113,32.925293,-96.711364,
48181001700,Census Tract 17,181,33.605727,-96.6219,
48181000102,Census Tract 1.02,181,33.582261,-96.449867,
48181000800,Census Tract 8,181,33.74476,-96.582938,
48181001400,Census Tract 14,181,33.666561,-96.570298,
48181001500,Census Tract 15,181,33.619926,-96.58488,
48181000302,Census Tract 3.02,181,33.783149,-96.66268,
48181000502,Census Tract 5.02,181,33.753253,-96.542647,
48215020725,Census Tract 207.25,215,26.225847,-98.246959,
48085031423,Census Tract 314.23,085,33.079754,-96.651158,
48181000501,Census Tract 5.01,181,33.770025,-96.537376,
48181001101,Census Tract 11.01,181,33.667871,-96.712052,
48181000101,Census Tract 1.01,181,33.672537,-96.446002,
48181000901,Census Tract 9.01,181,33.726115,-96.612902,
48181000400,Census Tract 4,181,33.76973,-96.578706,
48181001803,Census Tract 18.03,181,33.440712,-96.592629,
48181001802,Census Tract 18.02,181,33.467522,-96.46126,
48181000600,Census Tract 6,181,33.712831,-96.515705,
48215022203,Census Tract 222.03,215,26.160327,-98.033265,
48491020704,Census Tract 207.04,491,30.502848,-97.667474,
48491021100,Census Tract 211,491,30.570438,-97.421883,
48491021201,Census Tract 212.01,491,30.587346,-97.435182,
48491021202,Census Tract 212.02,491,30.590473,-97.422647,
48491021203,Census Tract 212.03,491,30.597445,-97.405092,
48001950401,Census Tract 9504.01,001,31.734637,-95.81571,
48001950902,Census Tract 9509.02,001,31.787707,-95.504722,
48001950402,Census Tract 9504.02,001,31.800051,-95.91311,
48411950200,Census Tract 9502,411,31.155137,-98.819292,
48411950100,Census Tract 9501,411,31.201496,-98.706515,
48027023111,Census Tract 231.11,027,31.109043,-97.805553,
48181000700,Census Tract 7,181,33.737232,-96.54609,
48181001200,Census Tract 12,181,33.651453,-96.627482,
48181001300,Census Tract 13,181,33.637443,-96.630685,
48097001100,Census Tract 11,097,33.608112,-97.122543,
48181001801,Census Tract 18.01,181,33.54957,-96.573471,
48491020701,Census Tract 207.01,491,30.509249,-97.673588,
48215024107,Census Tract 241.07,215,26.269312,-98.365661,
48215023903,Census Tract 239.03,215,26.295254,-98.171683,
48215024403,Census Tract 244.03,215,26.300638,-97.993327,
48491021402,Census Tract 214.02,491,30.637871,-97.680475,
48113011701,Census Tract 117.01,113,32.711996,-96.662063,
48491021503,Census Tract 215.03,491,30.523038,-97.679449,
48221160302,Census Tract 1603.02,221,32.475874,-97.949466,
48439104503,Census Tract 1045.03,439,32.691441,-97.32615,
48439110202,Census Tract 1102.02,439,32.802352,-97.28184,
48113015700,Census Tract 157,113,32.75781,-96.966495,
48113016001,Census Tract 160.01,113,32.736883,-97.009506,
48113016002,Census Tract 160.02,113,32.735915,-97.001915,
48113016100,Census Tract 161,113,32.725513,-97.025129,
48201543010,Census Tract 5430.10,201,29.887904,-95.714919,
48113016201,Census Tract 162.01,113,32.726698,-97.003017,
48257050701,Census Tract 507.01,257,32.644779,-96.340014,
48257050300,Census Tract 503,257,32.747768,-96.311757,
48257050500,Census Tract 505,257,32.723219,-96.291659,
48257051000,Census Tract 510,257,32.60071,-96.298364,
48257051100,Census Tract 511,257,32.575408,-96.305828,
48459950200,Census Tract 9502,459,32.841255,-95.011459,
48459950400,Census Tract 9504,459,32.730249,-94.945791,
48459950600,Census Tract 9506,459,32.571494,-94.955212,
48459950700,Census Tract 9507,459,32.634776,-94.847808,
48061013306,Census Tract 133.06,061,25.89524,-97.452976,
48061012608,Census Tract 126.08,061,25.952302,-97.457594,
48201454502,Census Tract 4545.02,201,29.744725,-95.717359,
48373210500,Census Tract 2105,373,30.792577,-94.735968,
48061012800,Census Tract 128,061,25.916001,-97.528499,
48157670400,Census Tract 6704,157,29.608216,-95.500815,
48113016301,Census Tract 163.01,113,32.716626,-96.979062,
48453002112,Census Tract 21.12,453,30.313924,-97.682598,4
48453002113,Census Tract 21.13,453,30.31713,-97.672428,1
48453002201,Census Tract 22.01,453,30.318176,-97.655726,1
48167722900,Census Tract 7229,167,29.363286,-94.980119,
48167723100,Census Tract 7231,167,29.391024,-95.01643,
48157670300,Census Tract 6703,157,29.595255,-95.487248,
48167723200,Census Tract 7232,167,29.372717,-95.023203,
48167723300,Census Tract 7233,167,29.407775,-95.061895,
48167723000,Census Tract 7230,167,29.37383,-94.986683,
48135000300,Census Tract 3,135,31.90702,-102.383664,
48135000600,Census Tract 6,135,31.876832,-102.374565,
48135000700,Census Tract 7,135,31.874139,-102.390189,
48135000100,Census Tract 1,135,31.929417,-102.412924,
48113016410,Census Tract 164.10,113,32.666533,-97.026419,
48113016302,Census Tract 163.02,113,32.715477,-96.990036,
48453980000,Census Tract 9800,453,30.194663,-97.666661,2
48453002304,Census Tract 23.04,453,30.243463,-97.723304,3
48453002314,Census Tract 23.14,453,30.224695,-97.715516,3
48453002316,Census Tract 23.16,453,30.23927,-97.730423,3
48135000400,Census Tract 4,135,31.880536,-102.360014,
48249950700,Census Tract 9507,249,27.359912,-98.14582,
48157673700,Census Tract 6737,157,29.620736,-95.709225,
48249950400,Census Tract 9504,249,27.768615,-98.076257,
48249950500,Census Tract 9505,249,27.731675,-98.091649,
48249950600,Census Tract 9506,249,27.738435,-98.071344,
48085031679,Census Tract 316.79,085,33.097697,-96.755513,
48085031329,Census Tract 313.29,085,33.027414,-96.601682,
48033950100,Census Tract 9501,033,32.73859,-101.439199,
48035950500,Census Tract 9505,035,31.782658,-97.577695,
48465950601,Census Tract 9506.01,465,29.365836,-100.872339,
48465950400,Census Tract 9504,465,29.380264,-100.873683,
48113016511,Census Tract 165.11,113,32.625681,-96.947492,
48465950602,Census Tract 9506.02,465,29.356174,-100.885182,
48167720800,Census Tract 7208,167,29.466876,-95.071898,
48167726000,Census Tract 7260,167,29.252318,-94.924073,
48167722800,Census Tract 7228,167,29.365767,-94.964637,
48167721600,Census Tract 7216,167,29.531388,-95.009846,
48167723800,Census Tract 7238,167,29.331481,-94.94363,
48113016615,Census Tract 166.15,113,32.575339,-96.933407,
48113016616,Census Tract 166.16,113,32.553617,-96.945957,
48113018111,Census Tract 181.11,113,32.867753,-96.618312,
48167720100,Census Tract 7201,167,29.542993,-95.209799,
48167724900,Census Tract 7249,167,29.28692,-94.801396,
48167720200,Census Tract 7202,167,29.51379,-95.179766,
48167722200,Census Tract 7222,167,29.390097,-94.901471,
48167723600,Census Tract 7236,167,29.303625,-95.032385,
48167723900,Census Tract 7239,167,29.485524,-94.577374,
48167725700,Census Tract 7257,167,29.266592,-94.846595,
48085031512,Census Tract 315.12,085,33.096796,-96.652526,
48085031676,Census Tract 316.76,085,33.046124,-96.783001,
48085031675,Census Tract 316.75,085,33.053569,-96.782853,
48167721800,Census Tract 7218,167,29.482223,-94.943824,
48167724200,Census Tract 7242,167,29.320055,-94.771639,
48453002403,Census Tract 24.03,453,30.212063,-97.762234,3
48453002409,Census Tract 24.09,453,30.207529,-97.793578,2
48453002410,Census Tract 24.10,453,30.20577,-97.786664,2
48453002411,Census Tract 24.11,453,30.20528,-97.748918,2
48453002412,Census Tract 24.12,453,30.189396,-97.751485,2
48453002413,Census Tract 24.13,453,30.197092,-97.740271,2
48453002419,Census Tract 24.19,453,30.191277,-97.760895,2
48323950500,Census Tract 9505,323,28.729525,-100.501798,
48323950400,Census Tract 9504,323,28.713265,-100.491949,
48085031319,Census Tract 313.19,085,33.009793,-96.559563,
48323950602,Census Tract 9506.02,323,28.696436,-100.481439,
48323950601,Census Tract 9506.01,323,28.700831,-100.494621,
48095950300,Census Tract 9503,095,31.318883,-99.863648,
48201453501,Census Tract 4535.01,201,29.664861,-95.58901,
48409010602,Census Tract 106.02,409,27.900372,-97.33391,
48409010604,Census Tract 106.04,409,27.867313,-97.333586,
48409010800,Census Tract 108,409,27.984238,-97.384959,
48143950700,Census Tract 9507,143,32.076205,-98.073427,
48453032100,Census Tract 321,453,30.22279,-97.819063,
48143950600,Census Tract 9506,143,32.216834,-98.181939,
48143950100,Census Tract 9501,143,32.419517,-98.228199,
48201453502,Census Tract 4535.02,201,29.671394,-95.599054,
48453002422,Census Tract 24.22,453,30.183439,-97.784813,2
48453002423,Census Tract 24.23,453,30.179733,-97.806212,5
48453002424,Census Tract 24.24,453,30.192189,-97.799249,5
48453043100,Census Tract 431,453,30.356804,-97.694596,4
48453002310,Census Tract 23.10,453,30.242354,-97.6592,
48491020310,Census Tract 203.10,491,30.544669,-97.76993,
48491020900,Census Tract 209,491,30.546566,-97.308378,
48491021300,Census Tract 213,491,30.728687,-97.431009,
48491021502,Census Tract 215.02,491,30.533461,-97.67811,
48491021000,Census Tract 210,491,30.559189,-97.400089,
48085030548,Census Tract 305.48,085,33.208285,-96.685857,
48085030543,Census Tract 305.43,085,33.144852,-96.698651,
48061012301,Census Tract 123.01,061,26.158117,-97.318035,
48061012700,Census Tract 127,061,25.978622,-97.258086,
48061013203,Census Tract 132.03,061,25.933699,-97.437931,
48061012508,Census Tract 125.08,061,25.984945,-97.586862,
48061011903,Census Tract 119.03,061,26.087836,-97.825134,
48061014002,Census Tract 140.02,061,25.906055,-97.505393,
48381021708,Census Tract 217.08,381,35.094853,-102.055371,
48381021706,Census Tract 217.06,381,35.053424,-101.877007,
48381021804,Census Tract 218.04,381,34.973646,-101.93835,
48381021707,Census Tract 217.07,381,35.061771,-101.932139,
48381021803,Census Tract 218.03,381,34.984973,-101.924303,
48381021705,Census Tract 217.05,381,35.078024,-101.899095,
48381021611,Census Tract 216.11,381,35.143711,-101.943471,
48381021610,Census Tract 216.10,381,35.124307,-101.910838,
48157675800,Census Tract 6758,157,29.52917,-95.973787,
48157673300,Census Tract 6733,157,29.649336,-95.891442,
48201553403,Census Tract 5534.03,201,30.059054,-95.462493,
48085031671,Census Tract 316.71,085,33.071768,-96.821601,
48453042100,Census Tract 421,453,30.412863,-97.67978,7
48157670700,Census Tract 6707,157,29.570508,-95.456378,
48201455102,Census Tract 4551.02,201,29.766253,-95.771239,
48201511302,Census Tract 5113.02,201,29.7974,-95.393524,
48201520601,Census Tract 5206.01,201,29.816796,-95.492676,
48491020123,Census Tract 201.23,491,30.622697,-97.709388,
48201554001,Census Tract 5540.01,201,30.01038,-95.525091,
48201212300,Census Tract 2123,201,29.774776,-95.355049,
48245000309,Census Tract 3.09,245,30.086414,-94.200926,
48201212400,Census Tract 2124,201,29.786347,-95.285088,
48157675300,Census Tract 6753,157,29.543623,-95.825571,
48157675600,Census Tract 6756,157,29.372499,-95.710071,
48085030306,Census Tract 303.06,085,33.336884,-96.805648,
48085032014,Census Tract 320.14,085,33.020216,-96.672439,
48085030534,Census Tract 305.34,085,33.183494,-96.691131,
48085030903,Census Tract 309.03,085,33.165282,-96.608242,
48085032016,Census Tract 320.16,085,33.00194,-96.651157,
48085031005,Census Tract 310.05,085,33.207208,-96.48233,
48085031006,Census Tract 310.06,085,33.136491,-96.472644,
48085031814,Census Tract 318.14,085,32.99431,-96.736428,
48085030547,Census Tract 305.47,085,33.211242,-96.706866,
48085031424,Census Tract 314.24,085,33.089686,-96.655689,
48085030535,Census Tract 305.35,085,33.194225,-96.687989,
48085030901,Census Tract 309.01,085,33.215093,-96.603731,
48085030544,Census Tract 305.44,085,33.178369,-96.66846,
48085031336,Census Tract 313.36,085,32.999184,-96.586412,
48085031328,Census Tract 313.28,085,33.026236,-96.618013,
48085030608,Census Tract 306.08,085,33.193425,-96.646816,
48085031425,Census Tract 314.25,085,33.092974,-96.637924,
48085030538,Census Tract 305.38,085,33.181617,-96.741523,
48085031670,Census Tract 316.70,085,33.075785,-96.832715,
48085031678,Census Tract 316.78,085,33.075546,-96.761103,
48201551702,Census Tract 5517.02,201,29.901887,-95.560374,
48085031674,Census Tract 316.74,085,33.063899,-96.781164,
48085031672,Census Tract 316.72,085,33.063804,-96.807326,
48085031673,Census Tract 316.73,085,33.062949,-96.793631,
48085031669,Census Tract 316.69,085,33.062812,-96.838555,
48085032015,Census Tract 320.15,085,33.02765,-96.673368,
48085031332,Census Tract 313.32,085,33.02378,-96.573875,
48085030539,Census Tract 305.39,085,33.196366,-96.74171,
48085031721,Census Tract 317.21,085,33.008287,-96.836642,
48085031723,Census Tract 317.23,085,33.011087,-96.821808,
48085030550,Census Tract 305.50,085,33.155054,-96.667672,
48085031101,Census Tract 311.01,085,33.185546,-96.384838,
48085031102,Census Tract 311.02,085,33.109608,-96.385051,
48027023113,Census Tract 231.13,027,31.104084,-97.779291,
48085031419,Census Tract 314.19,085,33.109243,-96.588336,
48027021502,Census Tract 215.02,027,31.014777,-97.450796,
48201542106,Census Tract 5421.06,201,29.872109,-95.710791,
48085031415,Census Tract 314.15,085,33.108408,-96.701486,
48085030204,Census Tract 302.04,085,33.37072,-96.574685,
48085031326,Census Tract 313.26,085,33.060089,-96.610726,
48453044500,Census Tract 445,453,30.435515,-97.624499,
48201250701,Census Tract 2507.01,201,30.008984,-95.230084,
48201250702,Census Tract 2507.02,201,30.003262,-95.178401,
48201251503,Census Tract 2515.03,201,30.072666,-95.183213,
48201251402,Census Tract 2514.02,201,30.074377,-95.203107,
48201251902,Census Tract 2519.02,201,29.908283,-95.097257,
48201511001,Census Tract 5110.01,201,29.799439,-95.443574,
48201522302,Census Tract 5223.02,201,29.789496,-95.538065,
48201522202,Census Tract 5222.02,201,29.800453,-95.537889,
48201522301,Census Tract 5223.01,201,29.790246,-95.526899,
48201522201,Census Tract 5222.01,201,29.808532,-95.539887,
48201532502,Census Tract 5325.02,201,29.886371,-95.498281,
48201522500,Census Tract 5225,201,29.789954,-95.501186,
48453040700,Census Tract 407,453,30.371805,-97.714827,4
48453041900,Census Tract 419,453,30.392491,-97.690446,7
48453041100,Census Tract 411,453,30.385101,-97.679197,7
48453036700,Census Tract 367,453,30.195696,-97.90369,8
48453044000,Census Tract 440,453,30.398685,-97.663223,1
48453043700,Census Tract 437,453,30.392312,-97.667325,1
48453036800,Census Tract 368,453,30.185577,-97.878742,8
48453041500,Census Tract 415,453,30.380148,-97.66882,1
48453002213,Census Tract 22.13,453,30.288156,-97.640492,1
48453002447,Census Tract 24.47,453,30.204895,-97.727938,2
48453041000,Census Tract 410,453,30.3701,-97.686897,4
48453001312,Census Tract 13.12,453,30.248423,-97.757948,9
48453044400,Census Tract 444,453,30.433901,-97.63549,
48453047000,Census Tract 470,453,30.437312,-97.591585,
48453044900,Census Tract 449,453,30.391408,-97.622257,1
48453002453,Census Tract 24.53,453,30.18055,-97.566491,
48453041600,Census Tract 416,453,30.364004,-97.676497,1
48453035200,Census Tract 352,453,30.413566,-98.035229,
48453040000,Census Tract 400,453,30.341939,-97.707324,4
48453036400,Census Tract 364,453,30.492514,-98.036761,
48453034500,Census Tract 345,453,30.432616,-97.821589,6
48453032400,Census Tract 324,453,30.390752,-97.738741,7
48453033800,Census Tract 338,453,30.429375,-97.79305,6
48113005901,Census Tract 59.01,113,32.693126,-96.808249,
48453030100,Census Tract 301,453,30.382518,-97.755202,10
48453030800,Census Tract 308,453,30.398862,-97.753023,10
48453035300,Census Tract 353,453,30.435553,-98.09591,
48113006001,Census Tract 60.01,113,32.707331,-96.835705,
48453031600,Census Tract 316,453,30.424415,-97.73786,6
48453032500,Census Tract 325,453,30.406488,-97.737143,7
48453045600,Census Tract 456,453,30.467052,-97.680629,
48453043000,Census Tract 430,453,30.449032,-97.701802,7
48453034200,Census Tract 342,453,30.433621,-97.74856,6
48453041300,Census Tract 413,453,30.421576,-97.723728,7
48453042500,Census Tract 425,453,30.446754,-97.528276,
48453046400,Census Tract 464,453,30.472774,-97.658197,
48453040200,Census Tract 402,453,30.326172,-97.685011,1
48453033900,Census Tract 339,453,30.332921,-97.869838,
48453045200,Census Tract 452,453,30.424458,-97.688786,7
48453035400,Census Tract 354,453,30.350036,-98.025552,
48453043900,Census Tract 439,453,30.407229,-97.657257,7
48453042200,Census Tract 422,453,30.411915,-97.701782,7
48453033500,Census Tract 335,453,30.20471,-97.849773,8
48453030000,Census Tract 300,453,30.369867,-97.773965,10
48453043800,Census Tract 438,453,30.383796,-97.658307,1
48453030500,Census Tract 305,453,30.393497,-97.802585,10
48453032800,Census Tract 328,453,30.397855,-97.763967,10
48453046200,Census Tract 462,453,30.473983,-97.630225,
48453046000,Census Tract 460,453,30.487795,-97.597849,
48453042800,Census Tract 428,453,30.453115,-97.626688,
48453001311,Census Tract 13.11,453,30.258242,-97.75242,9
48453046300,Census Tract 463,453,30.448657,-97.612297,
48453002449,Census Tract 24.49,453,30.159678,-97.656321,2
48201540602,Census Tract 5406.02,201,29.874683,-95.634718,
48453035800,Census Tract 358,453,30.424336,-97.868471,
48453042300,Census Tract 423,453,30.443458,-97.679955,
48453045700,Census Tract 457,453,30.453887,-97.672192,
48453045500,Census Tract 455,453,30.453067,-97.68956,
48453042900,Census Tract 429,453,30.432329,-97.67628,
48485012002,Census Tract 120.02,485,33.87411,-98.526079,
48453031300,Census Tract 313,453,30.190043,-97.857111,8
48485013503,Census Tract 135.03,485,34.091233,-98.584434,
48453031900,Census Tract 319,453,30.17023,-97.839128,5
48453044600,Census Tract 446,453,30.421195,-97.636736,
48113006002,Census Tract 60.02,113,32.694046,-96.828727,
48453046500,Census Tract 465,453,30.457602,-97.659302,
48453044100,Census Tract 441,453,30.440832,-97.652697,
48453046800,Census Tract 468,453,30.470312,-97.558776,
48453042700,Census Tract 427,453,30.463751,-97.639025,
48453002439,Census Tract 24.39,453,30.162917,-97.751106,2
48027023110,Census Tract 231.10,027,31.084095,-97.753792,
48453002440,Census Tract 24.40,453,30.144897,-97.748099,
48453042600,Census Tract 426,453,30.452945,-97.646373,
48453046100,Census Tract 461,453,30.471576,-97.607861,
48453002446,Census Tract 24.46,453,30.127433,-97.789187,
48453002445,Census Tract 24.45,453,30.11986,-97.772139,
48453002442,Census Tract 24.42,453,30.178306,-97.755261,2
48453045900,Census Tract 459,453,30.374081,-97.504547,
48453035600,Census Tract 356,453,30.462412,-97.890956,
48453035500,Census Tract 355,453,30.479061,-97.854228,
48453002219,Census Tract 22.19,453,30.280483,-97.537715,1
48355005414,Census Tract 54.14,355,27.664598,-97.370846,
48355005404,Census Tract 54.04,355,27.653378,-97.350345,
48439105204,Census Tract 1052.04,439,32.731379,-97.477592,
48355003700,Census Tract 37,355,27.864587,-97.60563,
48355001903,Census Tract 19.03,355,27.735737,-97.418327,
48113016638,Census Tract 166.38,113,32.629589,-96.875812,
48085031621,Census Tract 316.21,085,33.018683,-96.781371,
48085031622,Census Tract 316.22,085,33.033991,-96.720514,
48085031623,Census Tract 316.23,085,33.023114,-96.721101,
48085031624,Census Tract 316.24,085,33.022992,-96.760008,
48085031626,Census Tract 316.26,085,33.023094,-96.742329,
48085031627,Census Tract 316.27,085,33.034976,-96.742293,
48085031628,Census Tract 316.28,085,33.052863,-96.72201,
48085031630,Census Tract 316.30,085,33.079246,-96.730044,
48085032018,Census Tract 320.18,085,32.990793,-96.675207,
48085031810,Census Tract 318.10,085,33.000693,-96.719135,
48085032017,Census Tract 320.17,085,32.993891,-96.637662,
48085031724,Census Tract 317.24,085,33.004872,-96.818369,
48085031904,Census Tract 319.04,085,33.00056,-96.704013,
48085031809,Census Tract 318.09,085,33.005846,-96.726265,
48085031811,Census Tract 318.11,085,33.002656,-96.761858,
48085031722,Census Tract 317.22,085,33.013721,-96.836037,
48201314001,Census Tract 3140.01,201,29.699002,-95.392338,
48201320602,Census Tract 3206.02,201,29.67746,-95.257538,
48233950502,Census Tract 9505.02,233,35.719603,-101.271466,
48233950501,Census Tract 9505.01,233,35.634966,-101.59092,
48491020119,Census Tract 201.19,491,30.723332,-97.757924,
48323950208,Census Tract 9502.08,323,28.70086,-100.463336,
48491020122,Census Tract 201.22,491,30.664543,-97.778616,
48491020514,Census Tract 205.14,491,30.518702,-97.725778,
48491020511,Census Tract 205.11,491,30.4936,-97.684806,
48491020349,Census Tract 203.49,491,30.514567,-97.819216,
48491020336,Census Tract 203.36,491,30.494069,-97.830116,
48491020517,Census Tract 205.17,491,30.493314,-97.741861,
48491021509,Census Tract 215.09,491,30.577776,-97.654568,
48491020608,Census Tract 206.08,491,30.562182,-97.718335,
48491021512,Census Tract 215.12,491,30.528118,-97.643395,
48491020607,Census Tract 206.07,491,30.541758,-97.716638,
48491021518,Census Tract 215.18,491,30.536072,-97.654254,
48113011702,Census Tract 117.02,113,32.705205,-96.640882,
48491020346,Census Tract 203.46,491,30.538897,-97.792883,
48491020710,Census Tract 207.10,491,30.483086,-97.646701,
48491021511,Census Tract 215.11,491,30.534567,-97.628453,
48491021517,Census Tract 215.17,491,30.525117,-97.66064,
48049950201,Census Tract 9502.01,049,31.761054,-99.14598,
48049950202,Census Tract 9502.02,049,31.87855,-99.092038,
48491020337,Census Tract 203.37,491,30.536174,-97.861811,
48491020812,Census Tract 208.12,491,30.582892,-97.580617,
48491020354,Census Tract 203.54,491,30.519746,-97.860631,
48491020512,Census Tract 205.12,491,30.482961,-97.688512,
48491020342,Census Tract 203.42,491,30.601783,-97.874942,
48491020814,Census Tract 208.14,491,30.508523,-97.601691,
48491020712,Census Tract 207.12,491,30.499517,-97.642286,
48201321401,Census Tract 3214.01,201,29.665939,-95.227008,
48491020713,Census Tract 207.13,491,30.494481,-97.619591,
48491020333,Census Tract 203.33,491,30.46676,-97.83048,
48201323702,Census Tract 3237.02,201,29.645319,-95.176617,
48201533600,Census Tract 5336,201,29.905827,-95.425916,
48491020606,Census Tract 206.06,491,30.542474,-97.739119,
48491020819,Census Tract 208.19,491,30.50794,-97.514115,
48039660503,Census Tract 6605.03,039,29.576196,-95.297855,
48271950100,Census Tract 9501,271,29.347086,-100.4177,
48491020711,Census Tract 207.11,491,30.505742,-97.629443,
48491020352,Census Tract 203.52,491,30.531389,-97.818662,
48201340203,Census Tract 3402.03,201,29.605609,-95.098247,
48201342002,Census Tract 3420.02,201,29.643047,-95.151962,
48201534001,Census Tract 5340.01,201,29.906432,-95.483956,
48201533902,Census Tract 5339.02,201,29.930391,-95.501157,
48201550603,Census Tract 5506.03,201,29.957857,-95.47131,
48187210508,Census Tract 2105.08,187,29.712556,-97.985085,
48187210608,Census Tract 2106.08,187,29.646739,-98.09184,
48187210713,Census Tract 2107.13,187,29.607168,-98.245472,
48039660705,Census Tract 6607.05,039,29.550356,-95.339539,
48039660609,Census Tract 6606.09,039,29.574806,-95.364015,
48039661902,Census Tract 6619.02,039,29.404272,-95.490591,
48039660806,Census Tract 6608.06,039,29.54319,-95.290656,
48039660603,Census Tract 6606.03,039,29.578924,-95.404003,
48039660608,Census Tract 6606.08,039,29.581217,-95.372919,
48039660804,Census Tract 6608.04,039,29.552618,-95.296089,
48039660610,Census Tract 6606.10,039,29.563078,-95.369339,
48039660704,Census Tract 6607.04,039,29.549358,-95.358081,
48201550601,Census Tract 5506.01,201,29.957263,-95.458552,
48157674404,Census Tract 6744.04,157,29.530526,-95.575748,
48039660501,Census Tract 6605.01,039,29.573294,-95.33961,
48157674403,Census Tract 6744.03,157,29.539613,-95.590586,
48085031504,Census Tract 315.04,085,33.107555,-96.639143,
48085031611,Census Tract 316.11,085,33.048731,-96.705024,
48085031613,Census Tract 316.13,085,33.049138,-96.742689,
48413950300,Census Tract 9503,413,30.896233,-100.527216,
48085031902,Census Tract 319.02,085,33.015935,-96.697844,
48085030537,Census Tract 305.37,085,33.196327,-96.759138,
48085031815,Census Tract 318.15,085,32.991821,-96.717829,
48085031816,Census Tract 318.16,085,32.990402,-96.695647,
48085031808,Census Tract 318.08,085,33.013772,-96.722479,
48085030540,Census Tract 305.40,085,33.155465,-96.700826,
48085030541,Census Tract 305.41,085,33.153453,-96.689024,
48085030536,Census Tract 305.36,085,33.181785,-96.759051,
48085031665,Census Tract 316.65,085,33.117832,-96.741583,
48027021905,Census Tract 219.05,027,31.065281,-97.662801,
48027021908,Census Tract 219.08,027,31.031575,-97.637873,
48085031334,Census Tract 313.34,085,32.993267,-96.622265,
48113013630,Census Tract 136.30,113,32.944479,-96.806708,
48085031335,Census Tract 313.35,085,32.996952,-96.604882,
48085031812,Census Tract 318.12,085,32.991825,-96.762037,
48085031813,Census Tract 318.13,085,32.992796,-96.75079,
48085030902,Census Tract 309.02,085,33.175218,-96.589714,
48325000802,Census Tract 8.02,325,29.161806,-98.904587,
48325000104,Census Tract 1.04,325,29.556712,-98.866095,
48325000103,Census Tract 1.03,325,29.41378,-98.853909,
48325000302,Census Tract 3.02,325,29.506606,-99.174956,
48325000801,Census Tract 8.01,325,29.149238,-98.991178,
48325000301,Census Tract 3.01,325,29.492094,-99.051222,
48201553300,Census Tract 5533,201,30.025895,-95.434705,
48355002101,Census Tract 21.01,355,27.750417,-97.390439,
48355002001,Census Tract 20.01,355,27.757597,-97.405229,
48113008604,Census Tract 86.04,113,32.717415,-96.770074,
48355001702,Census Tract 17.02,355,27.738019,-97.462375,
48355002002,Census Tract 20.02,355,27.749695,-97.409287,
48113006200,Census Tract 62,113,32.723999,-96.833055,
48355001904,Census Tract 19.04,355,27.742866,-97.41374,
48277000800,Census Tract 8,277,33.627807,-95.559839,
48277000900,Census Tract 9,277,33.62367,-95.477186,
48277001000,Census Tract 10,277,33.653022,-95.537092,
48277000700,Census Tract 7,277,33.662129,-95.604973,
48277000500,Census Tract 5,277,33.697523,-95.53998,
48277000200,Census Tract 2,277,33.550871,-95.64894,
48277000600,Census Tract 6,277,33.69098,-95.565555,
48027023001,Census Tract 230.01,027,31.061968,-97.757789,
48027021907,Census Tract 219.07,027,31.064832,-97.631226,
48217960501,Census Tract 9605.01,217,31.891505,-97.267291,
48217960502,Census Tract 9605.02,217,31.942292,-97.35214,
48049951200,Census Tract 9512,049,31.756216,-98.942522,
48049950600,Census Tract 9506,049,31.730193,-98.995086,
48049950300,Census Tract 9503,049,31.741353,-98.847264,
48453001923,Census Tract 19.23,453,30.256291,-97.779217,5
48049950900,Census Tract 9509,049,31.691832,-98.983584,
48049950500,Census Tract 9505,049,31.681929,-99.141052,
48201331602,Census Tract 3316.02,201,29.627881,-95.318266,
48201552602,Census Tract 5526.02,201,29.975428,-95.577064,
48201320601,Census Tract 3206.01,201,29.68399,-95.262852,
48201350601,Census Tract 3506.01,201,29.554574,-95.171869,
48201431401,Census Tract 4314.01,201,29.744466,-95.483992,
48201540502,Census Tract 5405.02,201,29.846971,-95.630883,
48201511301,Census Tract 5113.01,201,29.797261,-95.40545,
48201223001,Census Tract 2230.01,201,29.916412,-95.315036,
48201330303,Census Tract 3303.03,201,29.626377,-95.497489,
48201334003,Census Tract 3340.03,201,29.605166,-95.230086,
48201343301,Census Tract 3433.01,201,29.684102,-95.065104,
48453033000,Census Tract 330,453,30.242667,-97.901276,8
48201341501,Census Tract 3415.01,201,29.577974,-95.038054,
48201341502,Census Tract 3415.02,201,29.561439,-95.03759,
48201340302,Census Tract 3403.02,201,29.599739,-95.114266,
48453036900,Census Tract 369,453,30.342794,-97.985751,
48453001309,Census Tract 13.09,453,30.261319,-97.763936,5
48453036600,Census Tract 366,453,30.250878,-97.968809,
48453034000,Census Tract 340,453,30.322273,-97.926068,
48453037400,Census Tract 374,453,30.427297,-98.0102,
48453030200,Census Tract 302,453,30.372785,-97.746344,10
48453032200,Census Tract 322,453,30.362873,-97.757751,10
48453032300,Census Tract 323,453,30.357615,-97.749827,10
48453001920,Census Tract 19.20,453,30.255816,-97.887498,8
48485012301,Census Tract 123.01,485,33.847144,-98.569662,
48453030700,Census Tract 307,453,30.349477,-97.780639,10
48485013201,Census Tract 132.01,485,33.95679,-98.519371,
48453032000,Census Tract 320,453,30.230518,-97.844221,8
48453043500,Census Tract 435,453,30.362156,-97.659025,1
48453042400,Census Tract 424,453,30.363223,-97.57568,
48113011202,Census Tract 112.02,113,32.67338,-96.814637,
48453040300,Census Tract 403,453,30.345101,-97.687554,4
48453043600,Census Tract 436,453,30.337933,-97.662155,1
48453031800,Census Tract 318,453,30.180764,-97.8246,5
48453031700,Census Tract 317,453,30.186073,-97.838265,5
48453031000,Census Tract 310,453,30.202751,-97.829377,5
48453002323,Census Tract 23.23,453,30.232499,-97.75025,3
48453002322,Census Tract 23.22,453,30.223013,-97.755666,3
48453037300,Census Tract 373,453,30.457105,-97.989075,
48453030600,Census Tract 306,453,30.348314,-97.761023,10
48453002438,Census Tract 24.38,453,30.162067,-97.812616,5
48453000608,Census Tract 6.08,453,30.284996,-97.743347,9
48453000606,Census Tract 6.06,453,30.290702,-97.743867,9
48453000607,Census Tract 6.07,453,30.285747,-97.74946,9
48453001101,Census Tract 11.01,453,30.27111,-97.742479,9
48453001310,Census Tract 13.10,453,30.256216,-97.762586,9
48453001102,Census Tract 11.02,453,30.265914,-97.748033,9
48453033100,Census Tract 331,453,30.371646,-97.984316,
48039660502,Census Tract 6605.02,039,29.57134,-95.316883,
48453037000,Census Tract 370,453,30.320954,-97.975287,
48453033300,Census Tract 333,453,30.163315,-97.883676,8
48201553500,Census Tract 5535,201,30.037378,-95.475352,
48453030900,Census Tract 309,453,30.195742,-97.816561,5
48453037500,Census Tract 375,453,30.502923,-97.897431,
48453045000,Census Tract 450,453,30.371292,-97.641047,1
48453002221,Census Tract 22.21,453,30.320358,-97.617142,
48453046600,Census Tract 466,453,30.489643,-97.568858,
48039660402,Census Tract 6604.02,039,29.572461,-95.271411,
48453002218,Census Tract 22.18,453,30.31365,-97.498671,
48453002006,Census Tract 20.06,453,30.232515,-97.778141,5
48453002007,Census Tract 20.07,453,30.237183,-97.7817,5
48453037600,Census Tract 376,453,30.435061,-97.96278,
48453034800,Census Tract 348,453,30.20598,-97.881046,8
48453000605,Census Tract 6.05,453,30.296187,-97.746267,9
48485012001,Census Tract 120.01,485,33.858343,-98.527862,
48485013504,Census Tract 135.04,485,34.094317,-98.565347,
48453036000,Census Tract 360,453,30.545349,-97.897134,
48453031500,Census Tract 315,453,30.362817,-97.931039,
48453034900,Census Tract 349,453,30.37944,-97.900291,
48485011902,Census Tract 119.02,485,33.883981,-98.509222,
48453031200,Census Tract 312,453,30.218622,-97.860696,8
48453045400,Census Tract 454,453,30.391886,-97.725016,7
48453045300,Census Tract 453,453,30.399546,-97.71135,7
48453040400,Census Tract 404,453,30.366604,-97.734672,7
48485012402,Census Tract 124.02,485,33.870666,-98.5691,
48485012202,Census Tract 122.02,485,33.853115,-98.554761,
48485012401,Census Tract 124.01,485,33.850729,-98.620107,
48309001600,Census Tract 16,309,31.599111,-97.102956,
48485012201,Census Tract 122.01,485,33.847288,-98.517274,
48485012302,Census Tract 123.02,485,33.8438,-98.596624,
48485013202,Census Tract 132.02,485,34.011988,-98.535152,
48485011901,Census Tract 119.01,485,33.868876,-98.514579,
48339690501,Census Tract 6905.01,339,30.243324,-95.558349,
48339690405,Census Tract 6904.05,339,30.175157,-95.665786,
48251130213,Census Tract 1302.13,251,32.460818,-97.455912,
48251130602,Census Tract 1306.02,251,32.250817,-97.52513,
48251130212,Census Tract 1302.12,251,32.521689,-97.461884,
48201241501,Census Tract 2415.01,201,29.983023,-95.290532,
48251130210,Census Tract 1302.10,251,32.449508,-97.33778,
48251130304,Census Tract 1303.04,251,32.402219,-97.35572,
48251130211,Census Tract 1302.11,251,32.477808,-97.331062,
48251130303,Census Tract 1303.03,251,32.366435,-97.324656,
48251130214,Census Tract 1302.14,251,32.480507,-97.398773,
48201312502,Census Tract 3125.02,201,29.736164,-95.376428,
48339694203,Census Tract 6942.03,339,30.439265,-95.529706,
48339694209,Census Tract 6942.09,339,30.405145,-95.523297,
48339692004,Census Tract 6920.04,339,30.147516,-95.416114,
48339693402,Census Tract 6934.02,339,30.288568,-95.459018,
48339694603,Census Tract 6946.03,339,30.277837,-95.744077,
48339694205,Census Tract 6942.05,339,30.491335,-95.53444,
48201410703,Census Tract 4107.03,201,29.74139,-95.393714,
48201410802,Census Tract 4108.02,201,29.740684,-95.405025,
48339693703,Census Tract 6937.03,339,30.336309,-95.517626,
48339693303,Census Tract 6933.03,339,30.285543,-95.46947,
48201410501,Census Tract 4105.01,201,29.749103,-95.392361,
48339692603,Census Tract 6926.03,339,30.170598,-95.279309,
48339692010,Census Tract 6920.10,339,30.066129,-95.30593,
48201411003,Census Tract 4110.03,201,29.734693,-95.414691,
48201411002,Census Tract 4110.02,201,29.740501,-95.414697,
48339690406,Census Tract 6904.06,339,30.218855,-95.614991,
48491020121,Census Tract 201.21,491,30.651409,-97.700948,
48201411503,Census Tract 4115.03,201,29.734589,-95.424065,
48339690403,Census Tract 6904.03,339,30.247432,-95.684224,
48201411001,Census Tract 4110.01,201,29.74028,-95.424367,
48339690407,Census Tract 6904.07,339,30.197938,-95.594338,
48491021515,Census Tract 215.15,491,30.555179,-97.66552,
48339690205,Census Tract 6902.05,339,30.166437,-95.735675,
48201411801,Census Tract 4118.01,201,29.726433,-95.438023,
48339690204,Census Tract 6902.04,339,30.188247,-95.77565,
48339690206,Census Tract 6902.06,339,30.162703,-95.704505,
48339690207,Census Tract 6902.07,339,30.128555,-95.678514,
48339694308,Census Tract 6943.08,339,30.384429,-95.642826,
48339692303,Census Tract 6923.03,339,30.079803,-95.281762,
48339694501,Census Tract 6945.01,339,30.298268,-95.672134,
48339692502,Census Tract 6925.02,339,30.10041,-95.206323,
48339691202,Census Tract 6912.02,339,30.165144,-95.489962,
48339691801,Census Tract 6918.01,339,30.138594,-95.438066,
48339694303,Census Tract 6943.03,339,30.403124,-95.663498,
48339690702,Census Tract 6907.02,339,30.186096,-95.46499,
48339691802,Census Tract 6918.02,339,30.175094,-95.439105,
48339692604,Census Tract 6926.04,339,30.123599,-95.263466,
48339690203,Census Tract 6902.03,339,30.182794,-95.786033,
48355002602,Census Tract 26.02,355,27.713758,-97.36759,
48355002603,Census Tract 26.03,355,27.723823,-97.369207,
48355003204,Census Tract 32.04,355,27.681499,-97.357353,
48355003306,Census Tract 33.06,355,27.687365,-97.37202,
48355003303,Census Tract 33.03,355,27.706508,-97.380057,
48323950207,Census Tract 9502.07,323,28.467159,-100.236671,
48323950209,Census Tract 9502.09,323,28.664129,-100.480309,
48323950206,Census Tract 9502.06,323,28.660716,-100.434771,
48323950701,Census Tract 9507.01,323,28.862439,-100.267898,
48323950702,Census Tract 9507.02,323,28.953452,-100.536362,
48323950302,Census Tract 9503.02,323,28.718159,-100.482417,
48323950301,Census Tract 9503.01,323,28.730242,-100.485601,
48491020207,Census Tract 202.07,491,30.688192,-97.900209,
48491020206,Census Tract 202.06,491,30.832582,-97.825777,
48491020516,Census Tract 205.16,491,30.492783,-97.761021,6
48491021407,Census Tract 214.07,491,30.607874,-97.66063,
48491021405,Census Tract 214.05,491,30.621423,-97.653863,
48141010329,Census Tract 103.29,141,31.77528,-106.258355,
48491020811,Census Tract 208.11,491,30.526556,-97.555812,
48491021406,Census Tract 214.06,491,30.596109,-97.676719,
48491020820,Census Tract 208.20,491,30.531618,-97.542961,
48491020813,Census Tract 208.13,491,30.581548,-97.525261,
48491020821,Census Tract 208.21,491,30.594457,-97.628665,
48355003305,Census Tract 33.05,355,27.700059,-97.368161,
48397040508,Census Tract 405.08,397,32.834808,-96.427073,
48309000900,Census Tract 9,309,31.557606,-97.17236,
48397040305,Census Tract 403.05,397,32.922549,-96.43846,
48397040412,Census Tract 404.12,397,32.916488,-96.328079,
48309001100,Census Tract 11,309,31.568552,-97.168682,
48397040303,Census Tract 403.03,397,32.900195,-96.478884,
48397040202,Census Tract 402.02,397,32.948829,-96.452612,
48309000700,Census Tract 7,309,31.545014,-97.150835,
48397040407,Census Tract 404.07,397,32.950235,-96.404437,
48201553405,Census Tract 5534.05,201,30.055083,-95.447725,
48397040408,Census Tract 404.08,397,32.917887,-96.393667,
48397040410,Census Tract 404.10,397,32.955049,-96.338664,
48201341101,Census Tract 3411.01,201,29.53942,-95.134993,
48397040511,Census Tract 405.11,397,32.829651,-96.491245,
48397040510,Census Tract 405.10,397,32.882711,-96.504806,
48397040507,Census Tract 405.07,397,32.866192,-96.462185,
48201350603,Census Tract 3506.03,201,29.534576,-95.171548,
48201433006,Census Tract 4330.06,201,29.711376,-95.541587,
48397040403,Census Tract 404.03,397,32.975397,-96.397429,
48397040411,Census Tract 404.11,397,32.956691,-96.315225,
48397040405,Census Tract 404.05,397,32.963915,-96.348698,
48375015100,Census Tract 151,375,35.294485,-101.818543,
48397040404,Census Tract 404.04,397,32.933998,-96.396352,
48397040304,Census Tract 403.04,397,32.911388,-96.45935,
48309000800,Census Tract 8,309,31.5424,-97.162451,
48397040514,Census Tract 405.14,397,32.855823,-96.330099,
48389950600,Census Tract 9506,389,31.308366,-103.712706,
48375015200,Census Tract 152,375,35.253605,-101.833956,
48201421302,Census Tract 4213.02,201,29.709211,-95.502666,
48397040409,Census Tract 404.09,397,32.9263,-96.356606,
48201421204,Census Tract 4212.04,201,29.721454,-95.48952,
48201421801,Census Tract 4218.01,201,29.678554,-95.480038,
48309001200,Census Tract 12,309,31.561588,-97.147467,
48397040513,Census Tract 405.13,397,32.890223,-96.393653,
48157673402,Census Tract 6734.02,157,29.669755,-95.829734,
48397040509,Census Tract 405.09,397,32.837325,-96.354729,
48397040406,Census Tract 404.06,397,32.946477,-96.388078,
48397040104,Census Tract 401.04,397,32.967163,-96.510692,
48397040201,Census Tract 402.01,397,32.953336,-96.431235,
48397040103,Census Tract 401.03,397,32.968217,-96.474993,
48397040203,Census Tract 402.03,397,32.975222,-96.452852,
48085031666,Census Tract 316.66,085,33.107081,-96.741519,
48085031681,Census Tract 316.81,085,33.045168,-96.761736,
48085030542,Census Tract 305.42,085,33.145004,-96.72211,
48085031330,Census Tract 313.30,085,33.04371,-96.582219,
48085031008,Census Tract 310.08,085,33.082349,-96.50158,
48085030549,Census Tract 305.49,085,33.168712,-96.67763,
48085031901,Census Tract 319.01,085,33.007835,-96.673513,
48085030102,Census Tract 301.02,085,33.321715,-96.378507,
48085031903,Census Tract 319.03,085,32.999892,-96.687431,
48085030101,Census Tract 301.01,085,33.267962,-96.43679,
48085031668,Census Tract 316.68,085,33.036761,-96.823132,
48085031677,Census Tract 316.77,085,33.082602,-96.760921,
48085030207,Census Tract 302.07,085,33.3555,-96.516313,
48439102401,Census Tract 1024.01,439,32.7226,-97.418284,
48439113109,Census Tract 1131.09,439,32.765868,-97.075801,
48169950102,Census Tract 9501.02,169,33.183792,-101.301134,
48169950101,Census Tract 9501.01,169,33.206783,-101.341581,
48169980000,Census Tract 9800,169,33.200295,-101.373863,
48201554501,Census Tract 5545.01,201,30.009998,-95.660865,
48201222402,Census Tract 2224.02,201,29.911189,-95.388914,
48201251501,Census Tract 2515.01,201,30.098067,-95.159594,
48201222501,Census Tract 2225.01,201,29.928314,-95.40584,
48201541205,Census Tract 5412.05,201,29.894142,-95.662402,
48201421301,Census Tract 4213.01,201,29.708713,-95.495012,
48201421206,Census Tract 4212.06,201,29.718216,-95.486901,
48141000401,Census Tract 4.01,141,31.842051,-106.474082,
48141001002,Census Tract 10.02,141,31.800489,-106.450563,
48141001900,Census Tract 19,141,31.752474,-106.480779,
48141010504,Census Tract 105.04,141,31.435389,-106.044003,
48201423203,Census Tract 4232.03,201,29.660884,-95.532177,
48201421502,Census Tract 4215.02,201,29.712829,-95.478516,
48201432101,Census Tract 4321.01,201,29.733348,-95.517431,
48201222401,Census Tract 2224.01,201,29.90059,-95.39641,
48201341302,Census Tract 3413.02,201,29.553262,-95.103644,
48201451501,Census Tract 4515.01,201,29.760172,-95.622363,
48201432006,Census Tract 4320.06,201,29.734574,-95.49828,
48201350801,Census Tract 3508.01,201,29.524913,-95.175222,
48201341201,Census Tract 3412.01,201,29.525766,-95.112932,
48113009605,Census Tract 96.05,113,32.912242,-96.867495,
48141001112,Census Tract 11.12,141,31.847521,-106.549092,
48201540601,Census Tract 5406.01,201,29.862197,-95.632433,
48201521202,Census Tract 5212.02,201,29.806887,-95.514609,
48201541203,Census Tract 5412.03,201,29.888854,-95.649081,
48453002324,Census Tract 23.24,453,30.235129,-97.718873,3
48201552303,Census Tract 5523.03,201,29.958841,-95.589254,
48453041200,Census Tract 412,453,30.402251,-97.683027,7
48201550306,Census Tract 5503.06,201,29.991279,-95.438425,
48453045800,Census Tract 458,453,30.407857,-97.440698,
48453002217,Census Tract 22.17,453,30.338465,-97.474412,
48453044700,Census Tract 447,453,30.414311,-97.628188,
48453002450,Census Tract 24.50,453,30.137327,-97.613031,
48453044800,Census Tract 448,453,30.414819,-97.598165,
48201530102,Census Tract 5301.02,201,29.811042,-95.454602,
48201410601,Census Tract 4106.01,201,29.74453,-95.377766,
48453036500,Census Tract 365,453,30.350742,-98.08739,
48453002220,Census Tract 22.20,453,30.316972,-97.639606,1
48201541100,Census Tract 5411,201,29.900701,-95.651858,
48201511201,Census Tract 5112.01,201,29.796056,-95.416218,
48201551000,Census Tract 5510,201,29.969732,-95.491771,
48389950200,Census Tract 9502,389,31.427437,-103.496979,
48389950300,Census Tract 9503,389,31.419257,-103.504336,
48201421103,Census Tract 4211.03,201,29.71829,-95.480635,
48389950400,Census Tract 9504,389,31.40492,-103.503705,
48201410706,Census Tract 4107.06,201,29.736198,-95.385012,
48037011101,Census Tract 111.01,037,33.381545,-94.11742,
48037010905,Census Tract 109.05,037,33.448668,-94.126065,
48037011301,Census Tract 113.01,037,33.468326,-94.262081,
48037011601,Census Tract 116.01,037,33.483398,-94.661516,
48037011201,Census Tract 112.01,037,33.519238,-94.126739,
48037011404,Census Tract 114.04,037,33.37351,-94.336823,
48037010904,Census Tract 109.04,037,33.477018,-94.09574,
48037011002,Census Tract 110.02,037,33.428961,-94.113962,
48093950101,Census Tract 9501.01,093,32.116083,-98.535637,
48093950102,Census Tract 9501.02,093,32.110318,-98.597673,
48291700400,Census Tract 7004,291,30.256981,-94.92809,
48291700900,Census Tract 7009,291,30.099322,-94.984088,
48291700500,Census Tract 7005,291,30.379299,-94.914994,
48375014800,Census Tract 148,375,35.224614,-101.841254,
48375014900,Census Tract 149,375,35.216972,-101.766534,
48375015000,Census Tract 150,375,35.237274,-101.803799,
48355003402,Census Tract 34.02,355,27.702467,-97.401304,
48201555504,Census Tract 5555.04,201,30.027434,-95.623896,
48201543009,Census Tract 5430.09,201,29.8876,-95.700408,
48135002801,Census Tract 28.01,135,31.800849,-102.522513,
48201555304,Census Tract 5553.04,201,30.126068,-95.536603,
48201452102,Census Tract 4521.02,201,29.734727,-95.578308,
48201333301,Census Tract 3333.01,201,29.632155,-95.240619,
48201320901,Census Tract 3209.01,201,29.647773,-95.24376,
48135002000,Census Tract 20,135,31.827134,-102.388787,
48201553901,Census Tract 5539.01,201,30.031938,-95.541694,
48201240704,Census Tract 2407.04,201,30.012947,-95.421827,
48201551300,Census Tract 5513,201,29.950262,-95.507995,
48201541008,Census Tract 5410.08,201,29.924509,-95.661845,
48113009607,Census Tract 96.07,113,32.902608,-96.864098,
48201253601,Census Tract 2536.01,201,29.765245,-94.996343,
48201431203,Census Tract 4312.03,201,29.74153,-95.508806,
48201431403,Census Tract 4314.03,201,29.744228,-95.478412,
48201253102,Census Tract 2531.02,201,29.828834,-94.961168,
48201530501,Census Tract 5305.01,201,29.839154,-95.39236,
48201553404,Census Tract 5534.04,201,30.046022,-95.462355,
48201530502,Census Tract 5305.02,201,29.835758,-95.397574,
48201313102,Census Tract 3131.02,201,29.713723,-95.391651,
48201312602,Census Tract 3126.02,201,29.725801,-95.383048,
48201250408,Census Tract 2504.08,201,29.955237,-95.197209,
48201314005,Census Tract 3140.05,201,29.683658,-95.397023,
48201432703,Census Tract 4327.03,201,29.728826,-95.472348,
48201432704,Census Tract 4327.04,201,29.728888,-95.482238,
48201421104,Census Tract 4211.04,201,29.723003,-95.480529,
48201432004,Census Tract 4320.04,201,29.734684,-95.476215,
48201431504,Census Tract 4315.04,201,29.75381,-95.49051,
48201431304,Census Tract 4313.04,201,29.746055,-95.498037,
48201431503,Census Tract 4315.03,201,29.752895,-95.498153,
48201551502,Census Tract 5515.02,201,29.938328,-95.529335,
48201533803,Census Tract 5338.03,201,29.908798,-95.451789,
48201530701,Census Tract 5307.01,201,29.86307,-95.408816,
48201314401,Census Tract 3144.01,201,29.696595,-95.403157,
48201980300,Census Tract 9803,201,29.717226,-95.402732,
48201222602,Census Tract 2226.02,201,29.936491,-95.406025,
48201541500,Census Tract 5415,201,29.856728,-95.679623,
48201551400,Census Tract 5514,201,29.962531,-95.521672,
48113009608,Census Tract 96.08,113,32.91597,-96.846266,
48245001700,Census Tract 17,245,30.069649,-94.086831,
48027022504,Census Tract 225.04,027,31.048086,-97.721738,
48027021305,Census Tract 213.05,027,31.047763,-97.374225,
48113009609,Census Tract 96.09,113,32.902384,-96.847291,
48027022407,Census Tract 224.07,027,31.058665,-97.697919,
48027022406,Census Tract 224.06,027,31.069236,-97.687112,
48027023114,Census Tract 231.14,027,31.099801,-97.770077,
48027020102,Census Tract 201.02,027,31.105074,-97.207958,
48027023117,Census Tract 231.17,027,31.072016,-97.77821,
48027023116,Census Tract 231.16,027,31.084878,-97.808225,
48027023302,Census Tract 233.02,027,31.007977,-97.705935,
48027022001,Census Tract 220.01,027,31.086885,-97.659278,
48027021906,Census Tract 219.06,027,31.049085,-97.665816,
48027023118,Census Tract 231.18,027,31.070486,-97.799447,
48027022002,Census Tract 220.02,027,31.125686,-97.525672,
48027023301,Census Tract 233.01,027,30.970882,-97.806207,
48027023405,Census Tract 234.05,027,30.923734,-97.461706,
48027021801,Census Tract 218.01,027,31.081118,-97.577997,
48027020204,Census Tract 202.04,027,31.255926,-97.458463,
48027020101,Census Tract 201.01,027,31.226173,-97.336291,
48099010702,Census Tract 107.02,099,31.111747,-97.923096,
48041000302,Census Tract 3.02,041,30.700616,-96.375746,
48041002023,Census Tract 20.23,041,30.589736,-96.34251,
48077030200,Census Tract 302,077,33.827537,-98.183994,
48077030301,Census Tract 303.01,077,33.961827,-98.219272,
48077030302,Census Tract 303.02,077,33.644801,-98.191627,
48291700600,Census Tract 7006,291,30.383398,-94.750785,
48291701400,Census Tract 7014,291,29.979392,-94.611854,
48291701200,Census Tract 7012,291,29.999422,-94.763422,
48291701000,Census Tract 7010,291,29.977004,-94.95797,
48291700100,Census Tract 7001,291,30.332229,-95.118361,
48291700200,Census Tract 7002,291,30.358315,-95.061733,
48291701300,Census Tract 7013,291,30.113364,-94.611583,
48291700700,Census Tract 7007,291,30.182874,-94.792565,
48291701100,Census Tract 7011,291,29.955678,-94.84758,
48471790401,Census Tract 7904.01,471,30.75841,-95.752933,
48471790301,Census Tract 7903.01,471,30.635068,-95.692465,
48471790402,Census Tract 7904.02,471,30.832409,-95.670768,
48471790302,Census Tract 7903.02,471,30.582991,-95.558256,
48181000904,Census Tract 9.04,181,33.684322,-96.627851,
48201551800,Census Tract 5518,201,29.886293,-95.564566,
48201232303,Census Tract 2323.03,201,29.904408,-95.215199,
48201232202,Census Tract 2322.02,201,29.927829,-95.272666,
48201342802,Census Tract 3428.02,201,29.697374,-95.100542,
48201232305,Census Tract 2323.05,201,29.87547,-95.20339,
48201542002,Census Tract 5420.02,201,29.827323,-95.710984,
48201321302,Census Tract 3213.02,201,29.644715,-95.211715,
48113009611,Census Tract 96.11,113,32.902157,-96.876521,
48201221702,Census Tract 2217.02,201,29.887792,-95.382502,
48201221602,Census Tract 2216.02,201,29.879276,-95.401017,
48201222505,Census Tract 2225.05,201,29.920336,-95.403316,
48201543005,Census Tract 5430.05,201,29.934657,-95.773155,
48201542305,Census Tract 5423.05,201,29.824963,-95.739574,
48201541006,Census Tract 5410.06,201,29.928219,-95.680498,
48201543011,Census Tract 5430.11,201,29.888631,-95.708718,
48201421601,Census Tract 4216.01,201,29.700935,-95.490026,
48201421501,Census Tract 4215.01,201,29.710847,-95.475857,
48201423002,Census Tract 4230.02,201,29.676096,-95.521543,
48201532800,Census Tract 5328,201,29.871466,-95.471474,
48201233200,Census Tract 2332,201,29.779305,-95.192752,
48201532900,Census Tract 5329,201,29.892596,-95.473181,
48201533000,Census Tract 5330,201,29.88951,-95.461741,
48201542500,Census Tract 5425,201,29.793612,-95.764291,
48201542600,Census Tract 5426,201,29.793791,-95.789197,
48201542700,Census Tract 5427,201,29.792569,-95.813215,
48251130205,Census Tract 1302.05,251,32.548773,-97.335461,
48135002300,Census Tract 23,135,31.856502,-102.328879,
48201533100,Census Tract 5331,201,29.876449,-95.456366,
48201533200,Census Tract 5332,201,29.86688,-95.449593,
48201533500,Census Tract 5335,201,29.892388,-95.419627,
48135002400,Census Tract 24,135,31.884694,-102.332972,
48475950200,Census Tract 9502,475,31.592092,-102.87398,
48475950100,Census Tract 9501,475,31.513069,-103.105113,
48201233400,Census Tract 2334,201,29.770837,-95.245302,
48209010914,Census Tract 109.14,209,30.084696,-97.953428,
48475950300,Census Tract 9503,475,31.584953,-102.90264,
48201542800,Census Tract 5428,201,29.823952,-95.815203,
48157672002,Census Tract 6720.02,157,29.642934,-95.590439,
48245001900,Census Tract 19,245,30.06428,-94.09708,
48245011001,Census Tract 110.01,245,29.958716,-93.994053,
48245011002,Census Tract 110.02,245,29.974014,-93.981807,
48037011001,Census Tract 110.01,037,33.427161,-94.141547,
48113012000,Census Tract 120,113,32.755887,-96.658353,
48113012206,Census Tract 122.06,113,32.786845,-96.708316,
48113012207,Census Tract 122.07,113,32.785986,-96.684501,
48133950400,Census Tract 9504,133,32.153227,-98.98994,
48133950100,Census Tract 9501,133,32.432806,-98.575005,
48133950500,Census Tract 9505,133,32.250927,-98.712738,
48347950402,Census Tract 9504.02,347,31.732936,-94.600993,
48347950305,Census Tract 9503.05,347,31.560042,-94.692945,
48347950303,Census Tract 9503.03,347,31.653451,-94.702316,
48347950401,Census Tract 9504.01,347,31.6608,-94.553975,
48347951002,Census Tract 9510.02,347,31.609304,-94.614346,
48347950304,Census Tract 9503.04,347,31.536213,-94.749501,
48347951001,Census Tract 9510.01,347,31.610129,-94.650694,
48347950306,Census Tract 9503.06,347,31.496058,-94.580737,
48005000202,Census Tract 2.02,005,31.401372,-94.672625,
48005001102,Census Tract 11.02,005,31.370055,-94.563732,
48005001101,Census Tract 11.01,005,31.25851,-94.626634,
48277000302,Census Tract 3.02,277,33.758163,-95.395935,
48277000301,Census Tract 3.01,277,33.547128,-95.371578,
48037010903,Census Tract 109.03,037,33.473635,-94.062176,
48251131000,Census Tract 1310,251,32.330759,-97.399823,
48251131100,Census Tract 1311,251,32.34391,-97.402657,
48201412202,Census Tract 4122.02,201,29.705747,-95.413669,
48201413205,Census Tract 4132.05,201,29.703165,-95.420566,
48201413203,Census Tract 4132.03,201,29.703268,-95.425711,
48251130800,Census Tract 1308,251,32.365808,-97.39007,
48201423001,Census Tract 4230.01,201,29.685675,-95.509302,
48201422406,Census Tract 4224.06,201,29.662,-95.504057,
48201422601,Census Tract 4226.01,201,29.680979,-95.50312,
48201422602,Census Tract 4226.02,201,29.687068,-95.497729,
48201422502,Census Tract 4225.02,201,29.669494,-95.499711,
48201541401,Census Tract 5414.01,201,29.857411,-95.650694,
48201541702,Census Tract 5417.02,201,29.787454,-95.668811,
48201554409,Census Tract 5544.09,201,29.971316,-95.669596,
48201422404,Census Tract 4224.04,201,29.654967,-95.497062,
48201413206,Census Tract 4132.06,201,29.698313,-95.418945,
48201542003,Census Tract 5420.03,201,29.811598,-95.71146,
48201555403,Census Tract 5554.03,201,30.111955,-95.632157,
48201334102,Census Tract 3341.02,201,29.647339,-95.431435,
48201540503,Census Tract 5405.03,201,29.859974,-95.639254,
48201542304,Census Tract 5423.04,201,29.823913,-95.725545,
48201330101,Census Tract 3301.01,201,29.634519,-95.424252,
48201541403,Census Tract 5414.03,201,29.854813,-95.665153,
48157670101,Census Tract 6701.01,157,29.5883,-95.454939,
48201541204,Census Tract 5412.04,201,29.88497,-95.659496,
48201541404,Census Tract 5414.04,201,29.863661,-95.657772,
48355000500,Census Tract 5,355,27.801958,-97.418963,
48201542202,Census Tract 5422.02,201,29.852454,-95.747726,
48201421205,Census Tract 4212.05,201,29.718099,-95.493715,
48291700301,Census Tract 7003.01,291,30.28555,-95.091352,
48291700302,Census Tract 7003.02,291,30.206379,-95.058746,
48291700801,Census Tract 7008.01,291,30.146622,-94.902221,
48291700303,Census Tract 7003.03,291,30.329669,-95.074931,
48291700802,Census Tract 7008.02,291,30.088224,-94.867107,
48245002100,Census Tract 21,245,30.062223,-94.12132,
48113018135,Census Tract 181.35,113,32.880302,-96.525748,
48245002200,Census Tract 22,245,30.038092,-94.124986,
48245002300,Census Tract 23,245,30.044311,-94.105857,
48245002500,Census Tract 25,245,30.040536,-94.09106,
48113009702,Census Tract 97.02,113,32.888562,-96.86263,
48245002600,Census Tract 26,245,30.038874,-94.073962,
48245005100,Census Tract 51,245,29.900008,-93.894419,
48245005400,Census Tract 54,245,29.887663,-93.923231,
48313000300,Census Tract 3,313,30.941516,-96.092052,
48313000100,Census Tract 1,313,31.01888,-95.744105,
48313000200,Census Tract 2,313,30.967624,-95.868563,
48313000400,Census Tract 4,313,30.951631,-95.90367,
48337950600,Census Tract 9506,337,33.585641,-97.632646,
48113012208,Census Tract 122.08,113,32.799802,-96.722133,
48201553700,Census Tract 5537,201,30.017256,-95.510313,
48061014202,Census Tract 142.02,061,26.032123,-97.359276,
48061012404,Census Tract 124.04,061,26.050543,-97.500728,
48061011906,Census Tract 119.06,061,26.171485,-97.826322,
48355002301,Census Tract 23.01,355,27.729889,-97.402799,
48105950100,Census Tract 9501,105,30.717532,-101.404211,
48061012003,Census Tract 120.03,061,26.174405,-97.723004,
48061010102,Census Tract 101.02,061,26.275247,-97.406471,
48061014201,Census Tract 142.01,061,26.078286,-97.236949,
48061012616,Census Tract 126.16,061,25.976606,-97.49555,
48061014501,Census Tract 145.01,061,25.959573,-97.484831,
48061012615,Census Tract 126.15,061,25.974706,-97.480303,
48061014404,Census Tract 144.04,061,25.985543,-97.466325,
48061014402,Census Tract 144.02,061,26.000101,-97.499863,
48061012517,Census Tract 125.17,061,25.959606,-97.526197,
48061012614,Census Tract 126.14,061,25.968087,-97.478271,
48061012516,Census Tract 125.16,061,25.946926,-97.538048,
48491020117,Census Tract 201.17,491,30.739657,-97.713736,
48491020817,Census Tract 208.17,491,30.555709,-97.583856,
48491020818,Census Tract 208.18,491,30.553077,-97.612791,
48355002303,Census Tract 23.03,355,27.720399,-97.408725,
48491020334,Census Tract 203.34,491,30.472355,-97.815791,
48491020810,Census Tract 208.10,491,30.518462,-97.558296,
48355002304,Census Tract 23.04,355,27.709426,-97.415605,
48427950402,Census Tract 9504.02,427,26.40409,-98.599885,
48491020515,Census Tract 205.15,491,30.507085,-97.726638,
48491021404,Census Tract 214.04,491,30.629979,-97.648628,
48427950108,Census Tract 9501.08,427,26.47047,-98.776817,
48491020343,Census Tract 203.43,491,30.585606,-97.908176,
48491020356,Census Tract 203.56,491,30.48118,-97.814366,
48439110103,Census Tract 1101.03,439,32.828753,-97.266498,
48491021510,Census Tract 215.10,491,30.572775,-97.678607,
48491020335,Census Tract 203.35,491,30.502356,-97.839148,
48491020341,Census Tract 203.41,491,30.569716,-97.838486,
48491020124,Census Tract 201.24,491,30.608784,-97.781238,
48491020329,Census Tract 203.29,491,30.632659,-97.870149,
48157672907,Census Tract 6729.07,157,29.690108,-95.705061,
48491020815,Census Tract 208.15,491,30.519241,-97.605637,
48491021516,Census Tract 215.16,491,30.555768,-97.656508,
48491020331,Census Tract 203.31,491,30.571371,-97.873289,
48209010816,Census Tract 108.16,209,30.173777,-97.983793,
48491020609,Census Tract 206.09,491,30.57665,-97.73216,
48491020332,Census Tract 203.32,491,30.565894,-97.85471,
48491020339,Census Tract 203.39,491,30.573518,-97.809957,
48113980100,Census Tract 9801,113,32.84548,-96.849265,
48491020120,Census Tract 201.20,491,30.661694,-97.825585,
48113000605,Census Tract 6.05,113,32.810482,-96.807167,
48157672906,Census Tract 6729.06,157,29.698184,-95.730816,
48491020351,Census Tract 203.51,491,30.543677,-97.819599,
48439111015,Census Tract 1110.15,439,32.569886,-97.351511,
48201554600,Census Tract 5546,201,30.003665,-95.618923,
48439113628,Census Tract 1136.28,439,32.841141,-97.11685,
48439111025,Census Tract 1110.25,439,32.631007,-97.362797,
48439113629,Census Tract 1136.29,439,32.841113,-97.140046,
48445950300,Census Tract 9503,445,33.17723,-102.290108,
48439111031,Census Tract 1110.31,439,32.614011,-97.417916,
48209010402,Census Tract 104.02,209,29.806168,-97.962634,
48209010602,Census Tract 106.02,209,29.858063,-98.013855,
48439113637,Census Tract 1136.37,439,32.848436,-97.123449,
48209010306,Census Tract 103.06,209,29.916079,-97.87902,
48439113924,Census Tract 1139.24,439,32.887717,-97.299563,
48209010309,Census Tract 103.09,209,29.921222,-97.899884,
48167721000,Census Tract 7210,167,29.464296,-94.991961,
48209010814,Census Tract 108.14,209,30.023119,-98.112907,
48209010916,Census Tract 109.16,209,29.986664,-97.828598,
48113006301,Census Tract 63.01,113,32.713068,-96.848615,
48113006302,Census Tract 63.02,113,32.725181,-96.847423,
48209010921,Census Tract 109.21,209,29.995656,-97.794866,
48209010603,Census Tract 106.03,209,29.895998,-98.030673,
48209010704,Census Tract 107.04,209,29.9422,-98.004026,
48209010810,Census Tract 108.10,209,29.977497,-98.13653,
48209010601,Census Tract 106.01,209,29.88452,-97.959628,
48209010307,Census Tract 103.07,209,29.888451,-97.92431,
48209010703,Census Tract 107.03,209,29.899138,-97.944795,
48113006501,Census Tract 65.01,113,32.73007,-96.888413,
48209010305,Census Tract 103.05,209,29.89081,-97.893724,
48209010308,Census Tract 103.08,209,29.89494,-97.919061,
48113006502,Census Tract 65.02,113,32.722544,-96.883721,
48203020401,Census Tract 204.01,203,32.589878,-94.410928,
48209010919,Census Tract 109.19,209,30.027586,-97.818875,
48157673201,Census Tract 6732.01,157,29.764101,-95.862588,
48209010925,Census Tract 109.25,209,30.008221,-97.864461,
48209010924,Census Tract 109.24,209,29.993184,-97.86258,
48209010911,Census Tract 109.11,209,30.11266,-97.857497,
48209010922,Census Tract 109.22,209,30.043903,-97.831924,
48209010923,Census Tract 109.23,209,30.054814,-97.789205,
48355001802,Census Tract 18.02,355,27.727964,-97.441369,
48209010401,Census Tract 104.01,209,29.861155,-97.929057,
48007950302,Census Tract 9503.02,007,28.055646,-97.059149,
48209010915,Census Tract 109.15,209,30.07935,-97.863526,
48209010815,Census Tract 108.15,209,30.184671,-97.953239,
48381020100,Census Tract 201,381,35.179733,-101.911271,
48113010704,Census Tract 107.04,113,32.736827,-96.907506,
48453040500,Census Tract 405,453,30.360208,-97.72221,4
48453031100,Census Tract 311,453,30.214878,-97.917184,
48381020500,Census Tract 205,381,35.174523,-101.843572,
48383950100,Census Tract 9501,383,31.375191,-101.514395,
48453031400,Census Tract 314,453,30.413152,-97.930338,
48453035700,Census Tract 357,453,30.460407,-97.850816,
48453040800,Census Tract 408,453,30.38098,-97.708605,4
48453040100,Census Tract 401,453,30.357195,-97.710326,4
48453041800,Census Tract 418,453,30.395966,-97.701372,7
48453041700,Census Tract 417,453,30.388493,-97.700098,7
48479001300,Census Tract 13,479,27.527223,-99.509508,
48453002443,Census Tract 24.43,453,30.199329,-97.771094,2
48453034700,Census Tract 347,453,30.222477,-97.880905,8
48479001823,Census Tract 18.23,479,27.476049,-99.45639,
48453037200,Census Tract 372,453,30.156349,-97.844105,5
48453002444,Census Tract 24.44,453,30.203987,-97.779092,2
48453033600,Census Tract 336,453,30.367999,-97.964457,
48453040900,Census Tract 409,453,30.374191,-97.696321,4
48453040600,Census Tract 406,453,30.363422,-97.702667,4
48453033400,Census Tract 334,453,30.211841,-97.840445,8
48453001922,Census Tract 19.22,453,30.239743,-97.797455,5
48453001103,Census Tract 11.03,453,30.259081,-97.73992,9
48453035100,Census Tract 351,453,30.34298,-97.916699,
48453030300,Census Tract 303,453,30.223853,-97.797196,5
48453030400,Census Tract 304,453,30.210792,-97.805299,5
48453034300,Census Tract 343,453,30.436668,-97.813675,6
48453034400,Census Tract 344,453,30.440931,-97.8316,6
48453033700,Census Tract 337,453,30.439765,-97.796463,6
48453032700,Census Tract 327,453,30.426135,-97.769797,10
48439113958,Census Tract 1139.58,439,32.922963,-97.145631,
48453032900,Census Tract 329,453,30.361072,-97.82948,10
48453002451,Census Tract 24.51,453,30.16304,-97.780416,5
48453037100,Census Tract 371,453,30.158841,-97.856837,8
48453036300,Census Tract 363,453,30.548659,-97.993529,
48201311800,Census Tract 3118,201,29.699182,-95.324408,
48201311900,Census Tract 3119,201,29.717069,-95.325175,
48453044300,Census Tract 443,453,30.418258,-97.648425,
48453001921,Census Tract 19.21,453,30.283213,-97.882627,
48201311100,Census Tract 3111,201,29.733205,-95.286268,
48201311300,Census Tract 3113,201,29.709731,-95.294571,
48201311400,Census Tract 3114,201,29.719027,-95.275221,
48213950301,Census Tract 9503.01,213,32.303537,-95.775634,
48213951102,Census Tract 9511.02,213,32.238758,-96.00587,
48213950802,Census Tract 9508.02,213,32.246639,-96.172177,
48213951401,Census Tract 9514.01,213,32.182584,-95.591056,
48213950202,Census Tract 9502.02,213,32.277864,-95.631497,
48213950303,Census Tract 9503.03,213,32.207949,-95.734543,
48213951402,Census Tract 9514.02,213,32.131611,-95.645165,
48213950102,Census Tract 9501.02,213,32.25124,-95.499486,
48213950201,Census Tract 9502.01,213,32.269553,-95.569906,
48213951403,Census Tract 9514.03,213,32.160043,-95.508039,
48213950904,Census Tract 9509.04,213,32.262038,-96.100805,
48213951201,Census Tract 9512.01,213,32.188139,-95.882549,
48213950604,Census Tract 9506.04,213,32.349397,-96.134986,
48213951101,Census Tract 9511.01,213,32.09738,-95.941634,
48213950801,Census Tract 9508.01,213,32.283793,-96.168955,
48201312000,Census Tract 3120,201,29.715248,-95.35239,
48213950905,Census Tract 9509.05,213,32.294885,-96.105639,
48213950302,Census Tract 9503.02,213,32.107816,-95.777328,
48213950101,Census Tract 9501.01,213,32.322824,-95.484504,
48307950500,Census Tract 9505,307,31.287469,-99.369895,
48113016407,Census Tract 164.07,113,32.704097,-96.995782,
48183010301,Census Tract 103.01,183,32.550826,-94.820592,
48213951202,Census Tract 9512.02,213,32.205617,-95.888761,
48213950603,Census Tract 9506.03,213,32.322489,-96.146815,
48085030307,Census Tract 303.07,085,33.312257,-96.722597,
48085030546,Census Tract 305.46,085,33.210247,-96.721799,
48085031680,Census Tract 316.80,085,33.092816,-96.766407,
48183001200,Census Tract 12,183,32.478302,-94.718469,
48381021702,Census Tract 217.02,381,35.066681,-101.696303,
48381020900,Census Tract 209,381,35.170789,-101.857888,
48085030410,Census Tract 304.10,085,33.15517,-96.828378,
48085030409,Census Tract 304.09,085,33.142129,-96.815522,
48453043400,Census Tract 434,453,30.326327,-97.700311,4
48453002437,Census Tract 24.37,453,30.164487,-97.794367,5
48453002441,Census Tract 24.41,453,30.182004,-97.768022,2
48453035000,Census Tract 350,453,30.365647,-97.875321,10
48453002216,Census Tract 22.16,453,30.233782,-97.581662,
48381021602,Census Tract 216.02,381,35.169072,-101.911218,
48453002448,Census Tract 24.48,453,30.191958,-97.715274,2
48453044200,Census Tract 442,453,30.430148,-97.663273,
48453000309,Census Tract 3.09,453,30.297939,-97.704775,9
48113007101,Census Tract 71.01,113,32.844319,-96.817523,
48113018002,Census Tract 180.02,113,32.825249,-96.636957,
48113009105,Census Tract 91.05,113,32.738302,-96.691108,
48113012210,Census Tract 122.10,113,32.811057,-96.691598,
48453032600,Census Tract 326,453,30.409302,-97.778547,6
48453002214,Census Tract 22.14,453,30.276397,-97.653606,1
48453002320,Census Tract 23.20,453,30.221926,-97.695175,3
48453002327,Census Tract 23.27,453,30.24058,-97.702685,3
48453002325,Census Tract 23.25,453,30.231476,-97.706495,3
48453043200,Census Tract 432,453,30.350599,-97.700617,4
48453033200,Census Tract 332,453,30.136225,-97.839438,
48453035900,Census Tract 359,453,30.590991,-97.96217,
48113009610,Census Tract 96.10,113,32.902782,-96.885631,
48005000904,Census Tract 9.04,005,31.317626,-94.739843,
48453036200,Census Tract 362,453,30.529017,-97.911791,
48453043300,Census Tract 433,453,30.33294,-97.69564,4
48453036100,Census Tract 361,453,30.528609,-97.879554,
48453034100,Census Tract 341,453,30.444384,-97.736132,6
48453002452,Census Tract 24.52,453,30.189957,-97.629432,
48453046700,Census Tract 467,453,30.473622,-97.580508,
48453002222,Census Tract 22.22,453,30.300493,-97.633264,1
48453000308,Census Tract 3.08,453,30.29612,-97.694444,9
48453034600,Census Tract 346,453,30.413522,-97.834548,10
48453002321,Census Tract 23.21,453,30.231893,-97.693976,3
48201312400,Census Tract 3124,201,29.729898,-95.361013,
48453002215,Census Tract 22.15,453,30.257322,-97.586477,
48453046900,Census Tract 469,453,30.453796,-97.579016,
48453002326,Census Tract 23.26,453,30.244493,-97.712542,3
48201233600,Census Tract 2336,201,29.756496,-95.260864,
48167720400,Census Tract 7204,167,29.483041,-95.196692,
48371980000,Census Tract 9800,371,30.899669,-102.864251,
48167720900,Census Tract 7209,167,29.451717,-95.056238,
48201311600,Census Tract 3116,201,29.701109,-95.286172,
48201240600,Census Tract 2406,201,29.958382,-95.408223,
48407200107,Census Tract 2001.07,407,30.564028,-95.262109,
48183001400,Census Tract 14,183,32.444684,-94.735196,
48307950300,Census Tract 9503,307,31.122427,-99.341601,
48381021900,Census Tract 219,381,34.896988,-101.896515,
48307950400,Census Tract 9504,307,31.053668,-99.325337,
48113014121,Census Tract 141.21,113,32.958913,-96.944875,
48113004201,Census Tract 42.01,113,32.758452,-96.829909,
48113017102,Census Tract 171.02,113,32.664184,-96.63268,
48183010600,Census Tract 106,183,32.393997,-94.833804,
48183000900,Census Tract 9,183,32.493484,-94.786965,
48201252100,Census Tract 2521,201,29.885098,-95.138524,
48201253000,Census Tract 2530,201,29.822174,-95.019633,
48201253300,Census Tract 2533,201,29.767265,-95.04273,
48133950302,Census Tract 9503.02,133,32.38227,-99.023871,
48133950301,Census Tract 9503.01,133,32.393279,-98.97926,
48133950202,Census Tract 9502.02,133,32.370158,-98.792185,
48133950201,Census Tract 9502.01,133,32.456392,-98.813181,
48165950201,Census Tract 9502.01,165,32.654792,-102.476898,
48165950202,Census Tract 9502.02,165,32.717133,-102.881513,
48113011105,Census Tract 111.05,113,32.652732,-96.826967,
48201312200,Census Tract 3122,201,29.732105,-95.349757,
48203020402,Census Tract 204.02,203,32.513883,-94.416861,
48397040301,Census Tract 403.01,397,32.906027,-96.50895,
48007950103,Census Tract 9501.03,007,28.066916,-97.110881,
48007950501,Census Tract 9505.01,007,28.034312,-97.181055,
48007950301,Census Tract 9503.01,007,28.03681,-97.067901,
48007950503,Census Tract 9505.03,007,27.991095,-97.095642,
48007950101,Census Tract 9501.01,007,28.140872,-96.939278,
48007950102,Census Tract 9501.02,007,28.09748,-97.041272,
48005000903,Census Tract 9.03,005,31.305998,-94.762408,
48005000201,Census Tract 2.01,005,31.295733,-94.667342,
48005000104,Census Tract 1.04,005,31.416064,-94.871643,
48007950502,Census Tract 9505.02,007,27.939028,-97.135819,
48005000103,Census Tract 1.03,005,31.458002,-94.80888,
48427950602,Census Tract 9506.02,427,26.375086,-98.823741,
48157673106,Census Tract 6731.06,157,29.726927,-95.785601,
48427950601,Census Tract 9506.01,427,26.383303,-98.847967,
48427950404,Census Tract 9504.04,427,26.276429,-98.651458,
48355001500,Census Tract 15,355,27.763407,-97.415854,
48427950403,Census Tract 9504.03,427,26.315976,-98.722057,
48379950101,Census Tract 9501.01,379,32.912822,-95.736948,
48379950102,Census Tract 9501.02,379,32.816012,-95.726357,
48039660805,Census Tract 6608.05,039,29.538015,-95.312378,
48039660613,Census Tract 6606.13,039,29.524808,-95.428106,
48039660403,Census Tract 6604.03,039,29.56968,-95.262198,
48039660504,Census Tract 6605.04,039,29.59074,-95.318146,
48039660707,Census Tract 6607.07,039,29.535536,-95.348216,
48039661901,Census Tract 6619.01,039,29.31841,-95.499633,
48039660611,Census Tract 6606.11,039,29.544241,-95.421245,
48039660708,Census Tract 6607.08,039,29.504691,-95.360749,
48039660615,Census Tract 6606.15,039,29.505191,-95.4051,
48039660901,Census Tract 6609.01,039,29.491281,-95.278526,
48039660614,Census Tract 6606.14,039,29.505413,-95.430827,
48039660902,Census Tract 6609.02,039,29.522215,-95.290407,
48039660616,Census Tract 6606.16,039,29.536776,-95.400544,
48039660706,Census Tract 6607.06,039,29.539102,-95.376281,
48039660303,Census Tract 6603.03,039,29.533886,-95.25554,
48039660612,Census Tract 6606.12,039,29.549664,-95.39969,
48039660703,Census Tract 6607.03,039,29.548634,-95.377279,
48039660301,Census Tract 6603.01,039,29.554068,-95.272273,
48039660302,Census Tract 6603.02,039,29.543678,-95.260578,
48039660607,Census Tract 6606.07,039,29.566716,-95.393944,
48039660401,Census Tract 6604.01,039,29.582892,-95.279068,
48039660606,Census Tract 6606.06,039,29.56434,-95.403139,
48039660605,Census Tract 6606.05,039,29.567196,-95.415825,
48039660803,Census Tract 6608.03,039,29.550082,-95.322576,
48039660604,Census Tract 6606.04,039,29.561767,-95.423663,
48113011300,Census Tract 113,113,32.66634,-96.795564,
48113002100,Census Tract 21,113,32.784229,-96.802928,
48157672903,Census Tract 6729.03,157,29.674068,-95.734459,
48113001202,Census Tract 12.02,113,32.800782,-96.735237,
48113001203,Census Tract 12.03,113,32.802624,-96.744079,
48113016903,Census Tract 169.03,113,32.589192,-96.666414,
48479001822,Census Tract 18.22,479,27.448927,-99.471231,
48113016617,Census Tract 166.17,113,32.610614,-96.882721,
48113008703,Census Tract 87.03,113,32.703043,-96.782589,
48113014002,Census Tract 140.02,113,32.943995,-96.920095,
48439105203,Census Tract 1052.03,439,32.720722,-97.468089,
48439110204,Census Tract 1102.04,439,32.824787,-97.281694,
48439110302,Census Tract 1103.02,439,32.787765,-97.282501,
48355001300,Census Tract 13,355,27.773152,-97.410433,
48495950200,Census Tract 9502,495,31.863446,-103.101552,
48201533701,Census Tract 5337.01,201,29.92831,-95.428434,
48495950300,Census Tract 9503,495,31.851825,-103.088895,
48495950400,Census Tract 9504,495,31.832861,-103.054925,
48201223002,Census Tract 2230.02,201,29.906774,-95.327696,
48201980100,Census Tract 9801,201,29.985874,-95.345795,
48469980000,Census Tract 9800,469,28.853335,-96.923344,
48381021102,Census Tract 211.02,381,35.159258,-101.879918,
48479001806,Census Tract 18.06,479,27.456787,-99.466517,
48479001813,Census Tract 18.13,479,27.362002,-99.165782,
48479001810,Census Tract 18.10,479,27.465429,-99.401849,
48479001818,Census Tract 18.18,479,27.298841,-99.475268,
48479001717,Census Tract 17.17,479,27.554594,-99.51427,
48479001710,Census Tract 17.10,479,27.917748,-99.448278,
48157673008,Census Tract 6730.08,157,29.722426,-95.757919,
48479000105,Census Tract 1.05,479,27.490989,-99.468046,
48157673010,Census Tract 6730.10,157,29.71082,-95.766485,
48479001715,Census Tract 17.15,479,27.598264,-99.505518,
48479001711,Census Tract 17.11,479,27.636748,-99.540599,
48157672701,Census Tract 6727.01,157,29.672323,-95.669334,
48479001602,Census Tract 16.02,479,27.567901,-99.456764,
48479001816,Census Tract 18.16,479,27.53758,-99.379464,
48157674302,Census Tract 6743.02,157,29.560195,-95.576153,
48479001809,Census Tract 18.09,479,27.430812,-99.464463,
48479001714,Census Tract 17.14,479,27.552468,-99.444604,
48339691301,Census Tract 6913.01,339,30.163808,-95.524084,
48339692003,Census Tract 6920.03,339,30.165119,-95.40693,
48309001900,Census Tract 19,309,31.526843,-97.094396,
48339692802,Census Tract 6928.02,339,30.161303,-95.149736,
48157673107,Census Tract 6731.07,157,29.75234,-95.786008,
48339692601,Census Tract 6926.01,339,30.204663,-95.278616,
48157672303,Census Tract 6723.03,157,29.656077,-95.643478,
48439113816,Census Tract 1138.16,439,32.917045,-97.236075,
48157673109,Census Tract 6731.09,157,29.702956,-95.82393,
48439113815,Census Tract 1138.15,439,32.914074,-97.204176,
48439113519,Census Tract 1135.19,439,32.873674,-97.089315,
48355001400,Census Tract 14,355,27.767117,-97.39497,
48439111407,Census Tract 1114.07,439,32.623655,-97.139618,
48471790600,Census Tract 7906,471,30.733242,-95.538943,
48439111409,Census Tract 1114.09,439,32.635661,-97.154782,
48439121906,Census Tract 1219.06,439,32.716955,-97.071259,
48439113633,Census Tract 1136.33,439,32.887222,-97.113869,
48439111203,Census Tract 1112.03,439,32.58906,-97.287843,
48439111314,Census Tract 1113.14,439,32.556861,-97.068725,
48433950300,Census Tract 9503,433,33.17958,-100.253807,
48135002501,Census Tract 25.01,135,31.922538,-102.386557,
48167720302,Census Tract 7203.02,167,29.496986,-95.210345,
48471790103,Census Tract 7901.03,471,30.77542,-95.42403,
48471790101,Census Tract 7901.01,471,30.911587,-95.514091,
48471790700,Census Tract 7907,471,30.698907,-95.53628,
48471790102,Census Tract 7901.02,471,30.81352,-95.473324,
48113012603,Census Tract 126.03,113,32.840873,-96.657677,
48039663800,Census Tract 6638,039,29.03265,-95.410644,
48039663900,Census Tract 6639,039,29.011333,-95.402321,
48039664200,Census Tract 6642,039,29.00741,-95.352488,
48085030604,Census Tract 306.04,085,33.244353,-96.643179,
48085030202,Census Tract 302.02,085,33.340571,-96.643292,
48027022900,Census Tract 229,027,31.112424,-97.736674,
48085030802,Census Tract 308.02,085,33.188268,-96.625576,
48085030517,Census Tract 305.17,085,33.162913,-96.723558,
48147950702,Census Tract 9507.02,147,33.431523,-96.337205,
48147950701,Census Tract 9507.01,147,33.412786,-96.17271,
48085031314,Census Tract 313.14,085,33.065669,-96.553484,
48121020601,Census Tract 206.01,121,33.227476,-97.120747,
48085031308,Census Tract 313.08,085,33.035817,-96.520052,
48085031718,Census Tract 317.18,085,32.992031,-96.78697,
48085030524,Census Tract 305.24,085,33.211061,-96.749741,
48113014138,Census Tract 141.38,113,32.89948,-96.934113,
48113014130,Census Tract 141.30,113,32.922245,-96.944881,
48113007912,Census Tract 79.12,113,32.861585,-96.767449,
48113013805,Census Tract 138.05,113,32.936696,-96.851726,
48113016521,Census Tract 165.21,113,32.681712,-96.957015,
48113018505,Census Tract 185.05,113,32.906709,-96.713857,
48113980000,Census Tract 9800,113,32.891969,-97.01731,
48113007913,Census Tract 79.13,113,32.848315,-96.767117,
48113018133,Census Tract 181.33,113,32.901597,-96.563419,
48039660200,Census Tract 6602,039,29.512548,-95.237245,
48113020000,Census Tract 200,113,32.978014,-97.013872,
48069950300,Census Tract 9503,069,34.421018,-102.256205,
48029190504,Census Tract 1905.04,029,29.459755,-98.511877,
48069950200,Census Tract 9502,069,34.5374,-102.311314,
48069950100,Census Tract 9501,069,34.647717,-102.26093,
48071710300,Census Tract 7103,071,29.829309,-94.620037,
48071710401,Census Tract 7104.01,071,29.76928,-94.427768,
48071710500,Census Tract 7105,071,29.652531,-94.577903,
48071710600,Census Tract 7106,071,29.626546,-94.944019,
48071710100,Census Tract 7101,071,29.873497,-94.868298,
48081950200,Census Tract 9502,081,31.87711,-100.635231,
48081950100,Census Tract 9501,081,31.917757,-100.360236,
48091310801,Census Tract 3108.01,091,29.672219,-98.327389,
48091310703,Census Tract 3107.03,091,29.834097,-98.387745,
48427950106,Census Tract 9501.06,427,26.341272,-98.759772,
48427950107,Census Tract 9501.07,427,26.350869,-98.786286,
48427950104,Census Tract 9501.04,427,26.461946,-98.898961,
48427950204,Census Tract 9502.04,427,26.453227,-98.960754,
48029190503,Census Tract 1905.03,029,29.459671,-98.503589,
48427950105,Census Tract 9501.05,427,26.400849,-98.916524,
48427950203,Census Tract 9502.03,427,26.414209,-98.985622,
48099980000,Census Tract 9800,099,31.25488,-97.76671,
48099010202,Census Tract 102.02,099,31.452381,-97.67808,
48099010603,Census Tract 106.03,099,31.141243,-97.914624,
48099010604,Census Tract 106.04,099,31.197761,-97.926952,
48141000112,Census Tract 1.12,141,31.905911,-106.428939,
48355002400,Census Tract 24,355,27.722448,-97.384232,
48471790800,Census Tract 7908,471,30.707623,-95.554737,
48381020800,Census Tract 208,381,35.156476,-101.855942,
48141010214,Census Tract 102.14,141,31.866258,-106.516132,
48157673110,Census Tract 6731.10,157,29.711059,-95.828219,
48141010344,Census Tract 103.44,141,31.758454,-106.075256,
48141010327,Census Tract 103.27,141,31.779575,-106.294475,
48141010505,Census Tract 105.05,141,31.465981,-106.154321,
48141000204,Census Tract 2.04,141,31.889687,-106.400485,
48141010502,Census Tract 105.02,141,31.53217,-106.068334,
48141003901,Census Tract 39.01,141,31.702436,-106.33576,
48141001111,Census Tract 11.11,141,31.827954,-106.501418,
48039661502,Census Tract 6615.02,039,29.385914,-95.310031,
48157672500,Census Tract 6725,157,29.685644,-95.654721,
48039661501,Census Tract 6615.01,039,29.431732,-95.314241,
48485011500,Census Tract 115,485,33.856152,-98.45486,
48029121908,Census Tract 1219.08,029,29.706036,-98.398996,
48121021741,Census Tract 217.41,121,33.023378,-97.016668,
48451000200,Census Tract 2,451,31.510504,-100.450179,
48121021724,Census Tract 217.24,121,33.029418,-97.047924,
48381021300,Census Tract 213,381,35.154214,-101.893131,
48355000900,Census Tract 9,355,27.781947,-97.427935,
48355001000,Census Tract 10,355,27.782809,-97.413794,
48355001100,Census Tract 11,355,27.791934,-97.413514,
48121021736,Census Tract 217.36,121,33.000511,-96.987961,
48121020310,Census Tract 203.10,121,33.172318,-97.23295,
48121021748,Census Tract 217.48,121,33.045284,-97.080099,
48121021512,Census Tract 215.12,121,33.115053,-97.099602,
48355002500,Census Tract 25,355,27.737743,-97.377557,
48355002703,Census Tract 27.03,355,27.70762,-97.352074,
48355005417,Census Tract 54.17,355,27.640379,-97.359148,
48355006100,Census Tract 61,355,27.58341,-97.806533,
48355005900,Census Tract 59,355,27.701477,-97.817224,
48003950200,Census Tract 9502,003,32.328328,-102.553871,
48003950100,Census Tract 9501,003,32.358824,-102.716936,
48003950400,Census Tract 9504,003,32.176548,-102.468819,
48003950300,Census Tract 9503,003,32.314852,-102.548517,
48309001300,Census Tract 13,309,31.573777,-97.156644,
48079950100,Census Tract 9501,079,33.60844,-102.830449,
48451000900,Census Tract 9,451,31.452478,-100.431282,
48451000100,Census Tract 1,451,31.503075,-100.471779,
48135001100,Census Tract 11,135,31.837452,-102.400175,
48135001300,Census Tract 13,135,31.858554,-102.386337,
48135001500,Census Tract 15,135,31.858979,-102.36833,
48381021000,Census Tract 210,381,35.154945,-101.873267,
48381021200,Census Tract 212,381,35.16898,-101.893076,
48451001303,Census Tract 13.03,451,31.429968,-100.490844,
48451001304,Census Tract 13.04,451,31.424505,-100.473466,
48451001500,Census Tract 15,451,31.432177,-100.40442,
48355003601,Census Tract 36.01,355,27.842924,-97.600669,
48395960100,Census Tract 9601,395,31.121816,-96.65229,
48395960200,Census Tract 9602,395,31.017715,-96.658991,
48205950200,Census Tract 9502,205,35.840244,-102.610047,
48355001601,Census Tract 16.01,355,27.772936,-97.430588,
48355001602,Census Tract 16.02,355,27.762596,-97.42412,
48355001801,Census Tract 18.01,355,27.747015,-97.429509,
48355003401,Census Tract 34.01,355,27.713475,-97.394372,
48309001500,Census Tract 15,309,31.566708,-97.116221,
48149970500,Census Tract 9705,149,29.763275,-97.115073,
48149970200,Census Tract 9702,149,29.979984,-96.89005,
48149970700,Census Tract 9707,149,29.929816,-96.692001,
48149970100,Census Tract 9701,149,30.06987,-96.756974,
48149970400,Census Tract 9704,149,29.888108,-96.987436,
48395960300,Census Tract 9603,395,31.147455,-96.427108,
48395960400,Census Tract 9604,395,30.867788,-96.494361,
48177000600,Census Tract 6,177,29.316163,-97.51829,
48177000100,Census Tract 1,177,29.721821,-97.263791,
48121020109,Census Tract 201.09,121,33.19795,-96.855586,
48355003603,Census Tract 36.03,355,27.813159,-97.560542,
48135001600,Census Tract 16,135,31.86395,-102.354751,
48135001700,Census Tract 17,135,31.868816,-102.336208,
48135001800,Census Tract 18,135,31.841385,-102.347558,
48135001900,Census Tract 19,135,31.836375,-102.360998,
48479001502,Census Tract 15.02,479,27.534348,-99.487286,
48479001706,Census Tract 17.06,479,27.542767,-99.493122,
48479001709,Census Tract 17.09,479,27.563764,-99.486715,
48183000300,Census Tract 3,183,32.52404,-94.730232,
48183000501,Census Tract 5.01,183,32.523935,-94.766137,
48157674402,Census Tract 6744.02,157,29.543391,-95.613827,
48145000400,Census Tract 4,145,31.286621,-96.892435,
48145000700,Census Tract 7,145,31.0918,-96.978738,
48145000200,Census Tract 2,145,31.300669,-97.108106,
48145000500,Census Tract 5,145,31.195453,-97.077074,
48145000300,Census Tract 3,145,31.317835,-96.899094,
48381021603,Census Tract 216.03,381,35.179775,-101.929183,
48381021604,Census Tract 216.04,381,35.169146,-101.929166,
48381021605,Census Tract 216.05,381,35.153649,-101.911465,
48381021606,Census Tract 216.06,381,35.139293,-101.910976,
48157672703,Census Tract 6727.03,157,29.661908,-95.664745,
48157674507,Census Tract 6745.07,157,29.531755,-95.548544,
48157673401,Census Tract 6734.01,157,29.614044,-95.788105,
48157670202,Census Tract 6702.02,157,29.597742,-95.475755,
48029110300,Census Tract 1103,029,29.41432,-98.480848,
48157674505,Census Tract 6745.05,157,29.488242,-95.499512,
48201323601,Census Tract 3236.01,201,29.652184,-95.193124,
48157673005,Census Tract 6730.05,157,29.744077,-95.765712,
48157672802,Census Tract 6728.02,157,29.608335,-95.676689,
48157670904,Census Tract 6709.04,157,29.559901,-95.534665,
48157672901,Census Tract 6729.01,157,29.641859,-95.688598,
48157674504,Census Tract 6745.04,157,29.486408,-95.528588,
48381021802,Census Tract 218.02,381,34.981974,-101.906903,
48159950200,Census Tract 9502,159,33.168595,-95.215151,
48159950300,Census Tract 9503,159,33.007278,-95.220463,
48157674503,Census Tract 6745.03,157,29.510603,-95.546368,
48157672801,Census Tract 6728.01,157,29.635101,-95.662218,
48157673113,Census Tract 6731.13,157,29.738919,-95.79133,
48157674506,Census Tract 6745.06,157,29.467868,-95.488603,
48157672603,Census Tract 6726.03,157,29.700123,-95.680368,
48157672304,Census Tract 6723.04,157,29.656524,-95.629585,
48157672004,Census Tract 6720.04,157,29.659885,-95.6101,
48157672306,Census Tract 6723.06,157,29.641213,-95.626549,
48157673112,Census Tract 6731.12,157,29.732932,-95.817002,
48157673111,Census Tract 6731.11,157,29.725064,-95.834288,
48157675501,Census Tract 6755.01,157,29.493084,-95.787367,
48157672402,Census Tract 6724.02,157,29.670348,-95.630202,
48029121507,Census Tract 1215.07,029,29.513352,-98.357777,
48157672305,Census Tract 6723.05,157,29.64647,-95.634818,
48157672904,Census Tract 6729.04,157,29.672539,-95.698539,
48157672902,Census Tract 6729.02,157,29.693507,-95.757875,
48157672003,Census Tract 6720.03,157,29.637705,-95.60673,
48157674508,Census Tract 6745.08,157,29.521278,-95.500734,
48485011600,Census Tract 116,485,33.861803,-98.493593,
48157674301,Census Tract 6743.01,157,29.562728,-95.584572,
48157672401,Census Tract 6724.01,157,29.676815,-95.639416,
48157675701,Census Tract 6757.01,157,29.357344,-95.860876,
48485011800,Census Tract 118,485,33.861416,-98.505531,
48157674701,Census Tract 6747.01,157,29.566893,-95.682862,
48157675503,Census Tract 6755.03,157,29.466869,-95.640511,
48157673403,Census Tract 6734.03,157,29.693231,-95.792201,
48439113635,Census Tract 1136.35,439,32.915148,-97.110966,
48157675702,Census Tract 6757.02,157,29.399145,-95.848973,
48157673108,Census Tract 6731.08,157,29.758853,-95.834092,
48043950500,Census Tract 9505,043,29.808996,-103.252458,
48157674002,Census Tract 6740.02,157,29.590817,-95.618198,
48157674401,Census Tract 6744.01,157,29.5597,-95.609583,
48157674001,Census Tract 6740.01,157,29.580361,-95.62348,
48157671401,Census Tract 6714.01,157,29.62161,-95.57586,
48157671101,Census Tract 6711.01,157,29.588586,-95.534397,
48157670201,Census Tract 6702.01,157,29.586278,-95.476682,
48157670801,Census Tract 6708.01,157,29.51902,-95.448544,
48157670500,Census Tract 6705,157,29.613956,-95.518905,
48157671200,Census Tract 6712,157,29.60467,-95.53582,
48157671300,Census Tract 6713,157,29.610713,-95.552149,
48093950200,Census Tract 9502,093,31.916941,-98.663706,
48093950400,Census Tract 9504,093,31.855038,-98.374121,
48093950300,Census Tract 9503,093,31.905676,-98.584755,
48157670803,Census Tract 6708.03,157,29.529989,-95.467578,
48157670802,Census Tract 6708.02,157,29.519484,-95.468884,
48157673103,Census Tract 6731.03,157,29.762871,-95.808026,
48157673202,Census Tract 6732.02,157,29.714143,-95.929604,
48439110102,Census Tract 1101.02,439,32.807903,-97.265224,
48237950300,Census Tract 9503,237,33.212683,-98.163727,
48237950100,Census Tract 9501,237,33.298886,-98.156967,
48157675401,Census Tract 6754.01,157,29.494264,-95.85959,
48135002900,Census Tract 29,135,31.886322,-102.307905,
48099010400,Census Tract 104,099,31.386129,-97.671555,
48157675502,Census Tract 6755.02,157,29.52789,-95.737683,
48157675102,Census Tract 6751.02,157,29.54968,-95.787936,
48157675101,Census Tract 6751.01,157,29.549524,-95.766579,
48157673009,Census Tract 6730.09,157,29.711377,-95.756787,
48157671402,Census Tract 6714.02,157,29.610925,-95.574555,
48157671102,Census Tract 6711.02,157,29.594856,-95.555236,
48157673904,Census Tract 6739.04,157,29.598076,-95.669457,
48157673801,Census Tract 6738.01,157,29.59128,-95.722154,
48157673903,Census Tract 6739.03,157,29.583797,-95.670176,
48157670804,Census Tract 6708.04,157,29.529365,-95.492749,
48157672905,Census Tract 6729.05,157,29.697587,-95.695433,
48157673802,Census Tract 6738.02,157,29.593114,-95.688595,
48157672604,Census Tract 6726.04,157,29.692859,-95.674979,
48157673104,Census Tract 6731.04,157,29.709417,-95.787952,
48157673502,Census Tract 6735.02,157,29.631158,-95.736514,
48157673501,Census Tract 6735.01,157,29.646704,-95.72354,
48157674604,Census Tract 6746.04,157,29.550949,-95.718565,
48157673404,Census Tract 6734.04,157,29.660161,-95.777088,
48157673007,Census Tract 6730.07,157,29.714616,-95.71321,
48157673004,Census Tract 6730.04,157,29.743459,-95.755549,
48157673006,Census Tract 6730.06,157,29.724126,-95.736113,
48157674702,Census Tract 6747.02,157,29.566759,-95.732727,
48469000800,Census Tract 8,469,28.77878,-96.756089,
48469000700,Census Tract 7,469,28.796078,-96.882636,
48469000502,Census Tract 5.02,469,28.827667,-96.986466,
48469001300,Census Tract 13,469,28.619508,-97.054816,
48469001700,Census Tract 17,469,28.68403,-96.918514,
48469000100,Census Tract 1,469,28.796814,-97.004961,
48485011300,Census Tract 113,485,33.913483,-98.439785,
48029121508,Census Tract 1215.08,029,29.50641,-98.358302,
48449950800,Census Tract 9508,449,33.141406,-94.954469,
48449950100,Census Tract 9501,449,33.334831,-94.990917,
48449950200,Census Tract 9502,449,33.149319,-95.079991,
48449950400,Census Tract 9504,449,33.135841,-94.871316,
48449950600,Census Tract 9506,449,33.166195,-94.982786,
48449950700,Census Tract 9507,449,33.146767,-94.974671,
48485011400,Census Tract 114,485,33.894425,-98.46435,
48449950500,Census Tract 9505,449,33.16596,-94.949469,
48485010800,Census Tract 108,485,33.894756,-98.520182,
48485010900,Census Tract 109,485,33.903515,-98.525561,
48485011000,Census Tract 110,485,33.911166,-98.514888,
48485011100,Census Tract 111,485,33.930221,-98.5047,
48177000500,Census Tract 5,177,29.401557,-97.70998,
48177000200,Census Tract 2,177,29.533691,-97.407674,
48177000400,Census Tract 4,177,29.510246,-97.456901,
48177000300,Census Tract 3,177,29.511215,-97.440397,
48479001101,Census Tract 11.01,479,27.52714,-99.471891,
48157671700,Census Tract 6717,157,29.609808,-95.592676,
48157672201,Census Tract 6722.01,157,29.633241,-95.646068,
48157671800,Census Tract 6718,157,29.629869,-95.559267,
48157671900,Census Tract 6719,157,29.65173,-95.586775,
48157672100,Census Tract 6721,157,29.614368,-95.624723,
48485013100,Census Tract 131,485,33.981745,-98.581182,
48099010802,Census Tract 108.02,099,31.090943,-97.907081,
48027022600,Census Tract 226,027,31.125707,-97.720778,
48099010701,Census Tract 107.01,099,31.129204,-97.928971,
48075950100,Census Tract 9501,075,34.524623,-100.208166,
48101950100,Census Tract 9501,101,34.091906,-100.276442,
48157674602,Census Tract 6746.02,157,29.53122,-95.62989,
48157671502,Census Tract 6715.02,157,29.577571,-95.569601,
48141004312,Census Tract 43.12,141,31.758072,-106.334915,
48457950202,Census Tract 9502.02,457,30.767665,-94.49629,
48457950201,Census Tract 9502.01,457,30.749454,-94.353294,
48121021611,Census Tract 216.11,121,32.994431,-96.898453,
48027022401,Census Tract 224.01,027,31.092692,-97.7079,
48027023103,Census Tract 231.03,027,31.098016,-97.752743,
48027023104,Census Tract 231.04,027,31.107067,-97.755514,
48121021612,Census Tract 216.12,121,33.005358,-96.904381,
48121021613,Census Tract 216.13,121,33.005141,-96.892378,
48121021614,Census Tract 216.14,121,33.002716,-96.882451,
48341950201,Census Tract 9502.01,341,36.038677,-102.014463,
48121021616,Census Tract 216.16,121,33.006446,-96.86388,
48141003702,Census Tract 37.02,141,31.74099,-106.382766,
48141003801,Census Tract 38.01,141,31.727256,-106.37118,
48147950100,Census Tract 9501,147,33.618954,-95.915616,
48147950500,Census Tract 9505,147,33.514595,-96.01652,
48147950600,Census Tract 9506,147,33.511356,-96.208204,
48147950300,Census Tract 9503,147,33.604307,-96.329613,
48141000205,Census Tract 2.05,141,31.886472,-106.412337,
48141000206,Census Tract 2.06,141,31.874301,-106.415358,
48141000302,Census Tract 3.02,141,31.861868,-106.417543,
48341950301,Census Tract 9503.01,341,35.879194,-101.972781,
48183000502,Census Tract 5.02,183,32.508454,-94.764314,
48183000700,Census Tract 7,183,32.530679,-94.797131,
48183000800,Census Tract 8,183,32.523129,-94.814806,
48183001000,Census Tract 10,183,32.506716,-94.729144,
48215024600,Census Tract 246,215,26.310978,-97.910682,
48215021401,Census Tract 214.01,215,26.194177,-98.189871,
48215024301,Census Tract 243.01,215,26.617562,-98.194874,
48341950302,Census Tract 9503.02,341,35.868501,-101.95997,
48001950500,Census Tract 9505,001,31.787885,-95.640537,
48001950100,Census Tract 9501,001,31.97148,-95.552438,
48215022502,Census Tract 225.02,215,26.171434,-97.971893,
48001950700,Census Tract 9507,001,31.753513,-95.634667,
48215022900,Census Tract 229,215,26.141495,-97.937438,
48215024302,Census Tract 243.02,215,26.422864,-97.971098,
48001950600,Census Tract 9506,001,31.750205,-95.669209,
48113008802,Census Tract 88.02,113,32.710324,-96.787442,
48183001100,Census Tract 11,183,32.494206,-94.721916,
48341950202,Census Tract 9502.02,341,35.808717,-101.950967,
48201980200,Census Tract 9802,201,29.766385,-95.351304,
48001950800,Census Tract 9508,001,31.737414,-95.612276,
48201432804,Census Tract 4328.04,201,29.718329,-95.50676,
48215021100,Census Tract 211,215,26.200665,-98.235054,
48215021500,Census Tract 215,215,26.196656,-98.180659,
48201453202,Census Tract 4532.02,201,29.680187,-95.565005,
48457950300,Census Tract 9503,457,30.776465,-94.428994,
48457950400,Census Tract 9504,457,30.682897,-94.215858,
48457950500,Census Tract 9505,457,30.605725,-94.448725,
48457950100,Census Tract 9501,457,30.952277,-94.442564,
48053960502,Census Tract 9605.02,053,30.588961,-98.394891,
48053960402,Census Tract 9604.02,053,30.688514,-98.187939,
48367140408,Census Tract 1404.08,367,32.890912,-97.593219,
48367140102,Census Tract 1401.02,367,32.772979,-97.785422,
48367140409,Census Tract 1404.09,367,32.913581,-97.637471,
48053960102,Census Tract 9601.02,053,30.686441,-98.056325,
48053960501,Census Tract 9605.01,053,30.583532,-98.362258,
48053960702,Census Tract 9607.02,053,30.609146,-98.264535,
48465950501,Census Tract 9505.01,465,29.329401,-100.804114,
48465950801,Census Tract 9508.01,465,29.418664,-100.997119,
48465950802,Census Tract 9508.02,465,29.941136,-101.175999,
48085030606,Census Tract 306.06,085,33.163947,-96.65253,
48465950502,Census Tract 9505.02,465,29.412663,-100.756787,
48465950701,Census Tract 9507.01,465,29.350873,-100.89472,
48053960301,Census Tract 9603.01,053,30.736569,-98.232714,
48465950702,Census Tract 9507.02,465,29.347374,-100.918961,
48439113215,Census Tract 1132.15,439,32.870791,-97.219185,
48465950203,Census Tract 9502.03,465,29.418457,-100.925706,
48329001500,Census Tract 15,329,31.990965,-102.056267,
48465950202,Census Tract 9502.02,465,29.396126,-100.914277,
48499950303,Census Tract 9503.03,499,32.902471,-95.481372,
48499950304,Census Tract 9503.04,499,32.877396,-95.579072,
48499950401,Census Tract 9504.01,499,32.724621,-95.590267,
48499950402,Census Tract 9504.02,499,32.7828,-95.557314,
48053960302,Census Tract 9603.02,053,30.785754,-98.219138,
48053960101,Census Tract 9601.01,053,30.898791,-98.012049,
48053960803,Census Tract 9608.03,053,30.567813,-98.16231,
48053960401,Census Tract 9604.01,053,30.78193,-98.34297,
48053960801,Census Tract 9608.01,053,30.528139,-98.319043,
48053960701,Census Tract 9607.01,053,30.561217,-98.249381,
48479001726,Census Tract 17.26,479,27.608405,-99.475886,
48479001725,Census Tract 17.25,479,27.599808,-99.458822,
48479001826,Census Tract 18.26,479,27.49155,-99.383452,
48453000402,Census Tract 4.02,453,30.284139,-97.715524,1
48085030512,Census Tract 305.12,085,33.129123,-96.743183,
48025950502,Census Tract 9505.02,025,28.387443,-97.74704,
48215022600,Census Tract 226,215,26.164378,-97.98664,
48085031632,Census Tract 316.32,085,33.076345,-96.701825,
48341950100,Census Tract 9501,341,35.92468,-101.726185,
48025950501,Census Tract 9505.01,025,28.397163,-97.734299,
48453000500,Census Tract 5,453,30.296066,-97.734175,9
48255970400,Census Tract 9704,255,28.878041,-97.6986,
48255970100,Census Tract 9701,255,29.019674,-97.890838,
48255970200,Census Tract 9702,255,28.845483,-97.960982,
48065950100,Census Tract 9501,065,35.40057,-101.194421,
48065950200,Census Tract 9502,065,35.405813,-101.46066,
48215023000,Census Tract 230,215,26.141999,-97.891673,
48215020600,Census Tract 206,215,26.198675,-98.243093,
48387950600,Census Tract 9506,387,33.463613,-95.161757,
48361020700,Census Tract 207,361,30.116052,-93.842198,
48361021100,Census Tract 211,361,30.208513,-93.743397,
48361021600,Census Tract 216,361,30.172051,-94.079054,
48361021700,Census Tract 217,361,30.129237,-94.049411,
48113009603,Census Tract 96.03,113,32.917423,-96.827843,
48361021200,Census Tract 212,361,30.202205,-93.821806,
48361020300,Census Tract 203,361,30.060865,-93.7685,
48361022000,Census Tract 220,361,30.083919,-94.031634,
48361021800,Census Tract 218,361,30.149472,-93.950564,
48361021000,Census Tract 210,361,30.143667,-93.711155,
48113009604,Census Tract 96.04,113,32.919577,-96.809291,
48361022400,Census Tract 224,361,29.993792,-93.809759,
48361022200,Census Tract 222,361,30.059228,-93.942224,
48361021400,Census Tract 214,361,30.153683,-93.870091,
48201433007,Census Tract 4330.07,201,29.707682,-95.542413,
48201453201,Census Tract 4532.01,201,29.687452,-95.562942,
48201432501,Census Tract 4325.01,201,29.724376,-95.534001,
48201451502,Census Tract 4515.02,201,29.759626,-95.61439,
48201451603,Census Tract 4516.03,201,29.759427,-95.633117,
48201452402,Census Tract 4524.02,201,29.708496,-95.580787,
48201433005,Census Tract 4330.05,201,29.715052,-95.552084,
48201452501,Census Tract 4525.01,201,29.709327,-95.596133,
48097000900,Census Tract 9,097,33.509062,-97.294381,
48097000100,Census Tract 1,097,33.765773,-97.071925,
48097000500,Census Tract 5,097,33.652883,-97.144061,
48097000400,Census Tract 4,097,33.661602,-97.176369,
48097000200,Census Tract 2,097,33.736647,-97.354542,
48479001724,Census Tract 17.24,479,27.584453,-99.489159,
48479001821,Census Tract 18.21,479,27.448331,-99.460192,
48215021201,Census Tract 212.01,215,26.195005,-98.219385,
48479001825,Census Tract 18.25,479,27.502288,-99.444459,
48479001727,Census Tract 17.27,479,27.619069,-99.430601,
48479001723,Census Tract 17.23,479,27.598107,-99.487456,
48479001820,Census Tract 18.20,479,27.445844,-99.490365,
48479001828,Census Tract 18.28,479,27.344615,-99.484495,
48341950400,Census Tract 9504,341,35.85383,-101.969025,
48097000600,Census Tract 6,097,33.652878,-97.121211,
48479001827,Census Tract 18.27,479,27.383474,-99.4825,
48479001819,Census Tract 18.19,479,27.424361,-99.486508,
48479001824,Census Tract 18.24,479,27.477879,-99.447707,
48215021600,Census Tract 216,215,26.201601,-98.180465,
48361020200,Census Tract 202,361,30.105625,-93.722073,
48453000601,Census Tract 6.01,453,30.287412,-97.738044,9
48453000801,Census Tract 8.01,453,30.266932,-97.701464,3
48453000802,Census Tract 8.02,453,30.273553,-97.707989,1
48453000803,Census Tract 8.03,453,30.276812,-97.720472,1
48453000804,Census Tract 8.04,453,30.270091,-97.721945,1
48453000901,Census Tract 9.01,453,30.265568,-97.72374,1
48201522401,Census Tract 5224.01,201,29.798579,-95.549325,
48361020500,Census Tract 205,361,30.077069,-93.755899,
48029130402,Census Tract 1304.02,029,29.405524,-98.440575,
48029131503,Census Tract 1315.03,029,29.464321,-98.389214,
48215020724,Census Tract 207.24,215,26.214642,-98.265061,
48399950500,Census Tract 9505,399,31.665128,-100.056253,
48399950600,Census Tract 9506,399,31.776164,-99.894463,
48399950100,Census Tract 9501,399,31.973965,-99.989411,
48399950200,Census Tract 9502,399,31.955772,-99.966762,
48361020900,Census Tract 209,361,30.109208,-93.753725,
48113009202,Census Tract 92.02,113,32.727335,-96.673668,
48113009301,Census Tract 93.01,113,32.728681,-96.693062,
48113009304,Census Tract 93.04,113,32.717233,-96.699641,
48019000101,Census Tract 1.01,019,29.677908,-99.145678,
48215023700,Census Tract 237,215,26.294374,-98.139955,
48027980003,Census Tract 9800.03,027,31.161481,-97.599019,
48027023404,Census Tract 234.04,027,30.903784,-97.557395,
48027023204,Census Tract 232.04,027,31.137606,-97.669079,
48027980002,Census Tract 9800.02,027,31.06878,-97.8291,
48141000403,Census Tract 4.03,141,31.860549,-106.445331,
48141000404,Census Tract 4.04,141,31.863624,-106.436532,
48141001001,Census Tract 10.01,141,31.799685,-106.461954,
48439113514,Census Tract 1135.14,439,32.831336,-97.091938,
48477170100,Census Tract 1701,477,30.204509,-96.340117,
48477170400,Census Tract 1704,477,30.123189,-96.431869,
48477170300,Census Tract 1703,477,30.137212,-96.371051,
48121021533,Census Tract 215.33,121,33.106876,-96.863296,
48123970201,Census Tract 9702.01,123,29.139446,-97.295131,
48123970202,Census Tract 9702.02,123,29.169844,-97.406001,
48121020800,Census Tract 208,121,33.198343,-97.179746,
48121021203,Census Tract 212.03,121,33.199951,-97.099467,
48121021531,Census Tract 215.31,121,33.090516,-96.86968,
48121021306,Census Tract 213.06,121,33.176714,-97.103056,
48121021644,Census Tract 216.44,121,33.038867,-96.897467,
48141003803,Census Tract 38.03,141,31.715588,-106.359283,
48121021651,Census Tract 216.51,121,33.041658,-96.869001,
48121020605,Census Tract 206.05,121,33.223448,-97.09009,
48121020120,Census Tract 201.20,121,33.174562,-96.903954,
48141003804,Census Tract 38.04,141,31.712537,-106.35035,
48141003902,Census Tract 39.02,141,31.686061,-106.325173,
48201451003,Census Tract 4510.03,201,29.744056,-95.586415,
48201432303,Census Tract 4323.03,201,29.733012,-95.551778,
48201431001,Census Tract 4310.01,201,29.742271,-95.548149,
48201452502,Census Tract 4525.02,201,29.708658,-95.609572,
48201451405,Census Tract 4514.05,201,29.741233,-95.621173,
48201431002,Census Tract 4310.02,201,29.752896,-95.550178,
48201451005,Census Tract 4510.05,201,29.739912,-95.574108,
48261990000,Census Tract 9900,261,26.939361,-97.323567,
48453001603,Census Tract 16.03,453,30.298428,-97.756443,10
48453001605,Census Tract 16.05,453,30.286771,-97.760573,10
48453001606,Census Tract 16.06,453,30.305673,-97.760829,10
48085030205,Census Tract 302.05,085,33.331156,-96.572191,
48085031509,Census Tract 315.09,085,33.095042,-96.719726,
48085031510,Census Tract 315.10,085,33.091864,-96.694594,
48085031413,Census Tract 314.13,085,33.121232,-96.639195,
48085031418,Census Tract 314.18,085,33.137453,-96.668273,
48085031417,Census Tract 314.17,085,33.126164,-96.691351,
48085031414,Census Tract 314.14,085,33.121194,-96.627552,
48085031412,Census Tract 314.12,085,33.142513,-96.626689,
48141004103,Census Tract 41.03,141,31.72248,-106.321332,
48085030607,Census Tract 306.07,085,33.181478,-96.653342,
48085031421,Census Tract 314.21,085,33.05989,-96.664897,
48085031321,Census Tract 313.21,085,33.000728,-96.499686,
48085030206,Census Tract 302.06,085,33.29642,-96.57963,
48085031322,Census Tract 313.22,085,32.992379,-96.555836,
48113017010,Census Tract 170.10,113,32.680321,-96.584872,
48085031320,Census Tract 313.20,085,33.013127,-96.523592,
48085031420,Census Tract 314.20,085,33.137922,-96.550747,
48361021300,Census Tract 213,361,30.144392,-93.781192,
48085031324,Census Tract 313.24,085,33.040668,-96.652475,
48029121812,Census Tract 1218.12,029,29.590208,-98.36732,
48085031323,Census Tract 313.23,085,32.995359,-96.530378,
48267950100,Census Tract 9501,267,30.479472,-99.746396,
48439106512,Census Tract 1065.12,439,32.752522,-97.190532,
48439106513,Census Tract 1065.13,439,32.737013,-97.190477,
48113017309,Census Tract 173.09,113,32.734755,-96.539284,
48297950100,Census Tract 9501,297,28.51945,-98.154477,
48267950200,Census Tract 9502,267,30.488807,-99.773212,
48269950100,Census Tract 9501,269,33.614267,-100.245345,
48029121601,Census Tract 1216.01,029,29.546507,-98.302224,
48121021615,Census Tract 216.15,121,32.995418,-96.879432,
48121020305,Census Tract 203.05,121,32.998917,-97.151286,
48121020402,Census Tract 204.02,121,33.242838,-97.159555,
48121020403,Census Tract 204.03,121,33.224294,-97.152518,
48083950700,Census Tract 9507,083,31.649778,-99.466318,
48439106514,Census Tract 1065.14,439,32.750986,-97.174681,
48423000800,Census Tract 8,423,32.336026,-95.305148,
48043950400,Census Tract 9504,043,30.351261,-103.682698,
48043950300,Census Tract 9503,043,30.372591,-103.660365,
48083950300,Census Tract 9503,083,31.828493,-99.393105,
48083950600,Census Tract 9506,083,31.955886,-99.450678,
48265960401,Census Tract 9604.01,265,29.998615,-99.165912,
48141001501,Census Tract 15.01,141,31.794215,-106.495948,
48121020700,Census Tract 207,121,33.216933,-97.150789,
48141010404,Census Tract 104.04,141,31.60632,-106.242144,
48141004201,Census Tract 42.01,141,31.747655,-106.358137,
48141003501,Census Tract 35.01,141,31.763928,-106.390143,
48121020900,Census Tract 209,121,33.2021,-97.158448,
48303010301,Census Tract 103.01,303,33.730258,-101.996803,
48121021000,Census Tract 210,121,33.205576,-97.146847,
48121021100,Census Tract 211,121,33.210418,-97.134876,
48121021301,Census Tract 213.01,121,33.198353,-97.129102,
48029130300,Census Tract 1303,029,29.407245,-98.467247,
48029130500,Census Tract 1305,029,29.419223,-98.452168,
48029130600,Census Tract 1306,029,29.430322,-98.4522,
48029130700,Census Tract 1307,029,29.439512,-98.451297,
48029131000,Census Tract 1310,029,29.417411,-98.406953,
48439106515,Census Tract 1065.15,439,32.77205,-97.227943,
48141004314,Census Tract 43.14,141,31.760376,-106.297219,
48113018801,Census Tract 188.01,113,32.925228,-96.635145,
48141004316,Census Tract 43.16,141,31.741099,-106.296353,
48141010103,Census Tract 101.03,141,31.801693,-106.423669,
48141010311,Census Tract 103.11,141,31.795667,-106.312202,
48151950400,Census Tract 9504,151,32.854216,-100.393165,
48141010307,Census Tract 103.07,141,31.776914,-106.330045,
48141002202,Census Tract 22.02,141,31.770441,-106.484137,
48141010102,Census Tract 101.02,141,31.81665,-106.419055,
48151950300,Census Tract 9503,151,32.642006,-100.398203,
48141001107,Census Tract 11.07,141,31.856504,-106.544068,
48141000301,Census Tract 3.01,141,31.857363,-106.429623,
48141001502,Census Tract 15.02,141,31.776121,-106.499681,
48113008701,Census Tract 87.01,113,32.698159,-96.762971,
48141010501,Census Tract 105.01,141,31.533657,-106.215518,
48141001110,Census Tract 11.10,141,31.834475,-106.517534,
48113008704,Census Tract 87.04,113,32.695224,-96.78151,
48141002201,Census Tract 22.01,141,31.778508,-106.481123,
48479000700,Census Tract 7,479,27.516676,-99.506411,
48141001109,Census Tract 11.09,141,31.848131,-106.525667,
48141003601,Census Tract 36.01,141,31.762876,-106.417365,
48181000200,Census Tract 2,181,33.765944,-96.477166,
48141004104,Census Tract 41.04,141,31.714234,-106.334513,
48141004105,Census Tract 41.05,141,31.741064,-106.348309,
48141004106,Census Tract 41.06,141,31.738696,-106.340054,
48141004107,Census Tract 41.07,141,31.736968,-106.330021,
48141004202,Census Tract 42.02,141,31.759546,-106.36413,
48141004303,Census Tract 43.03,141,31.777946,-106.351028,
48479000800,Census Tract 8,479,27.512957,-99.497592,
48121021502,Census Tract 215.02,121,33.071317,-96.998354,
48141000107,Census Tract 1.07,141,31.92068,-106.414712,
48121021505,Census Tract 215.05,121,33.074771,-97.030444,
48029121404,Census Tract 1214.04,029,29.478803,-98.39251,
48141000108,Census Tract 1.08,141,31.91962,-106.401358,
48029121501,Census Tract 1215.01,029,29.540143,-98.349695,
48029121504,Census Tract 1215.04,029,29.529699,-98.362519,
48141000109,Census Tract 1.09,141,31.90994,-106.415594,
48173950100,Census Tract 9501,173,31.868006,-101.521494,
48053960600,Census Tract 9606,053,30.640892,-98.330769,
48053960200,Census Tract 9602,053,30.908628,-98.258704,
48453002307,Census Tract 23.07,453,30.223105,-97.740966,3
48409010500,Census Tract 105,409,27.934661,-97.289921,
48029131504,Census Tract 1315.04,029,29.449662,-98.391161,
48029980004,Census Tract 9800.04,029,29.53693,-98.468011,
48439104605,Census Tract 1046.05,439,32.695632,-97.293341,
48439114108,Census Tract 1141.08,439,32.89347,-97.487334,
48439104202,Census Tract 1042.02,439,32.694719,-97.369106,
48439111316,Census Tract 1113.16,439,32.614945,-97.090185,
48439111021,Census Tract 1110.21,439,32.594903,-97.364383,
48439111027,Census Tract 1110.27,439,32.604039,-97.338421,
48439111026,Census Tract 1110.26,439,32.622186,-97.362072,
48201552002,Census Tract 5520.02,201,29.913231,-95.608833,
48439113120,Census Tract 1131.20,439,32.801114,-97.075615,
48439113119,Census Tract 1131.19,439,32.78119,-97.071958,
48439113122,Census Tract 1131.22,439,32.797226,-97.060456,
48439105407,Census Tract 1054.07,439,32.701718,-97.41822,
48439113121,Census Tract 1131.21,439,32.801122,-97.056354,
48439113935,Census Tract 1139.35,439,32.925628,-97.28746,
48439114107,Census Tract 1141.07,439,32.869339,-97.458874,
48439104204,Census Tract 1042.04,439,32.717016,-97.361234,
48439104203,Census Tract 1042.03,439,32.706516,-97.366367,
48439100401,Census Tract 1004.01,439,32.793215,-97.366212,
48439113409,Census Tract 1134.09,439,32.811921,-97.198031,
48029121604,Census Tract 1216.04,029,29.529961,-98.313633,
48029121802,Census Tract 1218.02,029,29.571575,-98.353971,
48113008500,Census Tract 85,113,32.770621,-96.691452,
48113008801,Census Tract 88.01,113,32.718917,-96.792729,
48113009802,Census Tract 98.02,113,32.871755,-96.860174,
48439105404,Census Tract 1054.04,439,32.685217,-97.383863,
48439105405,Census Tract 1054.05,439,32.70056,-97.401558,
48185180302,Census Tract 1803.02,185,30.694758,-95.906508,
48185180101,Census Tract 1801.01,185,30.315034,-96.05429,
48185180102,Census Tract 1801.02,185,30.287901,-95.889074,
48439105502,Census Tract 1055.02,439,32.662818,-97.379296,
48321730400,Census Tract 7304,321,28.925286,-95.99201,
48141000110,Census Tract 1.10,141,31.90257,-106.415666,
48321730100,Census Tract 7301,321,29.060192,-96.006355,
48321730600,Census Tract 7306,321,28.660582,-96.187106,
48439111514,Census Tract 1115.14,439,32.663223,-97.084196,
48453002003,Census Tract 20.03,453,30.219192,-97.774589,3
48393950100,Census Tract 9501,393,35.838596,-100.836682,
48141003200,Census Tract 32,141,31.774514,-106.42219,
48453000101,Census Tract 1.01,453,30.323336,-97.753187,7
48453002313,Census Tract 23.13,453,30.22018,-97.72602,3
48223950301,Census Tract 9503.01,223,33.203072,-95.617863,
48449950301,Census Tract 9503.01,449,33.261856,-94.917928,
48449950302,Census Tract 9503.02,449,33.159809,-94.9992,
48467950601,Census Tract 9506.01,467,32.580801,-95.838978,
48467950801,Census Tract 9508.01,467,32.559308,-95.655282,
48467950802,Census Tract 9508.02,467,32.488912,-95.683087,
48467951002,Census Tract 9510.02,467,32.456114,-96.02084,
48453000700,Census Tract 7,453,30.2777,-97.741123,9
48453001604,Census Tract 16.04,453,30.302841,-97.772403,10
48453001910,Census Tract 19.10,453,30.270067,-97.798031,8
48201233701,Census Tract 2337.01,201,29.735778,-95.246791,
48467950902,Census Tract 9509.02,467,32.41954,-95.570297,
48467950602,Census Tract 9506.02,467,32.531016,-95.904098,
48467950901,Census Tract 9509.01,467,32.40405,-95.713389,
48467951001,Census Tract 9510.01,467,32.412526,-95.904038,
48183010501,Census Tract 105.01,183,32.383399,-94.642536,
48453002407,Census Tract 24.07,453,30.129021,-97.815552,
48453002315,Census Tract 23.15,453,30.233923,-97.732135,3
48453001308,Census Tract 13.08,453,30.232737,-97.761763,3
48209010809,Census Tract 108.09,209,30.222657,-98.03725,
48209010702,Census Tract 107.02,209,29.964801,-97.946644,
48209010905,Census Tract 109.05,209,30.008829,-97.955207,
48209010807,Census Tract 108.07,209,30.137365,-98.168327,
48453001911,Census Tract 19.11,453,30.259265,-97.785717,8
48439105503,Census Tract 1055.03,439,32.653388,-97.397022,
48439105505,Census Tract 1055.05,439,32.671061,-97.393438,
48439105511,Census Tract 1055.11,439,32.637677,-97.372636,
48029191816,Census Tract 1918.16,029,29.617711,-98.496583,
48409010700,Census Tract 107,409,27.995475,-97.351525,
48409010603,Census Tract 106.03,409,27.885335,-97.30293,
48409010601,Census Tract 106.01,409,27.885532,-97.353366,
48409011000,Census Tract 110,409,28.026348,-97.492157,
48409010900,Census Tract 109,409,28.022486,-97.577964,
48409011300,Census Tract 113,409,28.084903,-97.819825,
48409011200,Census Tract 112,409,28.045564,-97.759183,
48029121120,Census Tract 1211.20,029,29.557548,-98.437246,
48439105512,Census Tract 1055.12,439,32.645249,-97.383643,
48029191303,Census Tract 1913.03,029,29.554149,-98.484728,
48439105600,Census Tract 1056,439,32.676709,-97.367072,
48439105701,Census Tract 1057.01,439,32.663473,-97.361151,
48439105703,Census Tract 1057.03,439,32.654737,-97.36397,
48439105800,Census Tract 1058,439,32.665385,-97.342783,
48057000300,Census Tract 3,057,28.614664,-96.433281,
48113014153,Census Tract 141.53,113,32.846032,-96.998249,
48057000200,Census Tract 2,057,28.608004,-96.618527,
48057000100,Census Tract 1,057,28.6422,-96.627302,
48275950200,Census Tract 9502,275,33.484161,-99.599584,
48275950100,Census Tract 9501,275,33.621897,-99.78254,
48201233703,Census Tract 2337.03,201,29.743492,-95.221542,
48355005412,Census Tract 54.12,355,27.666838,-97.399844,
48355005409,Census Tract 54.09,355,27.678113,-97.414686,
48245011402,Census Tract 114.02,245,30.021488,-94.265976,
48355980000,Census Tract 9800,355,27.773291,-97.505986,
48209010909,Census Tract 109.09,209,30.018957,-97.886429,
48367140413,Census Tract 1404.13,367,32.972439,-97.579668,
48367140416,Census Tract 1404.16,367,32.803897,-97.620536,
48367140710,Census Tract 1407.10,367,32.636119,-97.664463,
48367140412,Census Tract 1404.12,367,32.929689,-97.58542,
48367140604,Census Tract 1406.04,367,32.604408,-97.760122,
48367140603,Census Tract 1406.03,367,32.619175,-97.919562,
48367140713,Census Tract 1407.13,367,32.671594,-97.577168,
48367140711,Census Tract 1407.11,367,32.767402,-97.698337,
48367140707,Census Tract 1407.07,367,32.712427,-97.62985,
48367140708,Census Tract 1407.08,367,32.728437,-97.728505,
48367140709,Census Tract 1407.09,367,32.688234,-97.662243,
48367140504,Census Tract 1405.04,367,32.936993,-97.861802,
48367140503,Census Tract 1405.03,367,32.870374,-97.814401,
48367140201,Census Tract 1402.01,367,32.743234,-97.800543,
48367140202,Census Tract 1402.02,367,32.742608,-97.780494,
48367140415,Census Tract 1404.15,367,32.845985,-97.672743,
48367140714,Census Tract 1407.14,367,32.751741,-97.629302,
48141000106,Census Tract 1.06,141,31.920553,-106.430419,
48365950402,Census Tract 9504.02,365,32.167128,-94.343554,
48365950401,Census Tract 9504.01,365,32.135304,-94.337625,
48367140712,Census Tract 1407.12,367,32.744783,-97.69768,
48367140414,Census Tract 1404.14,367,32.84711,-97.584897,
48201222502,Census Tract 2225.02,201,29.925337,-95.38855,
48201533802,Census Tract 5338.02,201,29.926052,-95.467689,
48201410401,Census Tract 4104.01,201,29.747514,-95.406392,
48201431801,Census Tract 4318.01,201,29.743985,-95.47257,
48141001202,Census Tract 12.02,141,31.844101,-106.5637,
48141001301,Census Tract 13.01,141,31.851228,-106.592888,
48485012700,Census Tract 127,485,33.88968,-98.53473,
48141001302,Census Tract 13.02,141,31.827257,-106.582515,
48141001600,Census Tract 16,141,31.763839,-106.497628,
48187210610,Census Tract 2106.10,187,29.665127,-98.108872,
48141001700,Census Tract 17,141,31.75955,-106.487426,
48039663400,Census Tract 6634,039,29.02168,-95.449652,
48039663500,Census Tract 6635,039,29.027612,-95.426766,
48039663600,Census Tract 6636,039,29.050616,-95.423444,
48039663700,Census Tract 6637,039,29.057539,-95.412452,
48201422702,Census Tract 4227.02,201,29.698989,-95.509368,
48201422701,Census Tract 4227.01,201,29.697375,-95.499973,
48201553002,Census Tract 5530.02,201,30.012178,-95.480946,
48187210716,Census Tract 2107.16,187,29.578236,-98.251853,
48201553001,Census Tract 5530.01,201,30.001937,-95.494784,
48051970201,Census Tract 9702.01,051,30.445261,-96.701508,
48051970501,Census Tract 9705.01,051,30.342512,-96.633149,
48051970202,Census Tract 9702.02,051,30.555065,-96.809019,
48051970502,Census Tract 9705.02,051,30.389915,-96.569632,
48485012600,Census Tract 126,485,33.879424,-98.546476,
48187210718,Census Tract 2107.18,187,29.578942,-98.223201,
48141001800,Census Tract 18,141,31.754075,-106.493555,
48187210509,Census Tract 2105.09,187,29.677012,-98.03214,
48141002000,Census Tract 20,141,31.757684,-106.471339,
48187210805,Census Tract 2108.05,187,29.51823,-97.991647,
48113015101,Census Tract 151.01,113,32.789906,-96.948264,
48187210612,Census Tract 2106.12,187,29.618348,-98.170596,
48187210613,Census Tract 2106.13,187,29.614717,-98.225039,
48187210903,Census Tract 2109.03,187,29.618453,-97.741405,
48187210905,Census Tract 2109.05,187,29.486544,-97.826063,
48187210806,Census Tract 2108.06,187,29.543596,-97.970037,
48187210510,Census Tract 2105.10,187,29.662967,-98.060957,
48187210511,Census Tract 2105.11,187,29.643723,-97.91515,
48187210513,Census Tract 2105.13,187,29.599639,-98.015079,
48187210609,Census Tract 2106.09,187,29.674378,-98.096156,
48187210611,Census Tract 2106.11,187,29.654732,-98.123224,
48187210715,Census Tract 2107.15,187,29.571144,-98.251454,
48141002100,Census Tract 21,141,31.76538,-106.474039,
48187210904,Census Tract 2109.04,187,29.417229,-97.922747,
48113015208,Census Tract 152.08,113,32.788942,-96.972565,
48187210512,Census Tract 2105.12,187,29.611209,-97.989175,
48187210717,Census Tract 2107.17,187,29.564288,-98.238998,
48187210614,Census Tract 2106.14,187,29.626008,-98.211149,
48201333905,Census Tract 3339.05,201,29.619177,-95.259937,
48201454505,Census Tract 4545.05,201,29.780105,-95.703999,
48201232304,Census Tract 2323.04,201,29.858073,-95.222539,
48201311702,Census Tract 3117.02,201,29.70106,-95.29905,
48201221502,Census Tract 2215.02,201,29.867218,-95.402173,
48201521502,Census Tract 5215.02,201,29.827711,-95.515963,
48201551602,Census Tract 5516.02,201,29.928138,-95.574328,
48201250202,Census Tract 2502.02,201,29.94515,-95.271496,
48141002300,Census Tract 23,141,31.784136,-106.468271,
48201241202,Census Tract 2412.02,201,30.050676,-95.399806,
48201550902,Census Tract 5509.02,201,29.960773,-95.489538,
48141002400,Census Tract 24,141,31.789795,-106.454968,
48201550404,Census Tract 5504.04,201,29.969861,-95.455568,
48201313201,Census Tract 3132.01,201,29.706417,-95.350494,
48201411302,Census Tract 4113.02,201,29.743979,-95.453053,
48201510803,Census Tract 5108.03,201,29.760779,-95.419107,
48201552004,Census Tract 5520.04,201,29.909537,-95.594966,
48201551902,Census Tract 5519.02,201,29.900174,-95.590577,
48201250101,Census Tract 2501.01,201,29.961072,-95.277282,
48201553602,Census Tract 5536.02,201,30.029301,-95.486769,
48201454303,Census Tract 4543.03,201,29.714466,-95.651949,
48141002500,Census Tract 25,141,31.791944,-106.440362,
48425000102,Census Tract 1.02,425,32.187762,-97.753281,
48425000101,Census Tract 1.01,425,32.255933,-97.794017,
48201556100,Census Tract 5561,201,30.021634,-95.544371,
48201554806,Census Tract 5548.06,201,30.059152,-95.598157,
48485010100,Census Tract 101,485,33.903737,-98.486038,
48201554803,Census Tract 5548.03,201,30.078607,-95.581011,
48201554702,Census Tract 5547.02,201,30.005473,-95.601681,
48201553102,Census Tract 5531.02,201,30.015192,-95.459525,
48367140101,Census Tract 1401.01,367,32.75382,-97.755733,
48141000111,Census Tract 1.11,141,31.906375,-106.437385,
48381021101,Census Tract 211.01,381,35.171514,-101.8756,
48381022002,Census Tract 220.02,381,35.156995,-101.784183,
48211950300,Census Tract 9503,211,35.815956,-100.27921,
48381022001,Census Tract 220.01,381,35.138997,-101.870878,
48381021609,Census Tract 216.09,381,35.145582,-101.930437,
48061011908,Census Tract 119.08,061,26.151498,-97.804208,
48061014103,Census Tract 141.03,061,25.875718,-97.391523,
48061012201,Census Tract 122.01,061,26.125762,-97.548191,
48061011907,Census Tract 119.07,061,26.140016,-97.842864,
48061012511,Census Tract 125.11,061,26.051445,-97.612911,
48061010304,Census Tract 103.04,061,26.198861,-97.78427,
48061011905,Census Tract 119.05,061,26.156587,-97.8172,
48061011904,Census Tract 119.04,061,26.152905,-97.829634,
48061011701,Census Tract 117.01,061,26.152062,-97.656138,
48439113611,Census Tract 1136.11,439,32.870949,-97.178573,
48061010802,Census Tract 108.02,061,26.20189,-97.636604,
48061011702,Census Tract 117.02,061,26.135441,-97.643531,
48113010809,Census Tract 108.09,113,32.713842,-96.896521,
48061011402,Census Tract 114.02,061,26.17545,-97.619645,
48061014401,Census Tract 144.01,061,26.011332,-97.50791,
48061012513,Census Tract 125.13,061,25.966999,-97.558645,
48061012104,Census Tract 121.04,061,26.117324,-97.681106,
48061012403,Census Tract 124.03,061,26.068835,-97.538927,
48061010101,Census Tract 101.01,061,26.258267,-97.566186,
48061012004,Census Tract 120.04,061,26.180577,-97.762293,
48061010205,Census Tract 102.05,061,26.2392,-97.700416,
48061011602,Census Tract 116.02,061,26.129192,-97.641912,
48061010403,Census Tract 104.03,061,26.236818,-97.745843,
48061012202,Census Tract 122.02,061,26.151489,-97.440242,
48061010303,Census Tract 103.03,061,26.216197,-97.827501,
48061011401,Census Tract 114.01,061,26.145302,-97.591411,
48163950101,Census Tract 9501.01,163,29.003702,-98.944077,
48163950201,Census Tract 9502.01,163,28.893493,-99.269774,
48163950202,Census Tract 9502.02,163,29.024696,-99.219217,
48163950102,Census Tract 9501.02,163,28.781218,-98.949145,
48163950301,Census Tract 9503.01,163,28.732068,-99.288646,
48163950302,Census Tract 9503.02,163,28.685578,-99.123842,
48375014701,Census Tract 147.01,375,35.198152,-101.839327,
48479001001,Census Tract 10.01,479,27.512555,-99.469986,
48479001501,Census Tract 15.01,479,27.535168,-99.498155,
48479000300,Census Tract 3,479,27.504547,-99.499331,
48479000101,Census Tract 1.01,479,27.499203,-99.473483,
48107950100,Census Tract 9501,107,33.633175,-101.178516,
48107950300,Census Tract 9503,107,33.585771,-101.505632,
48107950200,Census Tract 9502,107,33.601434,-101.349867,
48491020505,Census Tract 205.05,491,30.515832,-97.711073,
48491020353,Census Tract 203.53,491,30.522222,-97.847978,
48491020355,Census Tract 203.55,491,30.489682,-97.821336,
48491020340,Census Tract 203.40,491,30.596224,-97.842854,
48491020319,Census Tract 203.19,491,30.559376,-97.818652,
48491020350,Census Tract 203.50,491,30.514083,-97.803494,
48491020344,Census Tract 203.44,491,30.581059,-97.866252,
48015760502,Census Tract 7605.02,015,29.939291,-96.178874,
48015760501,Census Tract 7605.01,015,30.030009,-96.271483,
48503950600,Census Tract 9506,503,33.100265,-98.570145,
48061010103,Census Tract 101.03,061,26.211611,-97.518992,
48503950500,Census Tract 9505,503,33.108242,-98.586177,
48503950200,Census Tract 9502,503,33.322549,-98.654132,
48265960301,Census Tract 9603.01,265,29.994483,-99.451577,
48491020816,Census Tract 208.16,491,30.520582,-97.584151,
48491021514,Census Tract 215.14,491,30.56115,-97.674319,
48491020345,Census Tract 203.45,491,30.520247,-97.76318,
48061010603,Census Tract 106.03,061,26.209896,-97.703322,
48491020348,Census Tract 203.48,491,30.528353,-97.798037,
48491020822,Census Tract 208.22,491,30.638182,-97.606606,
48061010801,Census Tract 108.01,061,26.196914,-97.676765,
48491020709,Census Tract 207.09,491,30.488938,-97.66319,
48491020513,Census Tract 205.13,491,30.468584,-97.698633,6
48479000901,Census Tract 9.01,479,27.518403,-99.484143,
48491020118,Census Tract 201.18,491,30.708864,-97.736968,
48491020205,Census Tract 202.05,491,30.744628,-97.839629,
48113012211,Census Tract 122.11,113,32.802221,-96.689035,
48491020116,Census Tract 201.16,491,30.72099,-97.707361,
48113012400,Census Tract 124,113,32.828229,-96.684809,
48491020338,Census Tract 203.38,491,30.552266,-97.866824,
48061012106,Census Tract 121.06,061,26.068975,-97.665126,
48491020347,Census Tract 203.47,491,30.512731,-97.791402,
48491020208,Census Tract 202.08,491,30.759575,-97.929704,
48491020330,Census Tract 203.30,491,30.65944,-97.964135,
48497150405,Census Tract 1504.05,497,33.250845,-97.824386,
48497150201,Census Tract 1502.01,497,33.221946,-97.591289,
48497150103,Census Tract 1501.03,497,33.185665,-97.486419,
48497150605,Census Tract 1506.05,497,33.056688,-97.592691,
48497150202,Census Tract 1502.02,497,33.254938,-97.582092,
48497150104,Census Tract 1501.04,497,33.171913,-97.626146,
48497150604,Census Tract 1506.04,497,33.021966,-97.657389,
48497150404,Census Tract 1504.04,497,33.358103,-97.817642,
48497150607,Census Tract 1506.07,497,33.109644,-97.482063,
48497150606,Census Tract 1506.06,497,33.068211,-97.434688,
48061010404,Census Tract 104.04,061,26.217317,-97.736444,
48061014403,Census Tract 144.03,061,25.966017,-97.438282,
48061010405,Census Tract 104.05,061,26.197059,-97.744907,
48141003100,Census Tract 31,141,31.762642,-106.42648,
48061012510,Census Tract 125.10,061,26.042277,-97.641676,
48061010604,Census Tract 106.04,061,26.220841,-97.702677,
48061012203,Census Tract 122.03,061,26.143188,-97.48835,
48061010204,Census Tract 102.04,061,26.219557,-97.679456,
48061012512,Census Tract 125.12,061,25.939814,-97.540135,
48061012617,Census Tract 126.17,061,25.968497,-97.507778,
48061012515,Census Tract 125.15,061,25.976034,-97.528699,
48061014101,Census Tract 141.01,061,25.886063,-97.418583,
48061014102,Census Tract 141.02,061,25.898174,-97.395969,
48061014502,Census Tract 145.02,061,25.95821,-97.475415,
48061012514,Census Tract 125.14,061,25.961196,-97.535204,
48061012103,Census Tract 121.03,061,26.142706,-97.669971,
48061012105,Census Tract 121.05,061,26.0628,-97.731533,
48061010406,Census Tract 104.06,061,26.199022,-97.729489,
48085030545,Census Tract 305.45,085,33.1879,-96.67698,
48085030532,Census Tract 305.32,085,33.119251,-96.773157,
48085030533,Census Tract 305.33,085,33.125957,-96.777183,
48085030609,Census Tract 306.09,085,33.206666,-96.655981,
48085031682,Census Tract 316.82,085,33.052948,-96.760457,
48085031333,Census Tract 313.33,085,33.006786,-96.622723,
48085032019,Census Tract 320.19,085,32.989681,-96.659013,
48085031667,Census Tract 316.67,085,33.038388,-96.806742,
48423000300,Census Tract 3,423,32.378358,-95.286697,
48423000500,Census Tract 5,423,32.350924,-95.302383,
48423000600,Census Tract 6,423,32.36066,-95.281871,
48423000100,Census Tract 1,423,32.354973,-95.334385,
48141002600,Census Tract 26,141,31.781023,-106.450068,
48141002800,Census Tract 28,141,31.770867,-106.460416,
48141002900,Census Tract 29,141,31.77045,-106.448205,
48141003000,Census Tract 30,141,31.765262,-106.436399,
48361021501,Census Tract 215.01,361,30.220078,-93.911761,
48059030102,Census Tract 301.02,059,32.301107,-99.522474,
48113016513,Census Tract 165.13,113,32.635286,-96.933544,
48479000200,Census Tract 2,479,27.500613,-99.487095,
48479001900,Census Tract 19,479,27.504629,-99.516464,
48113016517,Census Tract 165.17,113,32.639944,-96.900298,
48017950101,Census Tract 9501.01,017,34.220734,-102.779323,
48017950102,Census Tract 9501.02,017,34.067521,-102.830345,
48023950302,Census Tract 9503.02,023,33.726617,-99.021782,
48113016518,Census Tract 165.18,113,32.654336,-96.919417,
48023950301,Census Tract 9503.01,023,33.603022,-99.213584,
48223950302,Census Tract 9503.02,223,33.106222,-95.559044,
48113006701,Census Tract 67.01,113,32.745953,-96.886317,
48423000201,Census Tract 2.01,423,32.374676,-95.315028,
48299970502,Census Tract 9705.02,299,30.662648,-98.473152,
48423002009,Census Tract 20.09,423,32.227862,-95.207592,
48423000202,Census Tract 2.02,423,32.36488,-95.30943,
48423001602,Census Tract 16.02,423,32.30682,-95.400848,
48423000400,Census Tract 4,423,32.352104,-95.319351,
48423002200,Census Tract 22,423,32.185142,-95.226936,
48423000700,Census Tract 7,423,32.322933,-95.331248,
48423000900,Census Tract 9,423,32.339442,-95.280158,
48423001000,Census Tract 10,423,32.316487,-95.313125,
48357950300,Census Tract 9503,357,36.400101,-100.803567,
48357950400,Census Tract 9504,357,36.384764,-100.818941,
48183000602,Census Tract 6.02,183,32.550885,-94.777338,
48113014149,Census Tract 141.49,113,32.924416,-96.960434,
48357950100,Census Tract 9501,357,36.2774,-100.816012,
48183000202,Census Tract 2.02,183,32.556639,-94.718797,
48183010401,Census Tract 104.01,183,32.424218,-94.876055,
48183000201,Census Tract 2.01,183,32.51977,-94.710924,
48183000601,Census Tract 6.01,183,32.538493,-94.782179,
48183010502,Census Tract 105.02,183,32.397185,-94.752048,
48201980000,Census Tract 9800,201,29.647155,-95.276204,
48201333600,Census Tract 3336,201,29.658955,-95.299203,
48183010202,Census Tract 102.02,183,32.54609,-94.895255,
48183010402,Census Tract 104.02,183,32.440628,-94.942355,
48183010201,Census Tract 102.01,183,32.502188,-94.918134,
48055960702,Census Tract 9607.02,055,29.659002,-97.625887,
48423001101,Census Tract 11.01,423,32.320098,-95.292869,
48423001102,Census Tract 11.02,423,32.308774,-95.288392,
48423001200,Census Tract 12,423,32.324446,-95.277488,
48257051301,Census Tract 513.01,257,32.413667,-96.165775,
48257050215,Census Tract 502.15,257,32.692362,-96.48513,
48257050602,Census Tract 506.02,257,32.736872,-96.144276,
48257050213,Census Tract 502.13,257,32.724646,-96.422951,
48257050801,Census Tract 508.01,257,32.580927,-96.392644,
48257050802,Census Tract 508.02,257,32.554692,-96.462248,
48257051302,Census Tract 513.02,257,32.391713,-96.330052,
48201333700,Census Tract 3337,201,29.631278,-95.292617,
48257050208,Census Tract 502.08,257,32.760031,-96.500077,
48257050211,Census Tract 502.11,257,32.67216,-96.455762,
48257050402,Census Tract 504.02,257,32.771734,-96.279162,
48311950100,Census Tract 9501,311,28.384922,-98.578853,
48423001803,Census Tract 18.03,423,32.298972,-95.237573,
48423002003,Census Tract 20.03,423,32.302415,-95.272018,
48423002004,Census Tract 20.04,423,32.296564,-95.29309,
48423002006,Census Tract 20.06,423,32.276556,-95.295943,
48423001300,Census Tract 13,423,32.330506,-95.260542,
48201410300,Census Tract 4103,201,29.756432,-95.404107,
48201410900,Census Tract 4109,201,29.73286,-95.398051,
48485013600,Census Tract 136,485,33.945561,-98.691091,
48055960104,Census Tract 9601.04,055,29.948821,-97.719825,
48055960502,Census Tract 9605.02,055,29.824486,-97.769665,
48055960701,Census Tract 9607.01,055,29.697033,-97.655909,
48055960501,Census Tract 9605.01,055,29.856572,-97.845341,
48055960103,Census Tract 9601.03,055,29.977434,-97.638688,
48485013700,Census Tract 137,485,34.029846,-98.928401,
48181001901,Census Tract 19.01,181,33.502614,-96.729498,
48139060704,Census Tract 607.04,139,32.528942,-97.022435,
48113016519,Census Tract 165.19,113,32.654861,-96.934444,
48113016607,Census Tract 166.07,113,32.653065,-96.886325,
48181001104,Census Tract 11.04,181,33.647,-96.857805,
48113016610,Census Tract 166.10,113,32.611313,-96.832098,
48141003300,Census Tract 33,141,31.784656,-106.427834,
48141003403,Census Tract 34.03,141,31.78313,-106.386202,
48141003404,Census Tract 34.04,141,31.781254,-106.368098,
48141003502,Census Tract 35.02,141,31.734475,-106.359097,
48141003602,Census Tract 36.02,141,31.754794,-106.408309,
48141003701,Census Tract 37.01,141,31.748227,-106.394073,
48059030101,Census Tract 301.01,059,32.402601,-99.486547,
48073950201,Census Tract 9502.01,073,32.082209,-95.224579,
48073950302,Census Tract 9503.02,073,31.972978,-95.373883,
48073950202,Census Tract 9502.02,073,32.110362,-95.348104,
48073950301,Census Tract 9503.01,073,31.96627,-95.199403,
48149970602,Census Tract 9706.02,149,29.705194,-96.911946,
48149970601,Census Tract 9706.01,149,29.775367,-96.821871,
48149970301,Census Tract 9703.01,149,29.9196,-96.902245,
48149970302,Census Tract 9703.02,149,29.910473,-96.865884,
48201333100,Census Tract 3331,201,29.676527,-95.278669,
48201350300,Census Tract 3503,201,29.58288,-95.224855,
48201350400,Census Tract 3504,201,29.595662,-95.209182,
48201350500,Census Tract 3505,201,29.581667,-95.19573,
48113013609,Census Tract 136.09,113,32.945176,-96.777224,
48113013610,Census Tract 136.10,113,32.932293,-96.777713,
48113013611,Census Tract 136.11,113,32.977962,-96.814017,
48201420600,Census Tract 4206,201,29.661103,-95.47013,
48299970401,Census Tract 9704.01,299,30.548743,-98.422315,
48299970402,Census Tract 9704.02,299,30.525201,-98.375696,
48201420700,Census Tract 4207,201,29.672282,-95.469197,
48299970501,Census Tract 9705.01,299,30.681164,-98.418342,
48257050212,Census Tract 502.12,257,32.701653,-96.397665,
48257050601,Census Tract 506.01,257,32.807104,-96.253389,
48201420300,Census Tract 4203,201,29.670585,-95.454883,
48201420500,Census Tract 4205,201,29.6484,-95.469651,
48113015306,Census Tract 153.06,113,32.79213,-96.986833,
48113015403,Census Tract 154.03,113,32.755403,-97.024242,
48113015404,Census Tract 154.04,113,32.747319,-97.02771,
48113015500,Census Tract 155,113,32.751984,-97.006751,
48113015600,Census Tract 156,113,32.754329,-96.984957,
48113007916,Census Tract 79.16,113,32.860063,-96.757327,
48201420900,Census Tract 4209,201,29.69734,-95.469108,
48113007914,Census Tract 79.14,113,32.842157,-96.769487,
48113013625,Census Tract 136.25,113,32.943215,-96.820373,
48113012802,Census Tract 128.02,113,32.85205,-96.68831,
48113018134,Census Tract 181.34,113,32.902409,-96.526447,
48113017605,Census Tract 176.05,113,32.754626,-96.644277,
48113013631,Census Tract 136.31,113,32.940218,-96.805747,
48113013107,Census Tract 131.07,113,32.891642,-96.772232,
48473680100,Census Tract 6801,473,29.812696,-95.871461,
48201411100,Census Tract 4111,201,29.750392,-95.414068,
48113016530,Census Tract 165.30,113,32.616735,-96.933276,
48201411200,Census Tract 4112,201,29.755618,-95.425256,
48201411400,Census Tract 4114,201,29.744645,-95.433082,
48201421000,Census Tract 4210,201,29.713242,-95.46543,
48201432200,Census Tract 4322,201,29.732962,-95.530103,
48201521800,Census Tract 5218,201,29.852601,-95.549702,
48201521900,Census Tract 5219,201,29.821137,-95.553376,
48029121402,Census Tract 1214.02,029,29.493243,-98.367592,
48251130215,Census Tract 1302.15,251,32.529104,-97.390267,
48029121403,Census Tract 1214.03,029,29.503396,-98.3839,
48029120100,Census Tract 1201,029,29.460897,-98.43834,
48431950100,Census Tract 9501,431,31.835773,-101.054911,
48485013800,Census Tract 138,485,34.014071,-98.782429,
48485012900,Census Tract 129,485,33.919813,-98.610491,
48113019049,Census Tract 190.49,113,32.941838,-96.656565,
48029121116,Census Tract 1211.16,029,29.583661,-98.465155,
48029121117,Census Tract 1211.17,029,29.595707,-98.462293,
48029121300,Census Tract 1213,029,29.519699,-98.383996,
48029141300,Census Tract 1413,029,29.375477,-98.413686,
48029181303,Census Tract 1813.03,029,29.535478,-98.573989,
48029182103,Census Tract 1821.03,029,29.666681,-98.736281,
48029130900,Census Tract 1309,029,29.43734,-98.40868,
48113980200,Census Tract 9802,113,32.982298,-96.750713,
48485011200,Census Tract 112,485,33.990067,-98.465514,
48485010400,Census Tract 104,485,33.921171,-98.475906,
48485011700,Census Tract 117,485,33.869905,-98.500344,
48215020736,Census Tract 207.36,215,26.243923,-98.24778,
48485013502,Census Tract 135.02,485,34.060974,-98.556349,
48485013000,Census Tract 130,485,33.934653,-98.534408,
48485012800,Census Tract 128,485,33.879037,-98.640413,
48029181602,Census Tract 1816.02,029,29.457925,-98.614037,
48029160200,Census Tract 1602,029,29.399944,-98.51837,
48029130200,Census Tract 1302,029,29.415824,-98.467376,
48453002111,Census Tract 21.11,453,30.257132,-97.68541,3
48067950102,Census Tract 9501.02,067,33.196534,-94.215782,
48029190902,Census Tract 1909.02,029,29.495714,-98.488311,
48067950602,Census Tract 9506.02,067,33.01934,-94.407754,
48029182101,Census Tract 1821.01,029,29.723573,-98.644133,
48029980002,Census Tract 9800.02,029,29.376425,-98.546044,
48349970200,Census Tract 9702,349,32.155361,-96.496054,
48349970800,Census Tract 9708,349,32.092396,-96.470946,
48349970500,Census Tract 9705,349,32.10234,-96.479962,
48349970600,Census Tract 9706,349,32.108388,-96.207955,
48349970100,Census Tract 9701,349,32.22758,-96.397673,
48349970400,Census Tract 9704,349,32.044511,-96.74644,
48349971000,Census Tract 9710,349,31.881718,-96.579272,
48113017500,Census Tract 175,113,32.759553,-96.610196,
48029111000,Census Tract 1110,029,29.440348,-98.470869,
48029980001,Census Tract 9800.01,029,29.685871,-98.563855,
48029181503,Census Tract 1815.03,029,29.512745,-98.602754,
48029121505,Census Tract 1215.05,029,29.523118,-98.328789,
48029121118,Census Tract 1211.18,029,29.596419,-98.443924,
48363000401,Census Tract 4.01,363,32.853468,-98.121221,
48363000402,Census Tract 4.02,363,32.725197,-98.131788,
48453000204,Census Tract 2.04,453,30.307164,-97.744465,10
48215024120,Census Tract 241.20,215,26.417102,-98.283659,
48453001403,Census Tract 14.03,453,30.239912,-97.73507,9
48215020406,Census Tract 204.06,215,26.171079,-98.311937,
48215020108,Census Tract 201.08,215,26.168287,-98.350416,
48453002108,Census Tract 21.08,453,30.297425,-97.668947,1
48215020510,Census Tract 205.10,215,26.172145,-98.281577,
48141010326,Census Tract 103.26,141,31.772289,-106.293585,
48215020105,Census Tract 201.05,215,26.207912,-98.330882,
48215020306,Census Tract 203.06,215,26.21975,-98.309961,
48141010413,Census Tract 104.13,141,31.596777,-106.264409,
48215020305,Census Tract 203.05,215,26.221494,-98.285301,
48215020304,Census Tract 203.04,215,26.216498,-98.293199,
48113008402,Census Tract 84.02,113,32.780794,-96.720954,
48425000200,Census Tract 2,425,32.233457,-97.750537,
48029140400,Census Tract 1404,029,29.396739,-98.467351,
48029152000,Census Tract 1520,029,29.284569,-98.53275,
48029151400,Census Tract 1514,029,29.349146,-98.50997,
48029131601,Census Tract 1316.01,029,29.503171,-98.255706,
48029160702,Census Tract 1607.02,029,29.396251,-98.556957,
48029121506,Census Tract 1215.06,029,29.514038,-98.3453,
48029161200,Census Tract 1612,029,29.299477,-98.603789,
48029162001,Census Tract 1620.01,029,29.259809,-98.630061,
48029171100,Census Tract 1711,029,29.42246,-98.568616,
48029171801,Census Tract 1718.01,029,29.413117,-98.639374,
48439110704,Census Tract 1107.04,439,32.747671,-97.450381,
48113016531,Census Tract 165.31,113,32.639826,-96.914711,
48029182102,Census Tract 1821.02,029,29.703932,-98.667686,
48029191804,Census Tract 1918.04,029,29.720236,-98.491451,
48029151900,Census Tract 1519,029,29.292523,-98.471013,
48029151500,Census Tract 1515,029,29.352598,-98.492326,
48029141900,Census Tract 1419,029,29.32891,-98.312898,
48029140600,Census Tract 1406,029,29.392738,-98.443578,
48029180202,Census Tract 1802.02,029,29.474258,-98.542123,
48029152100,Census Tract 1521,029,29.209831,-98.537457,
48029120502,Census Tract 1205.02,029,29.504533,-98.407621,
48439123700,Census Tract 1237,439,32.732757,-97.344755,
48029121203,Census Tract 1212.03,029,29.525996,-98.400428,
48029121204,Census Tract 1212.04,029,29.529445,-98.420127,
48029121206,Census Tract 1212.06,029,29.553836,-98.391607,
48029121115,Census Tract 1211.15,029,29.575585,-98.452926,
48487950500,Census Tract 9505,487,34.160505,-99.34314,
48487950700,Census Tract 9507,487,34.137911,-99.254978,
48487950300,Census Tract 9503,487,34.082338,-99.234214,
48487950600,Census Tract 9506,487,34.127108,-99.314162,
48039661100,Census Tract 6611,039,29.440987,-95.228434,
48041002001,Census Tract 20.01,041,30.606426,-96.278309,
48039663300,Census Tract 6633,039,29.036776,-95.442654,
48439111102,Census Tract 1111.02,439,32.65463,-97.2633,
48361020800,Census Tract 208,361,30.110901,-93.773901,
48453002110,Census Tract 21.10,453,30.274092,-97.677222,1
48201550101,Census Tract 5501.01,201,29.951665,-95.42402,
48215023602,Census Tract 236.02,215,26.316928,-98.135051,
48201240102,Census Tract 2401.02,201,29.947415,-95.410497,
48439110706,Census Tract 1107.06,439,32.762072,-97.466274,
48439110705,Census Tract 1107.05,439,32.77232,-97.465942,
48439111032,Census Tract 1110.32,439,32.621778,-97.401453,
48439106004,Census Tract 1060.04,439,32.619935,-97.278061,
48439111546,Census Tract 1115.46,439,32.681214,-97.176138,
48113019051,Census Tract 190.51,113,32.963376,-96.617973,
48439114207,Census Tract 1142.07,439,32.788074,-97.523247,
48439110809,Census Tract 1108.09,439,32.662532,-97.497502,
48439113112,Census Tract 1131.12,439,32.767913,-97.109222,
48439113407,Census Tract 1134.07,439,32.814982,-97.158601,
48439111202,Census Tract 1112.02,439,32.628827,-97.284246,
48439111532,Census Tract 1115.32,439,32.658893,-97.197589,
48439121609,Census Tract 1216.09,439,32.69246,-97.206534,
48439111408,Census Tract 1114.08,439,32.622059,-97.192318,
48439111411,Census Tract 1114.11,439,32.64269,-97.200747,
48439113210,Census Tract 1132.10,439,32.88288,-97.202289,
48113018150,Census Tract 181.50,113,32.925056,-96.539216,
48439113912,Census Tract 1139.12,439,32.936619,-97.201632,
48439111104,Census Tract 1111.04,439,32.670941,-97.275024,
48439110401,Census Tract 1104.01,439,32.812972,-97.430548,
48439100601,Census Tract 1006.01,439,32.796782,-97.454932,
48439100602,Census Tract 1006.02,439,32.775827,-97.435255,
48439122200,Census Tract 1222,439,32.740355,-97.108194,
48439122300,Census Tract 1223,439,32.732973,-97.109842,
48439122500,Census Tract 1225,439,32.72805,-97.140293,
48121020206,Census Tract 202.06,121,33.26981,-97.338353,
48121020405,Census Tract 204.05,121,33.250775,-97.204448,
48113016708,Census Tract 167.08,113,32.624629,-96.793476,
48121021414,Census Tract 214.14,121,33.223851,-97.057944,
48061012506,Census Tract 125.06,061,26.035692,-97.564467,
48121020207,Census Tract 202.07,121,33.330677,-97.206547,
48121020121,Census Tract 201.21,121,33.253931,-97.010631,
48121020137,Census Tract 201.37,121,33.212822,-96.935495,
48355006400,Census Tract 64,355,27.797782,-97.397958,
48121020208,Census Tract 202.08,121,33.326941,-97.281726,
48213950400,Census Tract 9504,213,32.267481,-95.921951,
48213951000,Census Tract 9510,213,32.150968,-96.04325,
48213950700,Census Tract 9507,213,32.316681,-96.286602,
48213950500,Census Tract 9505,213,32.324755,-96.012094,
48213951300,Census Tract 9513,213,32.198645,-95.840522,
48067950500,Census Tract 9505,067,32.981902,-94.142201,
48067950700,Census Tract 9507,067,32.985534,-94.575102,
48067950200,Census Tract 9502,067,33.186034,-94.466598,
48067950300,Census Tract 9503,067,33.161341,-94.153739,
48113020800,Census Tract 208,113,32.75544,-96.75185,
48067950400,Census Tract 9504,067,33.116263,-94.170639,
48439122600,Census Tract 1226,439,32.714363,-97.140131,
48355006300,Census Tract 63,355,27.851846,-97.439165,
48309003709,Census Tract 37.09,309,31.478826,-97.175067,
48309003711,Census Tract 37.11,309,31.489563,-97.201878,
48309003712,Census Tract 37.12,309,31.476696,-97.247058,
48309003902,Census Tract 39.02,309,31.430607,-97.411876,
48329010107,Census Tract 101.07,329,32.039537,-102.134073,
48309004104,Census Tract 41.04,309,31.629402,-97.20468,
48453001200,Census Tract 12,453,30.272783,-97.759185,9
48309004105,Census Tract 41.05,309,31.616368,-97.261577,
48453001304,Census Tract 13.04,453,30.248406,-97.773434,5
48453001307,Census Tract 13.07,453,30.236349,-97.7686,3
48309003402,Census Tract 34.02,309,31.681715,-97.135433,
48113000802,Census Tract 8.02,113,32.810538,-96.788242,
48309003401,Census Tract 34.01,309,31.699897,-97.065935,
48201450804,Census Tract 4508.04,201,29.752651,-95.559948,
48201451006,Census Tract 4510.06,201,29.743152,-95.578609,
48201451904,Census Tract 4519.04,201,29.724578,-95.611741,
48201451301,Census Tract 4513.01,201,29.740716,-95.598728,
48201440102,Census Tract 4401.02,201,29.639988,-95.539441,
48201422303,Census Tract 4223.03,201,29.647769,-95.505796,
48201331604,Census Tract 3316.04,201,29.632015,-95.34405,
48201331502,Census Tract 3315.02,201,29.630554,-95.373315,
48201413302,Census Tract 4133.02,201,29.685316,-95.433001,
48201314301,Census Tract 3143.01,201,29.679154,-95.415862,
48201314302,Census Tract 3143.02,201,29.684738,-95.418221,
48201413301,Census Tract 4133.01,201,29.690854,-95.42175,
48201543201,Census Tract 5432.01,201,29.799397,-95.572427,
48201450402,Census Tract 4504.02,201,29.782039,-95.614215,
48201554405,Census Tract 5544.05,201,29.986256,-95.713106,
48201542105,Census Tract 5421.05,201,29.85198,-95.710942,
48201533904,Census Tract 5339.04,201,29.933306,-95.489776,
48201240506,Census Tract 2405.06,201,29.959882,-95.391747,
48061012304,Census Tract 123.04,061,26.063141,-97.218487,
48439114006,Census Tract 1140.06,439,32.853442,-97.374738,
48231961501,Census Tract 9615.01,231,32.880441,-96.227614,
48453002105,Census Tract 21.05,453,30.314913,-97.705598,4
48453002106,Census Tract 21.06,453,30.30672,-97.690323,4
48453002107,Census Tract 21.07,453,30.295667,-97.682861,1
48139060211,Census Tract 602.11,139,32.421625,-96.903459,
48113001602,Census Tract 16.02,113,32.794696,-96.78838,
48139060801,Census Tract 608.01,139,32.437473,-96.971416,
48139060702,Census Tract 607.02,139,32.505393,-96.956613,
48139060802,Census Tract 608.02,139,32.436928,-97.039132,
48139060803,Census Tract 608.03,139,32.480739,-97.067505,
48453001401,Census Tract 14.01,453,30.250246,-97.744982,9
48139060212,Census Tract 602.12,139,32.439839,-96.828187,
48113018144,Census Tract 181.44,113,32.941514,-96.525789,
48061012402,Census Tract 124.02,061,26.076494,-97.471399,
48113019216,Census Tract 192.16,113,32.970366,-96.749804,
48139060209,Census Tract 602.09,139,32.48332,-96.869304,
48497150101,Census Tract 1501.01,497,33.329513,-97.522369,
48497150402,Census Tract 1504.02,497,33.089543,-97.840461,
48497150300,Census Tract 1503,497,33.374041,-97.667809,
48497150603,Census Tract 1506.03,497,33.016019,-97.460542,
48497150500,Census Tract 1505,497,33.206378,-97.732076,
48497150403,Census Tract 1504.03,497,33.134366,-97.705367,
48047950200,Census Tract 9502,047,27.223507,-98.142017,
48047950100,Census Tract 9501,047,27.034994,-98.215276,
48453002109,Census Tract 21.09,453,30.281509,-97.690577,1
48229950300,Census Tract 9503,229,31.450868,-105.377549,
48039662900,Census Tract 6629,039,29.059833,-95.618041,
48039662800,Census Tract 6628,039,29.006647,-95.676984,
48453001913,Census Tract 19.13,453,30.31811,-97.79799,
48453000902,Census Tract 9.02,453,30.259192,-97.71597,3
48453001000,Census Tract 10,453,30.252831,-97.725829,3
48029191806,Census Tract 1918.06,029,29.616208,-98.535826,
48039662500,Census Tract 6625,039,29.117392,-95.541637,
48039664100,Census Tract 6641,039,29.081123,-95.326922,
48113008101,Census Tract 81.01,113,32.824978,-96.715582,
48039664000,Census Tract 6640,039,29.055553,-95.376856,
48113018151,Census Tract 181.51,113,32.953977,-96.601841,
48039660100,Census Tract 6601,039,29.550434,-95.232137,
48113013202,Census Tract 132.02,113,32.91761,-96.777637,
48039662200,Census Tract 6622,039,29.265241,-95.410362,
48039662400,Census Tract 6624,039,29.207326,-95.347031,
48039661200,Census Tract 6612,039,29.415103,-95.237839,
48039661000,Census Tract 6610,039,29.466274,-95.297554,
48113013012,Census Tract 130.12,113,32.871567,-96.713797,
48039663100,Census Tract 6631,039,29.077443,-95.472529,
48039662000,Census Tract 6620,039,29.227012,-95.682786,
48039664400,Census Tract 6644,039,28.911434,-95.383052,
48063950200,Census Tract 9502,063,32.995128,-94.956938,
48029121122,Census Tract 1211.22,029,29.575108,-98.426331,
48029191413,Census Tract 1914.13,029,29.577678,-98.522568,
48029191411,Census Tract 1914.11,029,29.567283,-98.511286,
48039661300,Census Tract 6613,039,29.428248,-95.258164,
48039661400,Census Tract 6614,039,29.409086,-95.259906,
48113008102,Census Tract 81.02,113,32.818183,-96.710746,
48179950300,Census Tract 9503,179,35.562482,-100.953517,
48039662100,Census Tract 6621,039,29.198058,-95.510702,
48085031704,Census Tract 317.04,085,32.992401,-96.836568,
48309001402,Census Tract 14.02,309,31.592011,-97.131555,
48309003710,Census Tract 37.10,309,31.4388,-97.195816,
48309003901,Census Tract 39.01,309,31.440951,-97.338423,
48309000401,Census Tract 4.01,309,31.544929,-97.129961,
48039663000,Census Tract 6630,039,29.007989,-95.538358,
48179950700,Census Tract 9507,179,35.532959,-100.97879,
48439110906,Census Tract 1109.06,439,32.652673,-97.477294,
48439111567,Census Tract 1115.67,439,32.618996,-97.127559,
48439105520,Census Tract 1055.20,439,32.661602,-97.440233,
48113013808,Census Tract 138.08,113,32.944017,-96.864456,
48439105519,Census Tract 1055.19,439,32.673814,-97.42455,
48439111003,Census Tract 1110.03,439,32.65553,-97.340624,
48113014704,Census Tract 147.04,113,32.822935,-96.927255,
48439104702,Census Tract 1047.02,439,32.674054,-97.33298,
48439111558,Census Tract 1115.58,439,32.699586,-97.105777,
48439111525,Census Tract 1115.25,439,32.683391,-97.108615,
48439111569,Census Tract 1115.69,439,32.684981,-97.088026,
48439111570,Census Tract 1115.70,439,32.685098,-97.070365,
48439111506,Census Tract 1115.06,439,32.715744,-97.161569,
48439105201,Census Tract 1052.01,439,32.730975,-97.458526,
48439111030,Census Tract 1110.30,439,32.560042,-97.326707,
48439110703,Census Tract 1107.03,439,32.748084,-97.470314,
48439110805,Census Tract 1108.05,439,32.749728,-97.492465,
48439102301,Census Tract 1023.01,439,32.727878,-97.440798,
48113007206,Census Tract 72.06,113,32.860804,-96.863044,
48113016420,Census Tract 164.20,113,32.691781,-97.009195,
48439123001,Census Tract 1230.01,439,32.744244,-97.430242,
48039663200,Census Tract 6632,039,29.052035,-95.448127,
48303001709,Census Tract 17.09,303,33.554226,-101.929071,
48303010511,Census Tract 105.11,303,33.499683,-101.863242,
48303001708,Census Tract 17.08,303,33.542489,-101.928548,
48113016524,Census Tract 165.24,113,32.565889,-96.98758,
48321730303,Census Tract 7303.03,321,28.945521,-95.86709,
48113014140,Census Tract 141.40,113,32.862162,-97.000182,
48029191813,Census Tract 1918.13,029,29.645145,-98.499439,
48339694700,Census Tract 6947,339,30.500406,-95.716396,
48113018146,Census Tract 181.46,113,32.884268,-96.57956,
48113018507,Census Tract 185.07,113,32.90743,-96.724128,
48113019045,Census Tract 190.45,113,32.92396,-96.702975,
48339690300,Census Tract 6903,339,30.208761,-95.729116,
48113019047,Census Tract 190.47,113,32.927346,-96.674194,
48359950100,Census Tract 9501,359,35.401921,-102.59762,
48339692900,Census Tract 6929,339,30.286782,-95.19495,
48439111402,Census Tract 1114.02,439,32.642457,-97.169682,
48029121813,Census Tract 1218.13,029,29.599393,-98.373347,
48303010510,Census Tract 105.10,303,33.498054,-101.895349,
48303010509,Census Tract 105.09,303,33.497249,-101.919707,
48303980000,Census Tract 9800,303,33.662402,-101.822053,
48029152202,Census Tract 1522.02,029,29.186904,-98.392789,
48113016527,Census Tract 165.27,113,32.639872,-96.975235,
48113000801,Census Tract 8.01,113,32.805577,-96.783017,
48113000902,Census Tract 9.02,113,32.810445,-96.777282,
48113014142,Census Tract 141.42,113,32.931064,-96.948607,
48113012801,Census Tract 128.01,113,32.861337,-96.68784,
48113021200,Census Tract 212,113,32.748092,-96.940344,
48113007915,Census Tract 79.15,113,32.862854,-96.761597,
48113012502,Census Tract 125.02,113,32.830947,-96.669946,
48113012501,Census Tract 125.01,113,32.828286,-96.66292,
48113016635,Census Tract 166.35,113,32.639707,-96.86992,
48113016534,Census Tract 165.34,113,32.689522,-96.901298,
48113007702,Census Tract 77.02,113,32.873977,-96.797095,
48113007830,Census Tract 78.30,113,32.869081,-96.759792,
48113014154,Census Tract 141.54,113,32.848364,-97.005251,
48113010001,Census Tract 100.01,113,32.823995,-96.855787,
48113007831,Census Tract 78.31,113,32.865692,-96.753998,
48113014147,Census Tract 141.47,113,32.8549,-97.014506,
48113016532,Census Tract 165.32,113,32.625828,-96.920193,
48113013807,Census Tract 138.07,113,32.929944,-96.866137,
48113014157,Census Tract 141.57,113,32.938367,-96.976415,
48113014156,Census Tract 141.56,113,32.939926,-96.964631,
48113014141,Census Tract 141.41,113,32.936845,-96.948775,
48113014314,Census Tract 143.14,113,32.864718,-96.965931,
48113014318,Census Tract 143.18,113,32.85253,-96.960174,
48113014155,Census Tract 141.55,113,32.941707,-96.959217,
48113014158,Census Tract 141.58,113,32.871404,-96.982107,
48113014409,Census Tract 144.09,113,32.826931,-97.02558,
48113014410,Census Tract 144.10,113,32.826399,-97.014302,
48113014316,Census Tract 143.16,113,32.848449,-96.970566,
48113015406,Census Tract 154.06,113,32.769191,-97.031665,
48113015002,Census Tract 150.02,113,32.783892,-96.943338,
48113014144,Census Tract 141.44,113,32.889849,-96.95007,
48113014313,Census Tract 143.13,113,32.876887,-96.952323,
48113014320,Census Tract 143.20,113,32.879253,-96.969251,
48113016634,Census Tract 166.34,113,32.62992,-96.845333,
48113007203,Census Tract 72.03,113,32.855502,-96.876408,
48113019215,Census Tract 192.15,113,32.953979,-96.762313,
48113019214,Census Tract 192.14,113,32.943428,-96.763083,
48113013729,Census Tract 137.29,113,32.947572,-96.895814,
48113002001,Census Tract 20.01,113,32.761777,-96.816742,
48113010002,Census Tract 100.02,113,32.772779,-96.813311,
48113000705,Census Tract 7.05,113,32.819848,-96.790723,
48113016636,Census Tract 166.36,113,32.625747,-96.897108,
48113020401,Census Tract 204.01,113,32.782054,-96.778761,
48113016528,Census Tract 165.28,113,32.656825,-96.951742,
48113016526,Census Tract 165.26,113,32.640349,-96.947917,
48113016419,Census Tract 164.19,113,32.686108,-97.020803,
48113016204,Census Tract 162.04,113,32.715938,-97.003442,
48113016536,Census Tract 165.36,113,32.669099,-96.899948,
48113000706,Census Tract 7.06,113,32.826547,-96.785815,
48113001901,Census Tract 19.01,113,32.794128,-96.807515,
48113001801,Census Tract 18.01,113,32.80415,-96.80131,
48113000703,Census Tract 7.03,113,32.812803,-96.794346,
48113001802,Census Tract 18.02,113,32.798483,-96.804556,
48113000610,Census Tract 6.10,113,32.825951,-96.826424,
48113000407,Census Tract 4.07,113,32.820757,-96.831108,
48113000408,Census Tract 4.08,113,32.818198,-96.82507,
48113015207,Census Tract 152.07,113,32.799023,-96.967838,
48113015102,Census Tract 151.02,113,32.804927,-96.953187,
48113015001,Census Tract 150.01,113,32.804784,-96.934427,
48113016533,Census Tract 165.33,113,32.700624,-96.922538,
48113016421,Census Tract 164.21,113,32.696896,-96.986899,
48113016414,Census Tract 164.14,113,32.671302,-97.010688,
48113000501,Census Tract 5.01,113,32.811236,-96.813863,
48113000503,Census Tract 5.03,113,32.808348,-96.815556,
48113000502,Census Tract 5.02,113,32.803484,-96.810931,
48113010905,Census Tract 109.05,113,32.656095,-96.872199,
48113000409,Census Tract 4.09,113,32.826894,-96.840299,
48113001902,Census Tract 19.02,113,32.790097,-96.810226,
48113000704,Census Tract 7.04,113,32.807427,-96.797136,
48113001705,Census Tract 17.05,113,32.791324,-96.797201,
48113000609,Census Tract 6.09,113,32.830247,-96.821368,
48113000611,Census Tract 6.11,113,32.821483,-96.820655,
48113003102,Census Tract 31.02,113,32.77872,-96.803889,
48113010808,Census Tract 108.08,113,32.717196,-96.906977,
48113006702,Census Tract 67.02,113,32.742566,-96.87721,
48113010806,Census Tract 108.06,113,32.697944,-96.867711,
48113011004,Census Tract 110.04,113,32.686145,-96.853189,
48113011003,Census Tract 110.03,113,32.680004,-96.847036,
48113013628,Census Tract 136.28,113,32.949269,-96.823739,
48113013629,Census Tract 136.29,113,32.941152,-96.81096,
48113014145,Census Tract 141.45,113,32.858751,-96.994149,
48435950300,Census Tract 9503,435,30.522185,-100.513359,
48113016711,Census Tract 167.11,113,32.656124,-96.781004,
48113011201,Census Tract 112.01,113,32.652326,-96.814493,
48113016707,Census Tract 167.07,113,32.610042,-96.7946,
48113007829,Census Tract 78.29,113,32.916819,-96.760779,
48113019044,Census Tract 190.44,113,32.92756,-96.691628,
48113019046,Census Tract 190.46,113,32.920003,-96.674158,
48113012212,Census Tract 122.12,113,32.797569,-96.705204,
48113016706,Census Tract 167.06,113,32.607958,-96.773299,
48113019048,Census Tract 190.48,113,32.934544,-96.65692,
48113017816,Census Tract 178.16,113,32.79577,-96.644516,
48113007832,Census Tract 78.32,113,32.868622,-96.754411,
48113018152,Census Tract 181.52,113,32.942263,-96.614852,
48113000901,Census Tract 9.01,113,32.816268,-96.784121,
48113000608,Census Tract 6.08,113,32.817673,-96.813324,
48113012213,Census Tract 122.13,113,32.804377,-96.704454,
48113010807,Census Tract 108.07,113,32.696268,-96.885901,
48113016415,Census Tract 164.15,113,32.659942,-97.009259,
48113007701,Census Tract 77.01,113,32.869425,-96.791055,
48113013728,Census Tract 137.28,113,32.942543,-96.881917,
48113015405,Census Tract 154.05,113,32.768995,-97.016558,
48113014139,Census Tract 141.39,113,32.85859,-97.002133,
48113010003,Census Tract 100.03,113,32.810087,-96.867917,
48113016418,Census Tract 164.18,113,32.693001,-97.030445,
48113013201,Census Tract 132.01,113,32.91768,-96.795977,
48113013106,Census Tract 131.06,113,32.893653,-96.775131,
48113016417,Census Tract 164.17,113,32.651189,-97.025006,
48113014146,Census Tract 141.46,113,32.863068,-96.994155,
48113013627,Census Tract 136.27,113,32.974478,-96.826905,
48113007205,Census Tract 72.05,113,32.863278,-96.868109,
48113007204,Census Tract 72.04,113,32.861048,-96.873054,
48113000410,Census Tract 4.10,113,32.843035,-96.86265,
48113014160,Census Tract 141.60,113,32.87499,-96.997862,
48113016637,Census Tract 166.37,113,32.629173,-96.887008,
48113014159,Census Tract 141.59,113,32.895637,-96.985912,
48113014150,Census Tract 141.50,113,32.922032,-96.974191,
48113014152,Census Tract 141.52,113,32.90091,-96.963555,
48113014317,Census Tract 143.17,113,32.856638,-96.952288,
48113014151,Census Tract 141.51,113,32.901086,-96.976403,
48113014319,Census Tract 143.19,113,32.883098,-96.968436,
48113014148,Census Tract 141.48,113,32.845188,-97.015388,
48113014315,Census Tract 143.15,113,32.840278,-96.967028,
48113014161,Census Tract 141.61,113,32.862,-97.01173,
48113014903,Census Tract 149.03,113,32.81165,-96.941054,
48201250404,Census Tract 2504.04,201,29.98954,-95.152725,
48201541801,Census Tract 5418.01,201,29.795697,-95.71202,
48201530702,Census Tract 5307.02,201,29.851632,-95.403984,
48201333904,Census Tract 3339.04,201,29.615043,-95.248219,
48201252304,Census Tract 2523.04,201,29.797762,-95.159024,
48029161000,Census Tract 1610,029,29.34255,-98.570024,
48201252003,Census Tract 2520.03,201,29.963064,-95.158394,
48201233104,Census Tract 2331.04,201,29.776603,-95.16627,
48481740500,Census Tract 7405,481,29.376189,-96.018417,
48481740800,Census Tract 7408,481,29.244414,-96.232965,
48481741000,Census Tract 7410,481,29.106573,-96.218088,
48481740300,Census Tract 7403,481,29.300335,-96.14572,
48481741100,Census Tract 7411,481,29.170189,-96.433355,
48029170600,Census Tract 1706,029,29.451955,-98.550051,
48029170700,Census Tract 1707,029,29.443273,-98.550762,
48029170800,Census Tract 1708,029,29.435138,-98.547956,
48029170900,Census Tract 1709,029,29.422806,-98.54833,
48029171000,Census Tract 1710,029,29.423161,-98.559606,
48029171200,Census Tract 1712,029,29.4364,-98.565641,
48441013300,Census Tract 133,441,32.492297,-99.681792,
48441013402,Census Tract 134.02,441,32.362767,-99.817334,
48441011700,Census Tract 117,441,32.446236,-99.741587,
48247950400,Census Tract 9504,247,27.053231,-98.747572,
48051970400,Census Tract 9704,051,30.462796,-96.451389,
48051970100,Census Tract 9701,051,30.629396,-96.628015,
48051970300,Census Tract 9703,051,30.533013,-96.700918,
48029161100,Census Tract 1611,029,29.326954,-98.576288,
48029190603,Census Tract 1906.03,029,29.473431,-98.50359,
48113009001,Census Tract 90.01,113,32.76644,-96.677092,
48029191405,Census Tract 1914.05,029,29.575846,-98.538616,
48029190604,Census Tract 1906.04,029,29.474672,-98.513672,
48029181729,Census Tract 1817.29,029,29.526109,-98.744525,
48029161302,Census Tract 1613.02,029,29.333521,-98.612139,
48029980100,Census Tract 9801,029,29.389789,-98.582398,
48029161501,Census Tract 1615.01,029,29.364848,-98.607354,
48029171700,Census Tract 1717,029,29.435622,-98.626005,
48029171802,Census Tract 1718.02,029,29.40554,-98.635293,
48113016630,Census Tract 166.30,113,32.60275,-96.916364,
48085031645,Census Tract 316.45,085,33.05069,-96.836426,
48029171903,Census Tract 1719.03,029,29.406907,-98.655107,
48453000102,Census Tract 1.02,453,30.326272,-97.766801,10
48453002104,Census Tract 21.04,453,30.314734,-97.696573,4
48259970301,Census Tract 9703.01,259,29.888101,-98.759304,
48029131609,Census Tract 1316.09,029,29.502902,-98.32847,
48113007834,Census Tract 78.34,113,32.901077,-96.721879,
48005000400,Census Tract 4,005,31.341594,-94.754324,
48029191815,Census Tract 1918.15,029,29.629558,-98.508569,
48005000700,Census Tract 7,005,31.336507,-94.725812,
48005000500,Census Tract 5,005,31.370955,-94.737445,
48005001200,Census Tract 12,005,31.139036,-94.355221,
48005000102,Census Tract 1.02,005,31.310594,-94.872946,
48005000800,Census Tract 8,005,31.311731,-94.702881,
48005000600,Census Tract 6,005,31.348155,-94.697115,
48005001300,Census Tract 13,005,31.190628,-94.512511,
48453000203,Census Tract 2.03,453,30.31262,-97.736666,9
48453000302,Census Tract 3.02,453,30.302559,-97.726503,9
48453000401,Census Tract 4.01,453,30.288248,-97.725056,9
48085031646,Census Tract 316.46,085,33.053109,-96.813482,
48085031647,Census Tract 316.47,085,33.035951,-96.836753,
48113011604,Census Tract 116.04,113,32.688583,-96.651876,
48085031649,Census Tract 316.49,085,33.020767,-96.818014,
48453001503,Census Tract 15.03,453,30.327256,-97.715769,4
48113007835,Census Tract 78.35,113,32.897345,-96.724207,
48453001402,Census Tract 14.02,453,30.243658,-97.741163,9
48453001504,Census Tract 15.04,453,30.346544,-97.725086,7
48453001505,Census Tract 15.05,453,30.336386,-97.730429,7
48453001501,Census Tract 15.01,453,30.346578,-97.743305,7
48453001602,Census Tract 16.02,453,30.290081,-97.778202,10
48113016633,Census Tract 166.33,113,32.59281,-96.878355,
48113011603,Census Tract 116.03,113,32.695825,-96.673138,
48113017819,Census Tract 178.19,113,32.816485,-96.632408,
48113014207,Census Tract 142.07,113,32.872297,-96.941308,
48113017005,Census Tract 170.05,113,32.650164,-96.601214,
48113017009,Census Tract 170.09,113,32.6907,-96.566601,
48113017007,Census Tract 170.07,113,32.675195,-96.559715,
48121020317,Census Tract 203.17,121,33.090805,-97.212297,
48121020314,Census Tract 203.14,121,33.112825,-97.258109,
48113017706,Census Tract 177.06,113,32.774488,-96.586127,
48113017817,Census Tract 178.17,113,32.806238,-96.620585,
48113018158,Census Tract 181.58,113,32.772188,-96.530322,
48113017313,Census Tract 173.13,113,32.727158,-96.53396,
48113018154,Census Tract 181.54,113,32.978597,-96.573781,
48121021653,Census Tract 216.53,121,33.056145,-96.881784,
48121020316,Census Tract 203.16,121,33.126436,-97.169074,
48113018157,Census Tract 181.57,113,32.92993,-96.580886,
48453002002,Census Tract 20.02,453,30.223095,-97.784819,5
48453002004,Census Tract 20.04,453,30.236068,-97.788227,5
48121020404,Census Tract 204.04,121,33.292512,-97.152147,
48121020129,Census Tract 201.29,121,33.333514,-96.89556,
48121020116,Census Tract 201.16,121,33.279561,-96.978642,
48121020123,Census Tract 201.23,121,33.263171,-96.908067,
48121021530,Census Tract 215.30,121,33.07635,-96.879669,
48121021655,Census Tract 216.55,121,33.067194,-96.86426,
48121021417,Census Tract 214.17,121,33.151213,-97.088573,
48121021419,Census Tract 214.19,121,33.144714,-97.070766,
48121021420,Census Tract 214.20,121,33.136131,-97.081781,
48121021421,Census Tract 214.21,121,33.134928,-97.061657,
48029171601,Census Tract 1716.01,029,29.418353,-98.619854,
48121020320,Census Tract 203.20,121,33.017258,-97.346239,
48029171922,Census Tract 1719.22,029,29.413759,-98.690938,
48121020318,Census Tract 203.18,121,33.147665,-97.177645,
48121021423,Census Tract 214.23,121,33.140609,-97.117518,
48121021642,Census Tract 216.42,121,32.990277,-96.84953,
48121021415,Census Tract 214.15,121,33.188966,-97.076211,
48121021650,Census Tract 216.50,121,33.03189,-96.923801,
48121021539,Census Tract 215.39,121,33.145327,-96.876007,
48121021529,Census Tract 215.29,121,33.160362,-96.880065,
48113018300,Census Tract 183,113,32.886036,-96.643044,
48113018401,Census Tract 184.01,113,32.87113,-96.656441,
48113018402,Census Tract 184.02,113,32.871746,-96.640434,
48113018403,Census Tract 184.03,113,32.861126,-96.65075,
48113018145,Census Tract 181.45,113,32.880985,-96.556997,
48113018600,Census Tract 186,113,32.901665,-96.657186,
48113018700,Census Tract 187,113,32.901678,-96.639864,
48029161504,Census Tract 1615.04,029,29.35526,-98.61709,
48113016529,Census Tract 165.29,113,32.619851,-96.961139,
48029171602,Census Tract 1716.02,029,29.42294,-98.608069,
48029171919,Census Tract 1719.19,029,29.391574,-98.685098,
48113018149,Census Tract 181.49,113,32.919536,-96.526311,
48113018143,Census Tract 181.43,113,32.95171,-96.538951,
48113019101,Census Tract 191.01,113,32.94816,-96.733932,
48113016416,Census Tract 164.16,113,32.613848,-97.025353,
48113016525,Census Tract 165.25,113,32.569217,-97.020196,
48113017818,Census Tract 178.18,113,32.798458,-96.617647,
48113017705,Census Tract 177.05,113,32.786627,-96.601519,
48113016710,Census Tract 167.10,113,32.657844,-96.764173,
48113008401,Census Tract 84.01,113,32.769262,-96.709697,
48113018148,Census Tract 181.48,113,32.858076,-96.598126,
48113018156,Census Tract 181.56,113,32.913969,-96.58333,
48113016629,Census Tract 166.29,113,32.5976,-96.930782,
48113018153,Census Tract 181.53,113,32.964336,-96.591146,
48113018159,Census Tract 181.59,113,32.811384,-96.555741,
48113009203,Census Tract 92.03,113,32.738722,-96.673747,
48113009002,Census Tract 90.02,113,32.753582,-96.672211,
48113019102,Census Tract 191.02,113,32.948905,-96.722558,
48113007833,Census Tract 78.33,113,32.866576,-96.747268,
48113017312,Census Tract 173.12,113,32.751702,-96.574342,
48113012102,Census Tract 121.02,113,32.77089,-96.664307,
48113016805,Census Tract 168.05,113,32.597776,-96.814312,
48297950200,Census Tract 9502,297,28.335038,-98.111533,
48297950400,Census Tract 9504,297,28.20191,-97.898305,
48297950300,Census Tract 9503,297,28.224496,-98.118583,
48439111531,Census Tract 1115.31,439,32.668699,-97.177469,
48439111533,Census Tract 1115.33,439,32.654396,-97.148896,
48439111534,Census Tract 1115.34,439,32.654814,-97.178191,
48113018802,Census Tract 188.02,113,32.91288,-96.640597,
48113018900,Census Tract 189,113,32.920254,-96.657316,
48113019013,Census Tract 190.13,113,32.912859,-96.674277,
48029141101,Census Tract 1411.01,029,29.358035,-98.455578,
48029131401,Census Tract 1314.01,029,29.372227,-98.375934,
48029141102,Census Tract 1411.02,029,29.362696,-98.445344,
48423980000,Census Tract 9800,423,32.355745,-95.403333,
48029141404,Census Tract 1414.04,029,29.366784,-98.425703,
48029151302,Census Tract 1513.02,029,29.329025,-98.525103,
48029160902,Census Tract 1609.02,029,29.369555,-98.55704,
48471790200,Census Tract 7902,471,30.610367,-95.420592,
48115950402,Census Tract 9504.02,115,32.71167,-101.99352,
48471790500,Census Tract 7905,471,30.731732,-95.564556,
48479001004,Census Tract 10.04,479,27.505671,-99.469325,
48439113803,Census Tract 1138.03,439,32.887337,-97.249383,
48439113808,Census Tract 1138.08,439,32.874711,-97.248409,
48439111545,Census Tract 1115.45,439,32.694166,-97.159125,
48499950602,Census Tract 9506.02,499,32.711743,-95.20736,
48499950301,Census Tract 9503.01,499,32.788707,-95.373293,
48499950601,Census Tract 9506.01,499,32.631453,-95.268261,
48429950500,Census Tract 9505,429,32.731431,-98.829111,
48439113102,Census Tract 1131.02,439,32.791682,-97.118555,
48439113104,Census Tract 1131.04,439,32.777833,-97.08844,
48439113107,Census Tract 1131.07,439,32.769751,-97.11903,
48113019016,Census Tract 190.16,113,32.919513,-96.742181,
48113019020,Census Tract 190.20,113,32.936807,-96.675742,
48113019023,Census Tract 190.23,113,32.950006,-96.690687,
48113019024,Census Tract 190.24,113,32.938214,-96.691289,
48113019025,Census Tract 190.25,113,32.946311,-96.629702,
48029121606,Census Tract 1216.06,029,29.556471,-98.33653,
48225950300,Census Tract 9503,225,31.324704,-95.45948,
48189950400,Census Tract 9504,189,34.185864,-101.728193,
48329001100,Census Tract 11,329,31.989369,-102.099094,
48189950300,Census Tract 9503,189,34.193884,-101.747086,
48189950900,Census Tract 9509,189,33.90979,-101.910034,
48189950500,Census Tract 9505,189,34.177084,-101.71241,
48029161304,Census Tract 1613.04,029,29.345341,-98.593554,
48029161901,Census Tract 1619.01,029,29.308073,-98.690481,
48029160502,Census Tract 1605.02,029,29.402745,-98.539376,
48439113213,Census Tract 1132.13,439,32.831224,-97.222337,
48029161802,Census Tract 1618.02,029,29.334974,-98.657959,
48189950700,Census Tract 9507,189,34.07216,-101.931773,
48189950600,Census Tract 9506,189,34.195664,-101.785849,
48439113214,Census Tract 1132.14,439,32.871254,-97.234056,
48189950100,Census Tract 9501,189,34.199656,-101.690865,
48189950800,Census Tract 9508,189,33.930292,-101.653848,
48225950700,Census Tract 9507,225,31.103309,-95.519364,
48225950200,Census Tract 9502,225,31.242869,-95.641627,
48225950500,Census Tract 9505,225,31.308551,-95.371263,
48225950600,Census Tract 9506,225,31.367554,-95.125278,
48329000100,Census Tract 1,329,32.034333,-102.07145,
48329000401,Census Tract 4.01,329,31.992527,-102.143609,
48439102402,Census Tract 1024.02,439,32.711393,-97.430823,
48439110808,Census Tract 1108.08,439,32.670384,-97.520254,
48439110901,Census Tract 1109.01,439,32.706927,-97.46284,
48439102302,Census Tract 1023.02,439,32.705117,-97.44656,
48439110903,Census Tract 1109.03,439,32.688259,-97.418119,
48439111560,Census Tract 1115.60,439,32.639411,-97.09699,
48439111568,Census Tract 1115.68,439,32.618642,-97.106468,
48329000500,Census Tract 5,329,32.000667,-102.104185,
48329000304,Census Tract 3.04,329,32.024863,-102.13542,
48439113216,Census Tract 1132.16,439,32.853771,-97.2277,
48439113217,Census Tract 1132.17,439,32.843377,-97.222405,
48329001200,Census Tract 12,329,31.984581,-102.12649,
48113019026,Census Tract 190.26,113,32.937905,-96.63925,
48113019027,Census Tract 190.27,113,32.957125,-96.640784,
48113019028,Census Tract 190.28,113,32.956219,-96.674884,
48329001300,Census Tract 13,329,31.973825,-102.132971,
48143950201,Census Tract 9502.01,143,32.254053,-98.130699,
48329001400,Census Tract 14,329,31.980979,-102.078665,
48225950400,Census Tract 9504,225,31.307497,-95.456634,
48353950100,Census Tract 9501,353,32.444247,-100.344697,
48353950500,Census Tract 9505,353,32.267164,-100.418308,
48201324200,Census Tract 3242,201,29.715296,-95.242881,
48353950200,Census Tract 9502,353,32.482809,-100.397217,
48201542108,Census Tract 5421.08,201,29.875742,-95.696847,
48329000305,Census Tract 3.05,329,32.028981,-102.118903,
48353950400,Census Tract 9504,353,32.463019,-100.393237,
48113017315,Census Tract 173.15,113,32.711058,-96.592859,
48353950300,Census Tract 9503,353,32.468515,-100.421243,
48113017310,Census Tract 173.10,113,32.736451,-96.550142,
48223950402,Census Tract 9504.02,223,33.13862,-95.619864,
48223950401,Census Tract 9504.01,223,33.121677,-95.605587,
48191950500,Census Tract 9505,191,34.502425,-100.707457,
48329001700,Census Tract 17,329,32.013371,-102.060941,
48201324101,Census Tract 3241.01,201,29.714309,-95.205122,
48113017400,Census Tract 174,113,32.755516,-96.591171,
48461950100,Census Tract 9501,461,31.382144,-101.960601,
48461950200,Census Tract 9502,461,31.345993,-102.207828,
48201343601,Census Tract 3436.01,201,29.715485,-95.070988,
48201343602,Census Tract 3436.02,201,29.664711,-95.00738,
48201340201,Census Tract 3402.01,201,29.611177,-95.161303,
48201324102,Census Tract 3241.02,201,29.731364,-95.179086,
48201340202,Census Tract 3402.02,201,29.613327,-95.139827,
48113021100,Census Tract 211,113,32.735681,-96.772491,
48113016632,Census Tract 166.32,113,32.584759,-96.864577,
48113016628,Census Tract 166.28,113,32.58253,-96.848315,
48113011901,Census Tract 119.01,113,32.741062,-96.6557,
48113011902,Census Tract 119.02,113,32.741458,-96.639815,
48113009204,Census Tract 92.04,113,32.745597,-96.671806,
48439111553,Census Tract 1115.53,439,32.682416,-97.139897,
48113011802,Census Tract 118.02,113,32.727053,-96.655259,
48113017307,Census Tract 173.07,113,32.756994,-96.557463,
48113016627,Census Tract 166.27,113,32.578822,-96.83243,
48113011801,Census Tract 118.01,113,32.72675,-96.64048,
48113001601,Census Tract 16.01,113,32.801036,-96.789693,
48113007828,Census Tract 78.28,113,32.913774,-96.750939,
48439111024,Census Tract 1110.24,439,32.621803,-97.377578,
48113013013,Census Tract 130.13,113,32.869091,-96.725146,
48113002703,Census Tract 27.03,113,32.772568,-96.743571,
48439113956,Census Tract 1139.56,439,32.954734,-97.135682,
48113020900,Census Tract 209,113,32.751444,-96.772566,
48113018147,Census Tract 181.47,113,32.867841,-96.585656,
48113021000,Census Tract 210,113,32.744517,-96.804258,
48113017308,Census Tract 173.08,113,32.743937,-96.56288,
48113007102,Census Tract 71.02,113,32.843158,-96.82849,
48113017203,Census Tract 172.03,113,32.733447,-96.604633,
48113017311,Census Tract 173.11,113,32.761293,-96.578172,
48439106002,Census Tract 1060.02,439,32.648047,-97.297864,
48113017314,Census Tract 173.14,113,32.72194,-96.57693,
48113017006,Census Tract 170.06,113,32.607826,-96.556351,
48113012101,Census Tract 121.01,113,32.766198,-96.65223,
48113017820,Census Tract 178.20,113,32.810178,-96.643825,
48113016806,Census Tract 168.06,113,32.598139,-96.795875,
48113016631,Census Tract 166.31,113,32.591702,-96.894263,
48439113510,Census Tract 1135.10,439,32.844412,-97.072256,
48113020402,Census Tract 204.02,113,32.768722,-96.792961,
48113017204,Census Tract 172.04,113,32.710611,-96.611361,
48439111530,Census Tract 1115.30,439,32.668707,-97.151844,
48113017008,Census Tract 170.08,113,32.684553,-96.537942,
48439113712,Census Tract 1137.12,439,32.932013,-97.076299,
48113018155,Census Tract 181.55,113,32.969291,-96.551425,
48113017815,Census Tract 178.15,113,32.805268,-96.632422,
48113016709,Census Tract 167.09,113,32.637339,-96.765885,
48157672202,Census Tract 6722.02,157,29.626621,-95.627849,
48439100800,Census Tract 1008,439,32.774846,-97.356589,
48439113810,Census Tract 1138.10,439,32.855041,-97.249498,
48439102201,Census Tract 1022.01,439,32.753407,-97.38566,
48439102102,Census Tract 1021.02,439,32.764765,-97.370845,
48439113709,Census Tract 1137.09,439,32.895428,-97.091002,
48439113640,Census Tract 1136.40,439,32.904867,-97.162151,
48439105206,Census Tract 1052.06,439,32.727894,-97.470654,
48439100700,Census Tract 1007,439,32.768225,-97.381506,
48061980001,Census Tract 9800.01,061,26.22759,-97.654544,
48439113212,Census Tract 1132.12,439,32.831385,-97.243792,
48439113302,Census Tract 1133.02,439,32.803763,-97.231148,
48439100505,Census Tract 1005.05,439,32.815738,-97.389954,
48439114003,Census Tract 1140.03,439,32.880952,-97.357527,
48439113950,Census Tract 1139.50,439,32.923616,-97.266771,
48439113951,Census Tract 1139.51,439,32.931543,-97.237874,
48439113925,Census Tract 1139.25,439,32.878347,-97.295978,
48439114111,Census Tract 1141.11,439,32.953372,-97.378636,
48439113632,Census Tract 1136.32,439,32.902751,-97.114646,
48439106509,Census Tract 1065.09,439,32.784465,-97.158817,
48439113916,Census Tract 1139.16,439,32.866831,-97.298366,
48439110206,Census Tract 1102.06,439,32.851726,-97.271812,
48439113811,Census Tract 1138.11,439,32.844049,-97.254686,
48439100201,Census Tract 1002.01,439,32.802942,-97.33153,
48439110301,Census Tract 1103.01,439,32.792702,-97.257415,
48439110104,Census Tract 1101.04,439,32.829802,-97.259452,
48439113944,Census Tract 1139.44,439,32.947666,-97.274817,
48439980000,Census Tract 9800,439,32.903194,-97.053125,
48439113707,Census Tract 1137.07,439,32.966982,-97.108413,
48439113714,Census Tract 1137.14,439,32.959304,-97.08626,
48439113716,Census Tract 1137.16,439,32.95307,-97.067091,
48439113634,Census Tract 1136.34,439,32.902383,-97.132213,
48439110600,Census Tract 1106,439,32.761945,-97.423257,
48439123002,Census Tract 1230.02,439,32.742697,-97.415542,
48439110500,Census Tract 1105,439,32.776673,-97.398426,
48439100506,Census Tract 1005.06,439,32.80368,-97.374315,
48113018105,Census Tract 181.05,113,32.919657,-96.620847,
48439113711,Census Tract 1137.11,439,32.947079,-97.098546,
48439111563,Census Tract 1115.63,439,32.641191,-97.051226,
48439113713,Census Tract 1137.13,439,32.931557,-97.101675,
48439114206,Census Tract 1142.06,439,32.84199,-97.511472,
48439110402,Census Tract 1104.02,439,32.802738,-97.402064,
48439113814,Census Tract 1138.14,439,32.899233,-97.198223,
48439106526,Census Tract 1065.26,439,32.793694,-97.194034,
48439113917,Census Tract 1139.17,439,32.866672,-97.272798,
48439111103,Census Tract 1111.03,439,32.668502,-97.258632,
48439106400,Census Tract 1064,439,32.693684,-97.234279,
48439102101,Census Tract 1021.01,439,32.754329,-97.370692,
48439113933,Census Tract 1139.33,439,32.924362,-97.312271,
48439114015,Census Tract 1140.15,439,32.864567,-97.37232,
48439105009,Census Tract 1050.09,439,32.817866,-97.319,
48439111405,Census Tract 1114.05,439,32.633651,-97.230514,
48439105403,Census Tract 1054.03,439,32.717718,-97.37266,
48439113639,Census Tract 1136.39,439,32.890498,-97.1676,
48439113812,Census Tract 1138.12,439,32.903396,-97.246965,
48439113954,Census Tract 1139.54,439,32.970314,-97.194975,
48439113952,Census Tract 1139.52,439,32.940717,-97.23411,
48439106520,Census Tract 1065.20,439,32.762373,-97.231799,
48439111029,Census Tract 1110.29,439,32.565025,-97.339802,
48439101201,Census Tract 1012.01,439,32.77949,-97.245763,
48415950600,Census Tract 9506,415,32.618367,-100.798639,
48439106006,Census Tract 1060.06,439,32.641927,-97.340741,
48415950300,Census Tract 9503,415,32.700221,-100.936898,
48415950200,Census Tract 9502,415,32.726655,-101.084757,
48415950100,Census Tract 9501,415,32.851894,-100.831749,
48439113624,Census Tract 1136.24,439,32.85558,-97.115827,
48439113625,Census Tract 1136.25,439,32.863797,-97.145479,
48439113626,Census Tract 1136.26,439,32.856498,-97.146052,
48113019029,Census Tract 190.29,113,32.948177,-96.666368,
48029131506,Census Tract 1315.06,029,29.434696,-98.372358,
48029130401,Census Tract 1304.01,029,29.408042,-98.454397,
48439105706,Census Tract 1057.06,439,32.641616,-97.353888,
48029121702,Census Tract 1217.02,029,29.569166,-98.314782,
48029131402,Census Tract 1314.02,029,29.405829,-98.369951,
48029121810,Census Tract 1218.10,029,29.591712,-98.403162,
48439105518,Census Tract 1055.18,439,32.654578,-97.4202,
48439105515,Census Tract 1055.15,439,32.63804,-97.404112,
48439105705,Census Tract 1057.05,439,32.642136,-97.36445,
48111950100,Census Tract 9501,111,36.28637,-102.59402,
48029131612,Census Tract 1316.12,029,29.464803,-98.321192,
48085031635,Census Tract 316.35,085,33.062977,-96.704738,
48085031636,Census Tract 316.36,085,33.064166,-96.760692,
48333950100,Census Tract 9501,333,31.545302,-98.609012,
48329010105,Census Tract 101.05,329,32.018999,-102.149769,
48329010108,Census Tract 101.08,329,32.047222,-102.100061,
48333950200,Census Tract 9502,333,31.382851,-98.596775,
48085031639,Census Tract 316.39,085,33.10826,-96.759339,
48085031641,Census Tract 316.41,085,33.093687,-96.741784,
48085031642,Census Tract 316.42,085,33.07876,-96.743436,
48439113630,Census Tract 1136.30,439,32.846821,-97.140197,
48113019031,Census Tract 190.31,113,32.974462,-96.679438,
48113019034,Census Tract 190.34,113,32.920919,-96.726119,
48113019035,Census Tract 190.35,113,32.912625,-96.725847,
48113019036,Census Tract 190.36,113,32.982017,-96.694673,
48113019037,Census Tract 190.37,113,32.965814,-96.690071,
48113019202,Census Tract 192.02,113,32.94594,-96.74683,
48113019203,Census Tract 192.03,113,32.956854,-96.741643,
48331950401,Census Tract 9504.01,331,30.840293,-96.92105,
48217961400,Census Tract 9614,217,31.851512,-96.880397,
48113017101,Census Tract 171.01,113,32.695771,-96.603633,
48113017201,Census Tract 172.01,113,32.724627,-96.625142,
48113019205,Census Tract 192.05,113,32.97389,-96.760119,
48113019208,Census Tract 192.08,113,32.932155,-96.765252,
48245000307,Census Tract 3.07,245,30.118438,-94.193671,
48245000310,Census Tract 3.10,245,30.083047,-94.180346,
48439113942,Census Tract 1139.42,439,32.966524,-97.274027,
48439114014,Census Tract 1140.14,439,32.869149,-97.38381,
48439113939,Census Tract 1139.39,439,32.947274,-97.289602,
48439113222,Census Tract 1132.22,439,32.840775,-97.197884,
48439114013,Census Tract 1140.13,439,32.839732,-97.378425,
48439113930,Census Tract 1139.30,439,32.881021,-97.337075,
48439111564,Census Tract 1115.64,439,32.617341,-97.061484,
48201251000,Census Tract 2510,201,30.034608,-95.188607,
48439105008,Census Tract 1050.08,439,32.850019,-97.324983,
48329000302,Census Tract 3.02,329,32.010811,-102.130884,
48329000303,Census Tract 3.03,329,32.014688,-102.114349,
48329010106,Census Tract 101.06,329,32.006837,-102.147891,
48329000200,Census Tract 2,329,32.028007,-102.096745,
48329000402,Census Tract 4.02,329,31.99677,-102.126337,
48329000600,Census Tract 6,329,32.009733,-102.088944,
48113017805,Census Tract 178.05,113,32.786938,-96.647362,
48113017806,Census Tract 178.06,113,32.804562,-96.659924,
48113017602,Census Tract 176.02,113,32.770889,-96.640703,
48113019210,Census Tract 192.10,113,32.981117,-96.72854,
48113019211,Census Tract 192.11,113,32.9696,-96.732062,
48113019301,Census Tract 193.01,113,32.856345,-96.781852,
48113004300,Census Tract 43,113,32.772493,-96.839444,
48113019400,Census Tract 194,113,32.847755,-96.791368,
48113019501,Census Tract 195.01,113,32.858022,-96.799396,
48039664300,Census Tract 6643,039,28.969019,-95.35789,
48039662600,Census Tract 6626,039,29.102693,-95.642946,
48039664501,Census Tract 6645.01,039,28.921521,-95.489658,
48039661700,Census Tract 6617,039,29.221493,-95.183098,
48039661800,Census Tract 6618,039,29.373445,-95.38597,
48113017811,Census Tract 178.11,113,32.819651,-96.604414,
48113017812,Census Tract 178.12,113,32.816792,-96.621814,
48113017808,Census Tract 178.08,113,32.82915,-96.606716,
48113017814,Census Tract 178.14,113,32.802213,-96.60294,
48113017900,Census Tract 179,113,32.817607,-96.654633,
48113019502,Census Tract 195.02,113,32.844607,-96.806319,
48113019600,Census Tract 196,113,32.831427,-96.787641,
48113019700,Census Tract 197,113,32.832828,-96.796792,
48231960600,Census Tract 9606,231,33.238623,-95.905805,
48113019800,Census Tract 198,113,32.829488,-96.810006,
48113019900,Census Tract 199,113,32.73811,-96.888595,
48113013607,Census Tract 136.07,113,32.956312,-96.777801,
48231960100,Census Tract 9601,231,33.310098,-95.945338,
48439113623,Census Tract 1136.23,439,32.862552,-97.114884,
48421950200,Census Tract 9502,421,36.278593,-101.899265,
48299970600,Census Tract 9706,299,30.717682,-98.431298,
48299970100,Census Tract 9701,299,30.822327,-98.710487,
48299970300,Census Tract 9703,299,30.613177,-98.699671,
48299970200,Census Tract 9702,299,30.749784,-98.675337,
48225950101,Census Tract 9501.01,225,31.479598,-95.601708,
48225950102,Census Tract 9501.02,225,31.503316,-95.312822,
48241950400,Census Tract 9504,241,30.881362,-94.033831,
48241950800,Census Tract 9508,241,30.435318,-93.968622,
48241950300,Census Tract 9503,241,30.903863,-93.997539,
48241950600,Census Tract 9506,241,30.659267,-93.897919,
48241950500,Census Tract 9505,241,30.701992,-93.99769,
48241950200,Census Tract 9502,241,30.930917,-94.005893,
48243950100,Census Tract 9501,243,30.625357,-104.191873,
48367140601,Census Tract 1406.01,367,32.720736,-97.953953,
48367140300,Census Tract 1403,367,32.752776,-97.827589,
48367140403,Census Tract 1404.03,367,32.975332,-97.673799,
48201254300,Census Tract 2543,201,29.741882,-94.974773,
48201254400,Census Tract 2544,201,29.726499,-94.977166,
48201254600,Census Tract 2546,201,29.716334,-95.000952,
48201310200,Census Tract 3102,201,29.743474,-95.351127,
48201310300,Census Tract 3103,201,29.736456,-95.335975,
48113010101,Census Tract 101.01,113,32.787831,-96.848806,
48113010102,Census Tract 101.02,113,32.783039,-96.834538,
48201310500,Census Tract 3105,201,29.74656,-95.316785,
48287000100,Census Tract 1,287,30.419836,-97.083966,
48287000300,Census Tract 3,287,30.09451,-96.985928,
48287000400,Census Tract 4,287,30.18225,-96.928431,
48287000200,Census Tract 2,287,30.310266,-96.90164,
48113018001,Census Tract 180.01,113,32.833568,-96.644637,
48113010500,Census Tract 105,113,32.776847,-96.887595,
48113010601,Census Tract 106.01,113,32.787455,-96.897992,
48439114110,Census Tract 1141.10,439,32.927868,-97.397064,
48439104302,Census Tract 1043.02,439,32.715984,-97.34817,
48439106522,Census Tract 1065.22,439,32.769677,-97.20437,
48439113937,Census Tract 1139.37,439,32.906281,-97.311087,
48113010602,Census Tract 106.02,113,32.774042,-96.915626,
48201251100,Census Tract 2511,201,30.035486,-95.236521,
48113020100,Census Tract 201,113,32.82119,-96.912553,
48113020200,Census Tract 202,113,32.685528,-96.710703,
48339692702,Census Tract 6927.02,339,30.215843,-95.215043,
48339692009,Census Tract 6920.09,339,30.095138,-95.380865,
48201251200,Census Tract 2512,201,30.057797,-95.223459,
48339694401,Census Tract 6944.01,339,30.32737,-95.565243,
48339694502,Census Tract 6945.02,339,30.277292,-95.62053,
48339694503,Census Tract 6945.03,339,30.292251,-95.554901,
48339690102,Census Tract 6901.02,339,30.117162,-95.733723,
48113014128,Census Tract 141.28,113,32.934279,-96.959495,
48113016522,Census Tract 165.22,113,32.60169,-96.981431,
48113017606,Census Tract 176.06,113,32.757114,-96.629021,
48113000606,Census Tract 6.06,113,32.815977,-96.801019,
48293970800,Census Tract 9708,293,31.366149,-96.523781,
48293970600,Census Tract 9706,293,31.532635,-96.612243,
48293970200,Census Tract 9702,293,31.664282,-96.492871,
48293970300,Census Tract 9703,293,31.687106,-96.504249,
48293970400,Census Tract 9704,293,31.666675,-96.485096,
48293970700,Census Tract 9707,293,31.533475,-96.371147,
48293970100,Census Tract 9701,293,31.697236,-96.745387,
48201251300,Census Tract 2513,201,30.054215,-95.197678,
48339694403,Census Tract 6944.03,339,30.369769,-95.660106,
48339692302,Census Tract 6923.02,339,30.107488,-95.295631,
48339693800,Census Tract 6938,339,30.36248,-95.473601,
48339693903,Census Tract 6939.03,339,30.321733,-95.4494,
48113018110,Census Tract 181.10,113,32.882835,-96.60093,
48339693701,Census Tract 6937.01,339,30.364165,-95.538533,
48339690503,Census Tract 6905.03,339,30.243176,-95.489248,
48439114205,Census Tract 1142.05,439,32.870948,-97.532265,
48029121906,Census Tract 1219.06,029,29.613775,-98.450532,
48439111565,Census Tract 1115.65,439,32.590541,-97.06376,
48113001102,Census Tract 11.02,113,32.817952,-96.757371,
48439111028,Census Tract 1110.28,439,32.585854,-97.343615,
48439106005,Census Tract 1060.05,439,32.648426,-97.326212,
48439111033,Census Tract 1110.33,439,32.59559,-97.408318,
48439110807,Census Tract 1108.07,439,32.726627,-97.514597,
48113001204,Census Tract 12.04,113,32.798718,-96.748398,
48439111204,Census Tract 1112.04,439,32.564851,-97.277303,
48339692804,Census Tract 6928.04,339,30.185381,-95.174958,
48339693201,Census Tract 6932.01,339,30.270729,-95.428911,
48339690502,Census Tract 6905.02,339,30.251225,-95.521737,
48339693302,Census Tract 6933.02,339,30.299661,-95.475287,
48339694103,Census Tract 6941.03,339,30.398173,-95.438152,
48091310100,Census Tract 3101,091,29.69828,-98.123523,
48127950400,Census Tract 9504,127,28.401173,-99.650004,
48347950600,Census Tract 9506,347,31.624327,-94.649718,
48227950802,Census Tract 9508.02,227,32.207546,-101.521277,
48121020204,Census Tract 202.04,121,33.38404,-97.245502,
48121020205,Census Tract 202.05,121,33.32257,-97.079118,
48113001301,Census Tract 13.01,113,32.806129,-96.752779,
48201554902,Census Tract 5549.02,201,30.097563,-95.520548,
48201555301,Census Tract 5553.01,201,30.123469,-95.517064,
48121020115,Census Tract 201.15,121,33.157086,-96.979945,
48121020506,Census Tract 205.06,121,33.253791,-97.071168,
48201321402,Census Tract 3214.02,201,29.656645,-95.219769,
48201343302,Census Tract 3433.02,201,29.670586,-95.061875,
48121020504,Census Tract 205.04,121,33.275535,-97.119588,
48201410402,Census Tract 4104.02,201,29.747498,-95.398717,
48121021304,Census Tract 213.04,121,33.173239,-97.134298,
48121021513,Census Tract 215.13,121,33.091658,-97.042021,
48347950800,Census Tract 9508,347,31.587622,-94.669619,
48121021619,Census Tract 216.19,121,33.028864,-96.962028,
48121021720,Census Tract 217.20,121,33.065787,-97.052508,
48121021622,Census Tract 216.22,121,33.007002,-96.926726,
48303000502,Census Tract 5.02,303,33.585995,-101.876302,
48303001805,Census Tract 18.05,303,33.558281,-101.918102,
48303001806,Census Tract 18.06,303,33.554815,-101.911486,
48303001807,Census Tract 18.07,303,33.543763,-101.912293,
48303001808,Census Tract 18.08,303,33.537055,-101.913818,
48303000503,Census Tract 5.03,303,33.579436,-101.873354,
48201421401,Census Tract 4214.01,201,29.714443,-95.492511,
48303010423,Census Tract 104.23,303,33.437574,-102.025244,
48303001906,Census Tract 19.06,303,33.552655,-101.896208,
48303002103,Census Tract 21.03,303,33.536973,-101.883411,
48303010411,Census Tract 104.11,303,33.508813,-101.934176,
48201431302,Census Tract 4313.02,201,29.743638,-95.490507,
48135000800,Census Tract 8,135,31.887811,-102.41429,
48113016803,Census Tract 168.03,113,32.596091,-96.763987,
48113007812,Census Tract 78.12,113,32.888364,-96.749564,
48113009803,Census Tract 98.03,113,32.87597,-96.875195,
48113013717,Census Tract 137.17,113,32.959052,-96.901756,
48113006100,Census Tract 61,113,32.698546,-96.848636,
48113017604,Census Tract 176.04,113,32.743028,-96.617534,
48347950900,Census Tract 9509,347,31.590146,-94.641822,
48347950100,Census Tract 9501,347,31.795236,-94.52856,
48085030519,Census Tract 305.19,085,33.201178,-96.809709,
48303002301,Census Tract 23.01,303,33.553751,-101.863938,
48303010410,Census Tract 104.10,303,33.512462,-101.926652,
48303002205,Census Tract 22.05,303,33.524566,-101.866078,
48347950700,Census Tract 9507,347,31.625859,-94.663612,
48347950200,Census Tract 9502,347,31.734454,-94.820251,
48343950300,Census Tract 9503,343,33.030488,-94.72588,
48343950200,Census Tract 9502,343,33.005474,-94.726461,
48303001401,Census Tract 14.01,303,33.570534,-101.866711,
48303001907,Census Tract 19.07,303,33.543662,-101.89742,
48303001905,Census Tract 19.05,303,33.559893,-101.896748,
48343950100,Census Tract 9501,343,33.206156,-94.732051,
48113006800,Census Tract 68,113,32.75385,-96.864798,
48113006900,Census Tract 69,113,32.762259,-96.866418,
48201452202,Census Tract 4522.02,201,29.722715,-95.564732,
48121020135,Census Tract 201.35,121,33.213695,-96.915714,
48121020134,Census Tract 201.34,121,33.19763,-96.909906,
48113001302,Census Tract 13.02,113,32.800342,-96.762851,
48121020117,Census Tract 201.17,121,33.330719,-96.99764,
48121020126,Census Tract 201.26,121,33.166943,-96.939654,
48121021538,Census Tract 215.38,121,33.140672,-96.857095,
48233950800,Census Tract 9508,233,35.665906,-101.405866,
48121020127,Census Tract 201.27,121,33.148228,-96.948401,
48121021540,Census Tract 215.40,121,33.131728,-96.881118,
48121021640,Census Tract 216.40,121,33.032792,-96.870761,
48113001400,Census Tract 14,113,32.807682,-96.761743,
48121021755,Census Tract 217.55,121,33.093446,-97.11904,
48113001101,Census Tract 11.01,113,32.815684,-96.765991,
48113001502,Census Tract 15.02,113,32.793572,-96.769168,
48121021534,Census Tract 215.34,121,33.106726,-96.928616,
48113001503,Census Tract 15.03,113,32.802911,-96.776955,
48201452802,Census Tract 4528.02,201,29.697156,-95.600732,
48121020315,Census Tract 203.15,121,33.076352,-97.169466,
48451980000,Census Tract 9800,451,31.355234,-100.498554,
48121021654,Census Tract 216.54,121,33.053271,-96.903427,
48121021649,Census Tract 216.49,121,33.012294,-96.93616,
48121020131,Census Tract 201.31,121,33.211593,-97.006265,
48121021759,Census Tract 217.59,121,33.047292,-97.067592,
48121021648,Census Tract 216.48,121,33.039198,-96.844702,
48121021307,Census Tract 213.07,121,33.161998,-97.098776,
48121021418,Census Tract 214.18,121,33.157753,-97.080067,
48121020604,Census Tract 206.04,121,33.22215,-97.102621,
48113018203,Census Tract 182.03,113,32.9022,-96.606295,
48121021643,Census Tract 216.43,121,33.030546,-96.895054,
48233951000,Census Tract 9510,233,35.675885,-101.414946,
48233950200,Census Tract 9502,233,35.898213,-101.387816,
48233950700,Census Tract 9507,233,35.673319,-101.383178,
48113018204,Census Tract 182.04,113,32.901842,-96.625709,
48121020119,Census Tract 201.19,121,33.177246,-96.921084,
48121020603,Census Tract 206.03,121,33.222181,-97.115159,
48121020507,Census Tract 205.07,121,33.249538,-97.12373,
48121021646,Census Tract 216.46,121,33.027116,-96.937461,
48121020321,Census Tract 203.21,121,33.030078,-97.181535,
48121021416,Census Tract 214.16,121,33.14547,-97.100352,
48113018206,Census Tract 182.06,113,32.884422,-96.626841,
48121021536,Census Tract 215.36,121,33.150262,-96.904903,
48453002319,Census Tract 23.19,453,30.199805,-97.64492,
48121021204,Census Tract 212.04,121,33.190629,-97.092084,
48121021652,Census Tract 216.52,121,33.038297,-96.906774,
48121021639,Census Tract 216.39,121,33.028951,-96.876043,
48121021758,Census Tract 217.58,121,33.062964,-97.070075,
48121021757,Census Tract 217.57,121,33.004965,-97.094202,
48113007809,Census Tract 78.09,113,32.859936,-96.740086,
48233950900,Census Tract 9509,233,35.646499,-101.396248,
48339691401,Census Tract 6914.01,339,30.131795,-95.493696,
48339693502,Census Tract 6935.02,339,30.33057,-95.460802,
48339693401,Census Tract 6934.01,339,30.30288,-95.461325,
48339691201,Census Tract 6912.01,339,30.176778,-95.486413,
48339692102,Census Tract 6921.02,339,30.21744,-95.445847,
48339693501,Census Tract 6935.01,339,30.330553,-95.471477,
48057990000,Census Tract 9900,057,28.191495,-96.614404,
48339692701,Census Tract 6927.01,339,30.228607,-95.27501,
48339692008,Census Tract 6920.08,339,30.145992,-95.36688,
48339692103,Census Tract 6921.03,339,30.183943,-95.391481,
48339694210,Census Tract 6942.10,339,30.427141,-95.57647,
48197950100,Census Tract 9501,197,34.289904,-99.745697,
48403950300,Census Tract 9503,403,31.280624,-93.785877,
48113019033,Census Tract 190.33,113,32.9129,-96.691693,
48113013618,Census Tract 136.18,113,32.982562,-96.776465,
48113009900,Census Tract 99,113,32.88448,-96.908226,
48113009804,Census Tract 98.04,113,32.870184,-96.871604,
48113016516,Census Tract 165.16,113,32.654364,-96.899955,
48141001117,Census Tract 11.17,141,31.826382,-106.544442,
48113018132,Census Tract 181.32,113,32.836175,-96.576189,
48113009103,Census Tract 91.03,113,32.740678,-96.704405,
48113001504,Census Tract 15.04,113,32.800348,-96.773713,
48113014308,Census Tract 143.08,113,32.843606,-96.954997,
48171950500,Census Tract 9505,171,30.222831,-98.956447,
48171950200,Census Tract 9502,171,30.350967,-99.164919,
48171950100,Census Tract 9501,171,30.316954,-98.69406,
48345950100,Census Tract 9501,345,34.057899,-100.793152,
48347951100,Census Tract 9511,347,31.474346,-94.414531,
48255970301,Census Tract 9703.01,255,28.757289,-97.815684,
48255970302,Census Tract 9703.02,255,28.810471,-97.890375,
48233950600,Census Tract 9506,233,35.686445,-101.401386,
48221160204,Census Tract 1602.04,221,32.429168,-97.663611,
48141010358,Census Tract 103.58,141,31.81891,-106.255518,
48141010349,Census Tract 103.49,141,31.786806,-106.280424,
48141010348,Census Tract 103.48,141,31.784703,-106.271824,
48141010602,Census Tract 106.02,141,31.841317,-106.438814,
48141000113,Census Tract 1.13,141,31.891641,-106.419121,
48141010352,Census Tract 103.52,141,31.78505,-106.261424,
48141010601,Census Tract 106.01,141,31.822673,-106.450589,
48141000902,Census Tract 9.02,141,31.816682,-106.482908,
48141010412,Census Tract 104.12,141,31.585413,-106.262093,
48141010232,Census Tract 102.32,141,31.917156,-106.592138,
48141010229,Census Tract 102.29,141,31.8692,-106.617139,
48141004006,Census Tract 40.06,141,31.681396,-106.289902,
48141010230,Census Tract 102.30,141,31.869611,-106.596795,
48141010227,Census Tract 102.27,141,31.87231,-106.585497,
48215023519,Census Tract 235.19,215,26.331214,-98.231718,
48215020728,Census Tract 207.28,215,26.23722,-98.247153,
48215020806,Census Tract 208.06,215,26.234849,-98.232413,
48215023534,Census Tract 235.34,215,26.300541,-98.239002,
48215023518,Census Tract 235.18,215,26.324573,-98.205091,
48303000304,Census Tract 3.04,303,33.604351,-101.88025,
48303000902,Census Tract 9.02,303,33.60482,-101.806115,
48303010204,Census Tract 102.04,303,33.585236,-101.757476,
48303010203,Census Tract 102.03,303,33.68676,-101.775954,
48303002104,Census Tract 21.04,303,33.539059,-101.874727,
48303002207,Census Tract 22.07,303,33.540942,-101.85659,
48303001402,Census Tract 14.02,303,33.570535,-101.859168,
48303010513,Census Tract 105.13,303,33.469097,-101.792445,
48303002208,Census Tract 22.08,303,33.533982,-101.850984,
48303010414,Census Tract 104.14,303,33.515002,-101.961472,
48303010416,Census Tract 104.16,303,33.6014,-102.044809,
48303010602,Census Tract 106.02,303,33.429557,-101.635756,
48303010601,Census Tract 106.01,303,33.438647,-101.655291,
48303002206,Census Tract 22.06,303,33.524547,-101.852924,
48303010418,Census Tract 104.18,303,33.526889,-102.052352,
48303002402,Census Tract 24.02,303,33.551932,-101.842235,
48303010419,Census Tract 104.19,303,33.540721,-101.997509,
48303000501,Census Tract 5.01,303,33.58893,-101.892457,
48303010201,Census Tract 102.01,303,33.686711,-101.866904,
48141010224,Census Tract 102.24,141,31.975143,-106.375685,
48439113932,Census Tract 1139.32,439,32.952292,-97.333942,
48439100402,Census Tract 1004.02,439,32.786077,-97.364499,
48141000901,Census Tract 9.01,141,31.808913,-106.451844,
48439114011,Census Tract 1140.11,439,32.834695,-97.417623,
48439113938,Census Tract 1139.38,439,32.898066,-97.300964,
48141010223,Census Tract 102.23,141,31.944197,-106.385839,
48439114009,Census Tract 1140.09,439,32.860022,-97.413568,
48439114106,Census Tract 1141.06,439,32.900586,-97.416521,
48439106523,Census Tract 1065.23,439,32.824747,-97.067263,
48439113410,Census Tract 1134.10,439,32.818808,-97.201389,
48439105517,Census Tract 1055.17,439,32.655257,-97.408852,
48439104301,Census Tract 1043.01,439,32.705348,-97.356422,
48439122402,Census Tract 1224.02,439,32.727456,-97.124152,
48439113118,Census Tract 1131.18,439,32.765592,-97.100426,
48439113117,Census Tract 1131.17,439,32.772765,-97.101432,
48439111410,Census Tract 1114.10,439,32.665222,-97.213314,
48113009701,Census Tract 97.01,113,32.887944,-96.877156,
48113014603,Census Tract 146.03,113,32.82232,-96.94647,
48029121909,Census Tract 1219.09,029,29.590386,-98.332124,
48113016618,Census Tract 166.18,113,32.602135,-96.865446,
48113016619,Census Tract 166.19,113,32.611546,-96.849057,
48259970302,Census Tract 9703.02,259,29.817985,-98.840361,
48387950501,Census Tract 9505.01,387,33.580369,-95.079911,
48387950502,Census Tract 9505.02,387,33.651647,-95.038523,
48113018130,Census Tract 181.30,113,32.836313,-96.625846,
48113019032,Census Tract 190.32,113,32.920348,-96.691772,
48113017703,Census Tract 177.03,113,32.785859,-96.617133,
48113008705,Census Tract 87.05,113,32.685789,-96.778019,
48303010202,Census Tract 102.02,303,33.784484,-101.831932,
48303001714,Census Tract 17.14,303,33.569092,-101.960847,
48303000901,Census Tract 9.01,303,33.600204,-101.825969,
48303010409,Census Tract 104.09,303,33.515677,-101.935427,
48303002302,Census Tract 23.02,303,33.556006,-101.858582,
48303002401,Census Tract 24.01,303,33.55285,-101.84978,
48303000411,Census Tract 4.11,303,33.597793,-101.919122,
48303001711,Census Tract 17.11,303,33.570097,-101.928333,
48303000303,Census Tract 3.03,303,33.612309,-101.898427,
48303001908,Census Tract 19.08,303,33.534908,-101.895608,
48303010412,Census Tract 104.12,303,33.516447,-101.981784,
48303001715,Census Tract 17.15,303,33.54621,-101.952179,
48303001717,Census Tract 17.17,303,33.526566,-101.942902,
48303010413,Census Tract 104.13,303,33.511177,-101.967764,
48303001712,Census Tract 17.12,303,33.533332,-101.930982,
48303001716,Census Tract 17.16,303,33.529711,-101.96007,
48303010420,Census Tract 104.20,303,33.485686,-102.019267,
48303000406,Census Tract 4.06,303,33.58501,-101.970121,
48303000408,Census Tract 4.08,303,33.586941,-101.942049,
48303000407,Census Tract 4.07,303,33.584977,-101.952732,
48303000410,Census Tract 4.10,303,33.604552,-101.926748,
48303010415,Census Tract 104.15,303,33.512426,-101.94835,
48303001710,Census Tract 17.10,303,33.559261,-101.938607,
48303010514,Census Tract 105.14,303,33.42198,-101.864704,
48303010417,Census Tract 104.17,303,33.616417,-101.96024,
48303001713,Census Tract 17.13,303,33.525273,-101.933647,
48303010421,Census Tract 104.21,303,33.483192,-101.965655,
48141001204,Census Tract 12.04,141,31.835873,-106.569491,
48303010422,Census Tract 104.22,303,33.435374,-101.947809,
48303000409,Census Tract 4.09,303,33.614125,-101.922589,
48303010512,Census Tract 105.12,303,33.465308,-101.883286,
48113000100,Census Tract 1,113,32.816609,-96.736576,
48113000201,Census Tract 2.01,113,32.83274,-96.757163,
48113000202,Census Tract 2.02,113,32.831869,-96.766237,
48113000300,Census Tract 3,113,32.830165,-96.776124,
48113000401,Census Tract 4.01,113,32.811325,-96.829374,
48113000405,Census Tract 4.05,113,32.813462,-96.820541,
48113001001,Census Tract 10.01,113,32.821183,-96.776548,
48113001002,Census Tract 10.02,113,32.815563,-96.77546,
48355002706,Census Tract 27.06,355,27.712756,-97.325852,
48201542302,Census Tract 5423.02,201,29.809285,-95.744258,
48215024128,Census Tract 241.28,215,26.295317,-98.291631,
48141001118,Census Tract 11.18,141,31.835383,-106.5351,
48215024129,Census Tract 241.29,215,26.30103,-98.27309,
48141001116,Census Tract 11.16,141,31.832751,-106.55988,
48215020307,Census Tract 203.07,215,26.232658,-98.312357,
48215024115,Census Tract 241.15,215,26.268909,-98.274829,
48491020108,Census Tract 201.08,491,30.680118,-97.680271,
48491020106,Census Tract 201.06,491,30.714116,-97.680515,
48491020604,Census Tract 206.04,491,30.594303,-97.727929,
48491020508,Census Tract 205.08,491,30.488863,-97.77997,6
48491020409,Census Tract 204.09,491,30.467186,-97.765487,
48141001119,Census Tract 11.19,141,31.840442,-106.547423,
48491020411,Census Tract 204.11,491,30.465486,-97.739082,6
48491020201,Census Tract 202.01,491,30.835081,-97.747551,
48491020706,Census Tract 207.06,491,30.513355,-97.618167,
48113004400,Census Tract 44,113,32.760301,-96.844657,
48491020509,Census Tract 205.09,491,30.505349,-97.754531,6
48201555303,Census Tract 5553.03,201,30.134833,-95.568795,
48141010411,Census Tract 104.11,141,31.611402,-106.291341,
48201554302,Census Tract 5543.02,201,29.974321,-95.614312,
48201554502,Census Tract 5545.02,201,29.989752,-95.638989,
48141010351,Census Tract 103.51,141,31.801808,-106.276112,
48135000500,Census Tract 5,135,31.891882,-102.378991,
48201554301,Census Tract 5543.01,201,29.989079,-95.59434,
48201555701,Census Tract 5557.01,201,30.009967,-95.740363,
48201555501,Census Tract 5555.01,201,30.074519,-95.655762,
48201251401,Census Tract 2514.01,201,30.080878,-95.191237,
48135002200,Census Tract 22,135,31.799217,-102.633009,
48201334002,Census Tract 3340.02,201,29.608408,-95.214318,
48201550602,Census Tract 5506.02,201,29.944128,-95.45944,
48201552301,Census Tract 5523.01,201,29.956754,-95.613522,
48201452801,Census Tract 4528.01,201,29.696136,-95.609489,
48201556000,Census Tract 5560,201,30.077193,-95.85542,
48113011601,Census Tract 116.01,113,32.704815,-96.716323,
48201343700,Census Tract 3437,201,29.637413,-95.06181,
48113012209,Census Tract 122.09,113,32.812702,-96.703933,
48113016620,Census Tract 166.20,113,32.592846,-96.841704,
48367140502,Census Tract 1405.02,367,32.884566,-97.97054,
48367140411,Census Tract 1404.11,367,32.868777,-97.71272,
48367140410,Census Tract 1404.10,367,32.94038,-97.7536,
48113019302,Census Tract 193.02,113,32.84464,-96.780475,
48113014601,Census Tract 146.01,113,32.833224,-96.951831,
48113004600,Census Tract 46,113,32.747287,-96.843461,
48135002502,Census Tract 25.02,135,31.901922,-102.364432,
48113016409,Census Tract 164.09,113,32.681327,-96.987269,
48113009303,Census Tract 93.03,113,32.720939,-96.724242,
48029160300,Census Tract 1603,029,29.39123,-98.526399,
48113016902,Census Tract 169.02,113,32.646994,-96.700383,
48061010301,Census Tract 103.01,061,26.291165,-97.810521,
48029160400,Census Tract 1604,029,29.390343,-98.54124,
48061012002,Census Tract 120.02,061,26.114483,-97.760971,
48309980000,Census Tract 9800,309,31.598122,-97.225125,
48091310901,Census Tract 3109.01,091,29.779758,-98.21979,
48091310903,Census Tract 3109.03,091,29.838396,-98.062938,
48091310603,Census Tract 3106.03,091,29.965284,-98.288262,
48029182105,Census Tract 1821.05,029,29.599956,-98.791961,
48029182106,Census Tract 1821.06,029,29.558746,-98.711295,
48029131615,Census Tract 1316.15,029,29.469497,-98.351802,
48029191702,Census Tract 1917.02,029,29.598005,-98.494443,
48113007301,Census Tract 73.01,113,32.859501,-96.813724,
48113007302,Census Tract 73.02,113,32.859339,-96.834502,
48029121809,Census Tract 1218.09,029,29.578097,-98.382141,
48029121811,Census Tract 1218.11,029,29.59484,-98.393062,
48029160600,Census Tract 1606,029,29.411372,-98.553704,
48029121910,Census Tract 1219.10,029,29.61848,-98.40456,
48029191809,Census Tract 1918.09,029,29.682333,-98.489245,
48029160701,Census Tract 1607.01,029,29.406331,-98.573906,
48029131802,Census Tract 1318.02,029,29.426542,-98.282449,
48029152201,Census Tract 1522.01,029,29.207198,-98.458893,
48113004202,Census Tract 42.02,113,32.755381,-96.85052,
48029162004,Census Tract 1620.04,029,29.251521,-98.699904,
48029162003,Census Tract 1620.03,029,29.206724,-98.631296,
48029171502,Census Tract 1715.02,029,29.427126,-98.580048,
48029171301,Census Tract 1713.01,029,29.445414,-98.567393,
48029180603,Census Tract 1806.03,029,29.4849,-98.583864,
48113010701,Census Tract 107.01,113,32.760449,-96.900194,
48029191807,Census Tract 1918.07,029,29.610818,-98.582757,
48029182002,Census Tract 1820.02,029,29.598008,-98.668105,
48029181825,Census Tract 1818.25,029,29.548575,-98.653022,
48059030200,Census Tract 302,059,32.313693,-99.283447,
48029182001,Census Tract 1820.01,029,29.566147,-98.662425,
48113013901,Census Tract 139.01,113,32.931531,-96.896036,
48029181902,Census Tract 1819.02,029,29.645803,-98.64513,
48029191811,Census Tract 1918.11,029,29.649335,-98.513019,
48029121808,Census Tract 1218.08,029,29.584304,-98.389714,
48029151100,Census Tract 1511,029,29.362078,-98.530683,
48029121903,Census Tract 1219.03,029,29.621264,-98.431652,
48029131801,Census Tract 1318.01,029,29.430947,-98.178097,
48029141403,Census Tract 1414.03,029,29.358657,-98.427277,
48029182003,Census Tract 1820.03,029,29.595236,-98.638728,
48113003700,Census Tract 37,113,32.763052,-96.761514,
48113007810,Census Tract 78.10,113,32.906729,-96.739128,
48113007903,Census Tract 79.03,113,32.850053,-96.756389,
48113007906,Census Tract 79.06,113,32.860295,-96.775682,
48029160100,Census Tract 1601,029,29.408838,-98.521781,
48113016802,Census Tract 168.02,113,32.57024,-96.777908,
48113016704,Census Tract 167.04,113,32.617196,-96.775895,
48453001916,Census Tract 19.16,453,30.303106,-97.874935,
48453001918,Census Tract 19.18,453,30.293683,-97.81254,
48453001914,Census Tract 19.14,453,30.257129,-97.839129,8
48141010365,Census Tract 103.65,141,31.808422,-106.176281,
48453002430,Census Tract 24.30,453,30.171778,-97.754776,2
48453000304,Census Tract 3.04,453,30.309374,-97.716914,9
48245011304,Census Tract 113.04,245,29.983022,-94.150024,
48113004500,Census Tract 45,113,32.743935,-96.866108,
48245980000,Census Tract 9800,245,29.951558,-94.020703,
48025950201,Census Tract 9502.01,025,28.328077,-97.561524,
48203020501,Census Tract 205.01,203,32.534341,-94.350851,
48203020502,Census Tract 205.02,203,32.493408,-94.367664,
48347950502,Census Tract 9505.02,347,31.640997,-94.629822,
48347950501,Census Tract 9505.01,347,31.647765,-94.64963,
48203020302,Census Tract 203.02,203,32.605939,-94.351718,
48203020104,Census Tract 201.04,203,32.597607,-94.228163,
48203020103,Census Tract 201.03,203,32.415652,-94.252655,
48203020604,Census Tract 206.04,203,32.44979,-94.499115,
48203020606,Census Tract 206.06,203,32.557178,-94.667255,
48203020605,Census Tract 206.05,203,32.542974,-94.572734,
48203020603,Census Tract 206.03,203,32.485399,-94.588314,
48203020301,Census Tract 203.01,203,32.529186,-94.317908,
48181000304,Census Tract 3.04,181,33.804751,-96.8719,
48181002000,Census Tract 20,181,33.636545,-96.605673,
48073950802,Census Tract 9508.02,073,31.849923,-95.271382,
48073950801,Census Tract 9508.01,073,31.77389,-95.151356,
48141010335,Census Tract 103.35,141,31.642528,-106.072224,
48141010347,Census Tract 103.47,141,31.625919,-106.228768,
48141010408,Census Tract 104.08,141,31.642545,-106.269527,
48165950300,Census Tract 9503,165,32.718762,-102.651708,
48165950100,Census Tract 9501,165,32.860642,-102.4562,
48175960200,Census Tract 9602,175,28.607729,-97.466966,
48175960100,Census Tract 9601,175,28.772361,-97.318924,
48179950600,Census Tract 9506,179,35.536869,-100.941781,
48179950500,Census Tract 9505,179,35.545033,-100.956678,
48179950100,Census Tract 9501,179,35.386593,-100.812963,
48439113516,Census Tract 1135.16,439,32.861759,-97.088557,
48439113607,Census Tract 1136.07,439,32.832397,-97.159877,
48179950400,Census Tract 9504,179,35.556545,-100.979709,
48439113612,Census Tract 1136.12,439,32.85765,-97.170848,
48439113613,Census Tract 1136.13,439,32.845722,-97.176932,
48237950500,Census Tract 9505,237,33.07519,-98.042651,
48117950600,Census Tract 9506,117,34.940766,-102.607564,
48121021526,Census Tract 215.26,121,33.164628,-96.851731,
48121020313,Census Tract 203.13,121,33.134438,-97.331555,
48201552101,Census Tract 5521.01,201,29.923494,-95.618803,
48121021645,Census Tract 216.45,121,33.036857,-96.950871,
48121021647,Census Tract 216.47,121,33.056358,-96.85058,
48121020122,Census Tract 201.22,121,33.237632,-96.956572,
48141004319,Census Tract 43.19,141,31.761002,-106.283078,
48121021532,Census Tract 215.32,121,33.087839,-96.860702,
48121020125,Census Tract 201.25,121,33.225826,-96.913622,
48121020124,Census Tract 201.24,121,33.241305,-96.90349,
48129950200,Census Tract 9502,129,34.934141,-100.893945,
48129950300,Census Tract 9503,129,34.955036,-100.815846,
48281950500,Census Tract 9505,281,31.04514,-98.18873,
48281950400,Census Tract 9504,281,31.069193,-98.161878,
48281950100,Census Tract 9501,281,31.231897,-98.262641,
48309002100,Census Tract 21,309,31.513664,-97.124858,
48141010334,Census Tract 103.34,141,31.628593,-106.18124,
48201552103,Census Tract 5521.03,201,29.938243,-95.624801,
48141010328,Census Tract 103.28,141,31.771712,-106.276153,
48179950800,Census Tract 9508,179,35.524129,-100.96865,
48141004320,Census Tract 43.20,141,31.752104,-106.284991,
48141010217,Census Tract 102.17,141,31.870623,-106.553334,
48501950200,Census Tract 9502,501,33.017139,-102.792745,
48501950100,Census Tract 9501,501,33.221392,-102.839313,
48199030600,Census Tract 306,199,30.220965,-94.140545,
48199030200,Census Tract 302,199,30.156406,-94.40673,
48199030100,Census Tract 301,199,30.344206,-94.562714,
48199030800,Census Tract 308,199,30.35652,-94.210988,
48199030501,Census Tract 305.01,199,30.295633,-94.212106,
48397040101,Census Tract 401.01,397,32.940187,-96.48057,
48121021900,Census Tract 219,121,33.126381,-96.854177,
48121021522,Census Tract 215.22,121,33.114891,-96.878786,
48141010333,Census Tract 103.33,141,31.668789,-106.165481,
48453001917,Census Tract 19.17,453,30.274399,-97.828701,8
48373210204,Census Tract 2102.04,373,30.640587,-94.981333,
48121020505,Census Tract 205.05,121,33.24232,-97.107497,
48121021746,Census Tract 217.46,121,33.067845,-97.117642,
48121021719,Census Tract 217.19,121,33.085261,-97.089966,
48373210203,Census Tract 2102.03,373,30.724815,-95.011886,
48373210302,Census Tract 2103.02,373,30.820829,-94.971371,
48373210206,Census Tract 2102.06,373,30.789576,-95.065804,
48373210301,Census Tract 2103.01,373,30.846249,-95.117513,
48465950301,Census Tract 9503.01,465,29.379955,-100.917367,
48465980000,Census Tract 9800,465,29.37383,-100.925566,
48199030700,Census Tract 307,199,30.311172,-94.134897,
48199031000,Census Tract 310,199,30.453297,-94.181017,
48199030400,Census Tract 304,199,30.383416,-94.316124,
48199030900,Census Tract 309,199,30.397919,-94.193936,
48207950300,Census Tract 9503,207,33.120371,-99.631772,
48207950400,Census Tract 9504,207,33.293231,-99.858473,
48195950100,Census Tract 9501,195,36.328131,-101.433735,
48195950300,Census Tract 9503,195,36.184125,-101.251458,
48339690900,Census Tract 6909,339,30.196389,-95.515907,
48141010213,Census Tract 102.13,141,31.888159,-106.533567,
48141010409,Census Tract 104.09,141,31.660788,-106.28514,
48335950400,Census Tract 9504,335,32.265817,-100.910502,
48131950500,Census Tract 9505,131,27.51823,-98.508628,
48397040503,Census Tract 405.03,397,32.88678,-96.445491,
48121021305,Census Tract 213.05,121,33.184387,-97.11753,
48121021202,Census Tract 212.02,121,33.203726,-97.118125,
48121021618,Census Tract 216.18,121,33.047128,-96.998405,
48141980000,Census Tract 9800,141,31.814023,-106.362361,
48401950502,Census Tract 9505.02,401,32.226867,-94.838138,
48401950501,Census Tract 9505.01,401,32.231864,-94.70917,
48141010225,Census Tract 102.25,141,31.871424,-106.570519,
48141010370,Census Tract 103.70,141,31.715272,-106.246935,
48141010359,Census Tract 103.59,141,31.855712,-106.183561,
48141000114,Census Tract 1.14,141,31.884426,-106.433029,
48325000401,Census Tract 4.01,325,29.15275,-98.838617,
48423001906,Census Tract 19.06,423,32.23444,-95.368965,
48423001404,Census Tract 14.04,423,32.562973,-95.404426,
48141004005,Census Tract 40.05,141,31.670295,-106.318615,
48309002498,Census Tract 24.98,309,31.53462,-97.172961,
48423002102,Census Tract 21.02,423,32.251065,-95.108182,
48423002101,Census Tract 21.01,423,32.183411,-95.059362,
48309002501,Census Tract 25.01,309,31.528857,-97.212625,
48309002503,Census Tract 25.03,309,31.50712,-97.218489,
48309002504,Census Tract 25.04,309,31.498889,-97.242115,
48325000402,Census Tract 4.02,325,29.240821,-98.91485,
48325000101,Census Tract 1.01,325,29.317316,-98.895992,
48115950401,Census Tract 9504.01,115,32.761529,-101.944893,
48215024204,Census Tract 242.04,215,26.201647,-98.426169,
48309003000,Census Tract 30,309,31.585148,-97.18549,
48215022204,Census Tract 222.04,215,26.125754,-98.033661,
48215022402,Census Tract 224.02,215,26.203812,-98.004215,
48245011700,Census Tract 117,245,30.0856,-94.103118,
48215023103,Census Tract 231.03,215,26.192819,-97.950864,
48245011800,Census Tract 118,245,29.884545,-93.934683,
48215023104,Census Tract 231.04,215,26.189065,-97.928686,
48215024404,Census Tract 244.04,215,26.332972,-98.007988,
48215024109,Census Tract 241.09,215,26.268966,-98.326741,
48465950302,Census Tract 9503.02,465,29.363433,-100.928343,
48141010322,Census Tract 103.22,141,31.79723,-106.293626,
48141010406,Census Tract 104.06,141,31.579192,-106.275615,
48141010506,Census Tract 105.06,141,31.48008,-106.10416,
48439113618,Census Tract 1136.18,439,32.829772,-97.144106,
48213950902,Census Tract 9509.02,213,32.072984,-96.031214,
48213950903,Census Tract 9509.03,213,32.228466,-96.059388,
48213950601,Census Tract 9506.01,213,32.32168,-96.124587,
48013960401,Census Tract 9604.01,013,29.103679,-98.514948,
48013960500,Census Tract 9605,013,28.832357,-98.719777,
48013960300,Census Tract 9603,013,29.03643,-98.584052,
48141010210,Census Tract 102.10,141,31.950669,-106.433517,
48121021517,Census Tract 215.17,121,33.062804,-96.928849,
48121021745,Census Tract 217.45,121,33.031501,-97.006419,
48121021744,Census Tract 217.44,121,33.039698,-97.011909,
48121021716,Census Tract 217.16,121,33.052519,-97.018852,
48439113619,Census Tract 1136.19,439,32.81761,-97.145665,
48451001706,Census Tract 17.06,451,31.415364,-100.486657,
48121021514,Census Tract 215.14,121,33.081985,-97.060717,
48231961000,Census Tract 9610,231,33.133084,-96.085869,
48231961700,Census Tract 9617,231,32.846316,-96.047179,
48231960500,Census Tract 9605,231,33.244045,-95.885721,
48231961200,Census Tract 9612,231,33.106992,-96.085059,
48231960400,Census Tract 9604,231,33.190046,-96.093648,
48231961300,Census Tract 9613,231,33.066721,-96.150912,
48231960200,Census Tract 9602,231,33.34964,-96.057908,
48231960700,Census Tract 9607,231,33.082502,-95.934607,
48409010202,Census Tract 102.02,409,27.914748,-97.167747,
48409010302,Census Tract 103.02,409,27.853993,-97.196496,
48409010301,Census Tract 103.01,409,27.900996,-97.203923,
48409010201,Census Tract 102.01,409,27.894274,-97.156901,
48221160100,Census Tract 1601,221,32.457726,-97.796597,
48239950300,Census Tract 9503,239,28.863906,-96.638903,
48235950100,Census Tract 9501,235,31.303424,-100.981304,
48239950200,Census Tract 9502,239,29.098296,-96.724945,
48239950100,Census Tract 9501,239,28.885494,-96.449035,
48261950100,Census Tract 9501,261,26.895616,-97.689504,
48301950100,Census Tract 9501,301,31.844936,-103.561229,
48315950300,Census Tract 9503,315,32.813216,-94.61266,
48315950400,Census Tract 9504,315,32.764035,-94.344654,
48315950200,Census Tract 9502,315,32.79471,-94.464295,
48315950100,Census Tract 9501,315,32.794311,-94.191227,
48319950100,Census Tract 9501,319,30.747437,-99.235218,
48319950200,Census Tract 9502,319,30.703916,-99.237302,
48339691000,Census Tract 6910,339,30.18593,-95.512628,
48469001503,Census Tract 15.03,469,28.853613,-97.004818,
48469001504,Census Tract 15.04,469,28.882146,-97.018961,
48037011502,Census Tract 115.02,037,33.533859,-94.434435,
48339691100,Census Tract 6911,339,30.177496,-95.515326,
48339691500,Census Tract 6915,339,30.141031,-95.475794,
48037011501,Census Tract 115.01,037,33.449455,-94.480544,
48339691700,Census Tract 6917,339,30.167655,-95.463448,
48373210205,Census Tract 2102.05,373,30.716575,-95.092868,
48339691900,Census Tract 6919,339,30.131179,-95.423302,
48453000206,Census Tract 2.06,453,30.326141,-97.743523,7
48453000305,Census Tract 3.05,453,30.314873,-97.726308,9
48453000205,Census Tract 2.05,453,30.326165,-97.734327,7
48453000307,Census Tract 3.07,453,30.297033,-97.712565,9
48453001919,Census Tract 19.19,453,30.277173,-97.795128,
48121021717,Census Tract 217.17,121,33.049779,-97.036106,
48121021715,Census Tract 217.15,121,33.061734,-97.034563,
48121021721,Census Tract 217.21,121,33.055546,-97.05278,
48309002600,Census Tract 26,309,31.546738,-97.206841,
48309002700,Census Tract 27,309,31.546105,-97.181543,
48309002800,Census Tract 28,309,31.565634,-97.197153,
48309003200,Census Tract 32,309,31.646429,-97.100118,
48339690800,Census Tract 6908,339,30.197018,-95.49255,
48121021516,Census Tract 215.16,121,33.093283,-96.911349,
48121021518,Census Tract 215.18,121,33.084602,-96.89819,
48309003300,Census Tract 33,309,31.639378,-97.076609,
48339693600,Census Tract 6936,339,30.31578,-95.492561,
48365950200,Census Tract 9502,365,32.253881,-94.461572,
48365950500,Census Tract 9505,365,32.041948,-94.518304,
48365950100,Census Tract 9501,365,32.219208,-94.139877,
48365950600,Census Tract 9506,365,32.046656,-94.258992,
48365950300,Census Tract 9503,365,32.177085,-94.249658,
48187210603,Census Tract 2106.03,187,29.578142,-98.135236,
48187210902,Census Tract 2109.02,187,29.566402,-97.89248,
48187210200,Census Tract 2102,187,29.585105,-97.975679,
48187210100,Census Tract 2101,187,29.587809,-97.953856,
48187210400,Census Tract 2104,187,29.566253,-97.944763,
48187210705,Census Tract 2107.05,187,29.560601,-98.259693,
48187210606,Census Tract 2106.06,187,29.615264,-98.073556,
48387950700,Census Tract 9507,387,33.772862,-95.175556,
48429950300,Census Tract 9503,429,32.742355,-98.874319,
48429950200,Census Tract 9502,429,32.753107,-98.938688,
48379950200,Census Tract 9502,379,32.884423,-95.869602,
48405950300,Census Tract 9503,405,31.265417,-94.155086,
48405950200,Census Tract 9502,405,31.531587,-94.121837,
48405950100,Census Tract 9501,405,31.49841,-94.161393,
48455950100,Census Tract 9501,455,31.160707,-95.003806,
48323950204,Census Tract 9502.04,323,28.683121,-100.496131,
48329980000,Census Tract 9800,329,31.940362,-102.20814,
48187210300,Census Tract 2103,187,29.565557,-97.97638,
48329010200,Census Tract 102,329,32.006844,-102.074229,
48215020403,Census Tract 204.03,215,26.206953,-98.319042,
48295950200,Census Tract 9502,295,36.368343,-100.41028,
48295950300,Census Tract 9503,295,36.235431,-100.21944,
48121021621,Census Tract 216.21,121,32.996173,-96.923061,
48121021521,Census Tract 215.21,121,33.09785,-96.887943,
48121021723,Census Tract 217.23,121,33.023845,-97.0323,
48187210706,Census Tract 2107.06,187,29.559741,-98.279155,
48121021730,Census Tract 217.30,121,33.015824,-97.025588,
48121021740,Census Tract 217.40,121,33.022365,-97.001382,
48273990000,Census Tract 9900,273,27.426311,-97.26214,
48091310401,Census Tract 3104.01,091,29.684784,-98.147191,
48091310200,Census Tract 3102,091,29.715691,-98.118928,
48355005407,Census Tract 54.07,355,27.691783,-97.416309,
48355005408,Census Tract 54.08,355,27.687788,-97.406327,
48355005410,Census Tract 54.10,355,27.67953,-97.396979,
48355002601,Census Tract 26.01,355,27.732182,-97.366138,
48447950300,Census Tract 9503,447,33.170695,-99.205796,
48309003703,Census Tract 37.03,309,31.440037,-97.136103,
48395960502,Census Tract 9605.02,395,30.922493,-96.570132,
48395960501,Census Tract 9605.01,395,30.89003,-96.643546,
48201522402,Census Tract 5224.02,201,29.798694,-95.558707,
48309003708,Census Tract 37.08,309,31.449527,-97.225572,
48201422302,Census Tract 4223.02,201,29.649027,-95.497133,
48201423402,Census Tract 4234.02,201,29.648554,-95.529651,
48201423401,Census Tract 4234.01,201,29.649786,-95.516389,
48439113906,Census Tract 1139.06,439,32.958999,-97.170779,
48439113946,Census Tract 1139.46,439,32.896728,-97.280865,
48439113945,Census Tract 1139.45,439,32.943295,-97.260059,
48439113953,Census Tract 1139.53,439,32.968547,-97.231099,
48439113955,Census Tract 1139.55,439,32.977478,-97.140199,
48439113715,Census Tract 1137.15,439,32.97557,-97.0566,
48439114113,Census Tract 1141.13,439,32.979054,-97.371308,
48201323701,Census Tract 3237.01,201,29.655125,-95.176925,
48201241103,Census Tract 2411.03,201,30.047411,-95.380777,
48201450801,Census Tract 4508.01,201,29.759822,-95.568015,
48201454302,Census Tract 4543.02,201,29.715347,-95.670475,
48201451902,Census Tract 4519.02,201,29.722516,-95.598704,
48201553401,Census Tract 5534.01,201,30.042434,-95.442693,
48201553801,Census Tract 5538.01,201,30.043015,-95.510201,
48157674800,Census Tract 6748,157,29.566549,-95.771782,
48157674900,Census Tract 6749,157,29.594329,-95.770743,
48157675000,Census Tract 6750,157,29.565593,-95.792369,
48157675200,Census Tract 6752,157,29.542992,-95.795578,
48187210712,Census Tract 2107.12,187,29.58691,-98.252836,
48187210710,Census Tract 2107.10,187,29.5765,-98.270144,
48021950102,Census Tract 9501.02,021,30.325129,-97.267945,
48021950101,Census Tract 9501.01,021,30.238171,-97.404565,
48021950202,Census Tract 9502.02,021,30.355359,-97.393706,
48021950403,Census Tract 9504.03,021,30.09135,-97.321987,
48021950301,Census Tract 9503.01,021,30.135231,-97.391768,
48021950402,Census Tract 9504.02,021,30.084536,-97.286727,
48021950201,Census Tract 9502.01,021,30.352705,-97.358634,
48021950302,Census Tract 9503.02,021,30.034913,-97.363422,
48021950401,Census Tract 9504.01,021,30.12915,-97.310203,
48021950303,Census Tract 9503.03,021,30.099435,-97.474317,
48021950505,Census Tract 9505.05,021,30.237787,-97.262248,
48021950503,Census Tract 9505.03,021,30.13487,-97.170374,
48021950504,Census Tract 9505.04,021,30.218077,-97.181588,
48021950601,Census Tract 9506.01,021,29.925444,-97.274652,
48021950805,Census Tract 9508.05,021,30.041094,-97.589065,
48021950602,Census Tract 9506.02,021,30.050949,-97.120189,
48021950506,Census Tract 9505.06,021,30.185547,-97.333972,
48021950806,Census Tract 9508.06,021,29.95629,-97.450431,
48021950804,Census Tract 9508.04,021,30.043338,-97.512039,
48021950803,Census Tract 9508.03,021,30.12031,-97.561669,
48187210707,Census Tract 2107.07,187,29.579629,-98.294479,
48187210709,Census Tract 2107.09,187,29.592266,-98.281299,
48187210711,Census Tract 2107.11,187,29.599069,-98.267472,
48439113809,Census Tract 1138.09,439,32.865491,-97.252644,
48167722001,Census Tract 7220.01,167,29.418308,-94.925183,
48167726200,Census Tract 7262,167,29.35902,-94.912839,
48157674100,Census Tract 6741,157,29.579169,-95.599589,
48157674200,Census Tract 6742,157,29.571342,-95.622217,
48441013501,Census Tract 135.01,441,32.180627,-99.928659,
48441013602,Census Tract 136.02,441,32.3991,-100.014629,
48441013601,Census Tract 136.01,441,32.463933,-100.00418,
48441012701,Census Tract 127.01,441,32.381161,-99.762516,
48441012702,Census Tract 127.02,441,32.389708,-99.755236,
48441013502,Census Tract 135.02,441,32.265608,-99.74002,
48167720501,Census Tract 7205.01,167,29.501939,-95.135954,
48167722002,Census Tract 7220.02,167,29.40132,-94.931011,
48167720301,Census Tract 7203.01,167,29.521384,-95.20074,
