doc_cd,doc_dept_cd,doc_id,doc_vers_no,doc_dscr,contract_contact_nm,contract_contact_voice_ph_no,contract_contact_email_ad,ma_prch_lmt_am,ma_itd_ord_am,ma_do_rfed_am,efbgn_dt,efend_dt,gnrc_po_rpt_1,rpt_dscr,brd_awd_dt,brd_awd_no,cat_dscr,doc_vend_ln_no,vend_cust_cd,lgl_nm,alias_nm,so_doc_cd,so_doc_dept_cd,so_doc_id,today,row_key
MA,6100,SA220000021,3,CMR SERVICES FOR BARBARA JORDAN TERMINAL (BJT) OPTIMIZATION,Capital Contracting Office,unknown,unknown,120580044,120580044,8649140,2022-08-19T00:00:00.000Z,2025-03-31T00:00:00.000Z,15,Alt Proc Method (252),0022-06-16T00:00:00.000Z,17,Other Contracting,1,HEN6049645,HENSEL PHELPS CONSTRUCTION CO,N/A,RFQS,6100,CLMA045,2026-05-11T00:00:00.000Z,MA6100SA2200000213HEN6049645
CT,6100,22110700063,1,SOUTH AUSTIN REGIONAL WWTP TRAINS A & B IMPROVEMENTS,Contract and Land Management Department,unknown,unknown,116000852,116000852,4267922.73,2023-03-29T00:00:00.000Z,,10,Competitive Acquisition,0022-10-27T00:00:00.000Z,15,Construction,1,VS0000018981,MWH CONSTRUCTORS INC,N/A,IFB,6100,CLMC928,2026-05-11T00:00:00.000Z,CT6100221107000631VS0000018981
MA,6100,PA180000027,109,2018 CORRIDOR PROGRAM ENGINEERING SERVICES ROTATION LIST,Capital Contracting Office,unknown,unknown,115000000,111460417.18,96093332.19,2018-04-27T00:00:00.000Z,2025-04-26T00:00:00.000Z,55,Pers / Prof / Plan Svcs (252),0018-03-22T00:00:00.000Z,36,Sole and Single Source,6,CAM0933250,CDM SMITH INC,N/A,RFQS,6100,CLMP240,2026-05-11T00:00:00.000Z,MA6100PA180000027109CAM0933250
MA,6100,PA180000027,109,2018 CORRIDOR PROGRAM ENGINEERING SERVICES ROTATION LIST,Capital Contracting Office,unknown,unknown,115000000,111460417.18,96093332.19,2018-04-27T00:00:00.000Z,2025-04-26T00:00:00.000Z,55,Pers / Prof / Plan Svcs (252),0018-03-22T00:00:00.000Z,36,Sole and Single Source,4,BRO8318275,"BGE, INC",BROWN & GAY ENGINEERS INC,RFQS,6100,CLMP240,2026-05-11T00:00:00.000Z,MA6100PA180000027109BRO8318275
MA,6100,PA180000027,109,2018 CORRIDOR PROGRAM ENGINEERING SERVICES ROTATION LIST,Capital Contracting Office,unknown,unknown,115000000,111460417.18,96093332.19,2018-04-27T00:00:00.000Z,2025-04-26T00:00:00.000Z,55,Pers / Prof / Plan Svcs (252),0018-03-22T00:00:00.000Z,36,Sole and Single Source,8,BIN7163385,BINKLEY & BARFIELD INC,N/A,RFQS,6100,CLMP240,2026-05-11T00:00:00.000Z,MA6100PA180000027109BIN7163385
MA,6100,PA180000027,109,2018 CORRIDOR PROGRAM ENGINEERING SERVICES ROTATION LIST,Capital Contracting Office,unknown,unknown,115000000,111460417.18,96093332.19,2018-04-27T00:00:00.000Z,2025-04-26T00:00:00.000Z,55,Pers / Prof / Plan Svcs (252),0018-03-22T00:00:00.000Z,36,Sole and Single Source,10,ALL7111300,ALLIANCE TRANSPORTATION GROUP LLC,N/A,RFQS,6100,CLMP240,2026-05-11T00:00:00.000Z,MA6100PA180000027109ALL7111300
MA,6100,PA180000027,109,2018 CORRIDOR PROGRAM ENGINEERING SERVICES ROTATION LIST,Capital Contracting Office,unknown,unknown,115000000,111460417.18,96093332.19,2018-04-27T00:00:00.000Z,2025-04-26T00:00:00.000Z,55,Pers / Prof / Plan Svcs (252),0018-03-22T00:00:00.000Z,36,Sole and Single Source,3,LOC2921000,LOCKWOOD ANDREWS & NEWNAM INC,N/A,RFQS,6100,CLMP240,2026-05-11T00:00:00.000Z,MA6100PA180000027109LOC2921000
MA,6100,PA180000027,109,2018 CORRIDOR PROGRAM ENGINEERING SERVICES ROTATION LIST,Capital Contracting Office,unknown,unknown,115000000,111460417.18,96093332.19,2018-04-27T00:00:00.000Z,2025-04-26T00:00:00.000Z,55,Pers / Prof / Plan Svcs (252),0018-03-22T00:00:00.000Z,36,Sole and Single Source,5,KIM7074000,"KIMLEY-HORN AND ASSOCIATES, INC",N/A,RFQS,6100,CLMP240,2026-05-11T00:00:00.000Z,MA6100PA180000027109KIM7074000
MA,6100,PA180000027,109,2018 CORRIDOR PROGRAM ENGINEERING SERVICES ROTATION LIST,Capital Contracting Office,unknown,unknown,115000000,111460417.18,96093332.19,2018-04-27T00:00:00.000Z,2025-04-26T00:00:00.000Z,55,Pers / Prof / Plan Svcs (252),0018-03-22T00:00:00.000Z,36,Sole and Single Source,1,HAL7038625,HALFF ASSOCIATES INC,HALFF,RFQS,6100,CLMP240,2026-05-11T00:00:00.000Z,MA6100PA180000027109HAL7038625
MA,6100,PA180000027,109,2018 CORRIDOR PROGRAM ENGINEERING SERVICES ROTATION LIST,Capital Contracting Office,unknown,unknown,115000000,111460417.18,96093332.19,2018-04-27T00:00:00.000Z,2025-04-26T00:00:00.000Z,55,Pers / Prof / Plan Svcs (252),0018-03-22T00:00:00.000Z,36,Sole and Single Source,7,FRE1930500,FREESE AND NICHOLS INC,FREESE AND NICHOLS,RFQS,6100,CLMP240,2026-05-11T00:00:00.000Z,MA6100PA180000027109FRE1930500
MA,6100,PA180000027,109,2018 CORRIDOR PROGRAM ENGINEERING SERVICES ROTATION LIST,Capital Contracting Office,unknown,unknown,115000000,111460417.18,96093332.19,2018-04-27T00:00:00.000Z,2025-04-26T00:00:00.000Z,55,Pers / Prof / Plan Svcs (252),0018-03-22T00:00:00.000Z,36,Sole and Single Source,9,EAR8307803,AECOM TECHNICAL SERVICES INC,N/A,RFQS,6100,CLMP240,2026-05-11T00:00:00.000Z,MA6100PA180000027109EAR8307803
MA,6100,PA180000027,109,2018 CORRIDOR PROGRAM ENGINEERING SERVICES ROTATION LIST,Capital Contracting Office,unknown,unknown,115000000,111460417.18,96093332.19,2018-04-27T00:00:00.000Z,2025-04-26T00:00:00.000Z,55,Pers / Prof / Plan Svcs (252),0018-03-22T00:00:00.000Z,36,Sole and Single Source,11,DAN8320383,"DEC - CENTRAL TEXAS, LLC",N/A,RFQS,6100,CLMP240,2026-05-11T00:00:00.000Z,MA6100PA180000027109DAN8320383
MA,6100,PA180000027,109,2018 CORRIDOR PROGRAM ENGINEERING SERVICES ROTATION LIST,Capital Contracting Office,unknown,unknown,115000000,111460417.18,96093332.19,2018-04-27T00:00:00.000Z,2025-04-26T00:00:00.000Z,55,Pers / Prof / Plan Svcs (252),0018-03-22T00:00:00.000Z,36,Sole and Single Source,2,CHI7027035,CP&Y INC,STV INFRASTRUCTURE,RFQS,6100,CLMP240,2026-05-11T00:00:00.000Z,MA6100PA180000027109CHI7027035
MA,6100,SA170000007,31,CORRIDOR IMPROVEMENT PROGRAM CONSULTANT,Capital Contracting Office,unknown,unknown,73500000,72522684.84,69583390.97,2017-03-31T00:00:00.000Z,2024-12-31T00:00:00.000Z,55,Pers / Prof / Plan Svcs (252),0018-03-22T00:00:00.000Z,35,Sole and Single Source,1,HDR8318192,HDR ENGINEERING INC,N/A,RFQS,6100,CLMP211,2026-05-11T00:00:00.000Z,MA6100SA17000000731HDR8318192
CT,6100,22120200114,2,WILD HORSE RANCH WWTP EXPANSION,Contract and Land Management Department,unknown,unknown,69588255,69588255,9743815.88,2023-07-14T00:00:00.000Z,,10,Competitive Acquisition,0022-12-01T00:00:00.000Z,13,Construction,1,MAT8308109,MATOUS CONSTRUCTION LTD,MATOUS CONSTRUCTION,IFB,6100,CLMC924,2026-05-11T00:00:00.000Z,CT6100221202001142MAT8308109
MA,6100,SA210000006,3,WALNUT CREEK WWTP EXPANSION TO 100 MILLION GALLONS PER DAY,Capital Contracting Office,unknown,unknown,56186656.7,56186656.7,29526550.08,2020-12-17T00:00:00.000Z,2024-12-16T00:00:00.000Z,55,Pers / Prof / Plan Svcs (252),0020-07-29T00:00:00.000Z,15,Sole and Single Source,1,EAR8307803,AECOM TECHNICAL SERVICES INC,N/A,RFQS,6100,CLMP300,2026-05-11T00:00:00.000Z,MA6100SA2100000063EAR8307803
MA,6100,PA210000056,4,"AE STAFF AUGMENTATION, ENG. AND REL. ENG SERVICES RL",Capital Contracting Office,unknown,unknown,48375000,33260542.71,17445278.85,2021-04-19T00:00:00.000Z,2026-05-02T00:00:00.000Z,55,Pers / Prof / Plan Svcs (252),0021-03-04T00:00:00.000Z,17,Sole and Single Source,1,HDR8318192,HDR ENGINEERING INC,N/A,RFQS,6100,CLMP312,2026-05-11T00:00:00.000Z,MA6100PA2100000564HDR8318192
MA,6100,PA210000056,4,"AE STAFF AUGMENTATION, ENG. AND REL. ENG SERVICES RL",Capital Contracting Office,unknown,unknown,48375000,33260542.71,17445278.85,2021-04-19T00:00:00.000Z,2026-05-02T00:00:00.000Z,55,Pers / Prof / Plan Svcs (252),0021-03-04T00:00:00.000Z,17,Sole and Single Source,2,V00000907190,"ALLEGIS GROUP HOLDINGS, INC.","TEKSYSTEMS, INC. OR AEROTEK, INC. OR ACTALENT SERVICES, LLC",RFQS,6100,CLMP312,2026-05-11T00:00:00.000Z,MA6100PA2100000564V00000907190
MA,6100,CA200000021,7,2020 JOB ORDER CONTRACTING FOR CITY FACILITY IMPROVEMENTS,Capital Contracting Office,unknown,unknown,48000000,16178004.8,9830471.76,2021-01-05T00:00:00.000Z,2024-01-04T00:00:00.000Z,15,Alt Proc Method (252),,4,Other Contracting,3,VS0000020698,ALPHA BUILDING CORPORATION,N/A,CSP,6100,CLMB333,2026-05-11T00:00:00.000Z,MA6100CA2000000217VS0000020698
MA,6100,CA200000021,7,2020 JOB ORDER CONTRACTING FOR CITY FACILITY IMPROVEMENTS,Capital Contracting Office,unknown,unknown,48000000,16178004.8,9830471.76,2021-01-05T00:00:00.000Z,2024-01-04T00:00:00.000Z,15,Alt Proc Method (252),,4,Other Contracting,6,V00000962142,"VELIZ COMPANY, LLC",VELIZ CONSTRUCTION,CSP,6100,CLMB333,2026-05-11T00:00:00.000Z,MA6100CA2000000217V00000962142
MA,6100,CA200000021,7,2020 JOB ORDER CONTRACTING FOR CITY FACILITY IMPROVEMENTS,Capital Contracting Office,unknown,unknown,48000000,16178004.8,9830471.76,2021-01-05T00:00:00.000Z,2024-01-04T00:00:00.000Z,15,Alt Proc Method (252),,4,Other Contracting,4,V00000944656,"BASIC IDIQ, INC.",N/A,CSP,6100,CLMB333,2026-05-11T00:00:00.000Z,MA6100CA2000000217V00000944656
MA,6100,CA200000021,7,2020 JOB ORDER CONTRACTING FOR CITY FACILITY IMPROVEMENTS,Capital Contracting Office,unknown,unknown,48000000,16178004.8,9830471.76,2021-01-05T00:00:00.000Z,2024-01-04T00:00:00.000Z,15,Alt Proc Method (252),,4,Other Contracting,1,V00000906748,BROWN & ROOT INDUSTRIAL SERVICES LLC,N/A,CSP,6100,CLMB333,2026-05-11T00:00:00.000Z,MA6100CA2000000217V00000906748
MA,6100,CA200000021,7,2020 JOB ORDER CONTRACTING FOR CITY FACILITY IMPROVEMENTS,Capital Contracting Office,unknown,unknown,48000000,16178004.8,9830471.76,2021-01-05T00:00:00.000Z,2024-01-04T00:00:00.000Z,15,Alt Proc Method (252),,4,Other Contracting,2,JAM8303623,JAMAIL & SMITH CONSTRUCTION LP,N/A,CSP,6100,CLMB333,2026-05-11T00:00:00.000Z,MA6100CA2000000217JAM8303623
MA,6100,CA200000021,7,2020 JOB ORDER CONTRACTING FOR CITY FACILITY IMPROVEMENTS,Capital Contracting Office,unknown,unknown,48000000,16178004.8,9830471.76,2021-01-05T00:00:00.000Z,2024-01-04T00:00:00.000Z,15,Alt Proc Method (252),,4,Other Contracting,8,HEN6049645,HENSEL PHELPS CONSTRUCTION CO,N/A,CSP,6100,CLMB333,2026-05-11T00:00:00.000Z,MA6100CA2000000217HEN6049645
MA,6100,CA200000021,7,2020 JOB ORDER CONTRACTING FOR CITY FACILITY IMPROVEMENTS,Capital Contracting Office,unknown,unknown,48000000,16178004.8,9830471.76,2021-01-05T00:00:00.000Z,2024-01-04T00:00:00.000Z,15,Alt Proc Method (252),,4,Other Contracting,5,V00000929243,"CENTENNIAL CONTRACTORS ENTERPRISES, INC.",N/A,CSP,6100,CLMB333,2026-05-11T00:00:00.000Z,MA6100CA2000000217V00000929243
MA,6100,CA200000021,7,2020 JOB ORDER CONTRACTING FOR CITY FACILITY IMPROVEMENTS,Capital Contracting Office,unknown,unknown,48000000,16178004.8,9830471.76,2021-01-05T00:00:00.000Z,2024-01-04T00:00:00.000Z,15,Alt Proc Method (252),,4,Other Contracting,7,V00000907889,WARDEN CONSTRUCTION CORPORATION,N/A,CSP,6100,CLMB333,2026-05-11T00:00:00.000Z,MA6100CA2000000217V00000907889
CT,6100,18051100427,12,AUSTIN ENERGY DISTRICT COOLING PLANT #3,Contract and Land Management Department,unknown,unknown,45867882.01,45867882.01,42729180.17,2018-05-25T00:00:00.000Z,,10,Competitive Acquisition,0018-04-26T00:00:00.000Z,5,Construction,1,VC0000103145,FLINTCO LLC,N/A,IFB,6100,CLMC682,2026-05-11T00:00:00.000Z,CT61001805110042712VC0000103145
CT,6100,16040500516,15,DAVIS WATER TREATMENT PLANT TREATED WATER DISCHARGE SYSTEM,Contract and Land Management Department,unknown,unknown,45676261.36,45676261.36,41236943.94,2016-04-13T00:00:00.000Z,,10,Competitive Acquisition,0016-03-31T00:00:00.000Z,11,Construction,1,MAT8308109,MATOUS CONSTRUCTION LTD,MATOUS CONSTRUCTION,IFB,6100,CLMC569,2026-05-11T00:00:00.000Z,CT61001604050051615MAT8308109
MA,6100,PA190000067,12,WATERSHED PROTECTION LOCAL FLOOD RISK REDUCTION RL,Capital Contracting Office,unknown,unknown,45030000,24367439.49,11976507.02,2019-09-23T00:00:00.000Z,2024-12-31T00:00:00.000Z,55,Pers / Prof / Plan Svcs (252),0019-06-19T00:00:00.000Z,9,Sole and Single Source,7,V00000959221,WATERSHED SOLUTIONS JV LLC,N/A,RFQS,6100,CLMP259,2026-05-11T00:00:00.000Z,MA6100PA19000006712V00000959221
MA,6100,PA190000067,12,WATERSHED PROTECTION LOCAL FLOOD RISK REDUCTION RL,Capital Contracting Office,unknown,unknown,45030000,24367439.49,11976507.02,2019-09-23T00:00:00.000Z,2024-12-31T00:00:00.000Z,55,Pers / Prof / Plan Svcs (252),0019-06-19T00:00:00.000Z,9,Sole and Single Source,10,KFR8309453,K FRIESE & ASSOC INC,N/A,RFQS,6100,CLMP259,2026-05-11T00:00:00.000Z,MA6100PA19000006712KFR8309453
MA,6100,PA190000067,12,WATERSHED PROTECTION LOCAL FLOOD RISK REDUCTION RL,Capital Contracting Office,unknown,unknown,45030000,24367439.49,11976507.02,2019-09-23T00:00:00.000Z,2024-12-31T00:00:00.000Z,55,Pers / Prof / Plan Svcs (252),0019-06-19T00:00:00.000Z,9,Sole and Single Source,2,HDR8318192,HDR ENGINEERING INC,N/A,RFQS,6100,CLMP259,2026-05-11T00:00:00.000Z,MA6100PA19000006712HDR8318192
MA,6100,PA190000067,12,WATERSHED PROTECTION LOCAL FLOOD RISK REDUCTION RL,Capital Contracting Office,unknown,unknown,45030000,24367439.49,11976507.02,2019-09-23T00:00:00.000Z,2024-12-31T00:00:00.000Z,55,Pers / Prof / Plan Svcs (252),0019-06-19T00:00:00.000Z,9,Sole and Single Source,8,HAL7038625,HALFF ASSOCIATES INC,HALFF,RFQS,6100,CLMP259,2026-05-11T00:00:00.000Z,MA6100PA19000006712HAL7038625
MA,6100,PA190000067,12,WATERSHED PROTECTION LOCAL FLOOD RISK REDUCTION RL,Capital Contracting Office,unknown,unknown,45030000,24367439.49,11976507.02,2019-09-23T00:00:00.000Z,2024-12-31T00:00:00.000Z,55,Pers / Prof / Plan Svcs (252),0019-06-19T00:00:00.000Z,9,Sole and Single Source,11,V00000914694,"H.W. LOCHNER, INC.","K FRIESE & ASSOCIATES, LLC",RFQS,6100,CLMP259,2026-05-11T00:00:00.000Z,MA6100PA19000006712V00000914694
MA,6100,PA190000067,12,WATERSHED PROTECTION LOCAL FLOOD RISK REDUCTION RL,Capital Contracting Office,unknown,unknown,45030000,24367439.49,11976507.02,2019-09-23T00:00:00.000Z,2024-12-31T00:00:00.000Z,55,Pers / Prof / Plan Svcs (252),0019-06-19T00:00:00.000Z,9,Sole and Single Source,5,LOC2921000,LOCKWOOD ANDREWS & NEWNAM INC,N/A,RFQS,6100,CLMP259,2026-05-11T00:00:00.000Z,MA6100PA19000006712LOC2921000
MA,6100,PA190000067,12,WATERSHED PROTECTION LOCAL FLOOD RISK REDUCTION RL,Capital Contracting Office,unknown,unknown,45030000,24367439.49,11976507.02,2019-09-23T00:00:00.000Z,2024-12-31T00:00:00.000Z,55,Pers / Prof / Plan Svcs (252),0019-06-19T00:00:00.000Z,9,Sole and Single Source,3,FRE1930500,FREESE AND NICHOLS INC,FREESE AND NICHOLS,RFQS,6100,CLMP259,2026-05-11T00:00:00.000Z,MA6100PA19000006712FRE1930500
MA,6100,PA190000067,12,WATERSHED PROTECTION LOCAL FLOOD RISK REDUCTION RL,Capital Contracting Office,unknown,unknown,45030000,24367439.49,11976507.02,2019-09-23T00:00:00.000Z,2024-12-31T00:00:00.000Z,55,Pers / Prof / Plan Svcs (252),0019-06-19T00:00:00.000Z,9,Sole and Single Source,1,EAR8307803,AECOM TECHNICAL SERVICES INC,N/A,RFQS,6100,CLMP259,2026-05-11T00:00:00.000Z,MA6100PA19000006712EAR8307803
MA,6100,PA190000067,12,WATERSHED PROTECTION LOCAL FLOOD RISK REDUCTION RL,Capital Contracting Office,unknown,unknown,45030000,24367439.49,11976507.02,2019-09-23T00:00:00.000Z,2024-12-31T00:00:00.000Z,55,Pers / Prof / Plan Svcs (252),0019-06-19T00:00:00.000Z,9,Sole and Single Source,4,DOU7019035,DOUCET & ASSOCIATES INC,N/A,RFQS,6100,CLMP259,2026-05-11T00:00:00.000Z,MA6100PA19000006712DOU7019035
MA,6100,PA190000067,12,WATERSHED PROTECTION LOCAL FLOOD RISK REDUCTION RL,Capital Contracting Office,unknown,unknown,45030000,24367439.49,11976507.02,2019-09-23T00:00:00.000Z,2024-12-31T00:00:00.000Z,55,Pers / Prof / Plan Svcs (252),0019-06-19T00:00:00.000Z,9,Sole and Single Source,6,BRO8318275,"BGE, INC",BROWN & GAY ENGINEERS INC,RFQS,6100,CLMP259,2026-05-11T00:00:00.000Z,MA6100PA19000006712BRO8318275
MA,6100,PA190000067,12,WATERSHED PROTECTION LOCAL FLOOD RISK REDUCTION RL,Capital Contracting Office,unknown,unknown,45030000,24367439.49,11976507.02,2019-09-23T00:00:00.000Z,2024-12-31T00:00:00.000Z,55,Pers / Prof / Plan Svcs (252),0019-06-19T00:00:00.000Z,9,Sole and Single Source,9,BIN7163385,BINKLEY & BARFIELD INC,N/A,RFQS,6100,CLMP259,2026-05-11T00:00:00.000Z,MA6100PA19000006712BIN7163385
MA,5800,NA230000246,1,PROPERTY INSURANCE,Central Purchasing Office Receptionist,(512) 974-2500,purchinfo@austintexas.gov,42583179,7681956,7681956,2023-10-01T00:00:00.000Z,2026-09-30T00:00:00.000Z,10,Competitive Acquisition,0023-09-21T00:00:00.000Z,29,Non-Professional Services,1,V00000926664,ALLIANT INSURANCE SERVICES INC.,ALLIANT INSURANCE SERVICES,RFP,5800,BJT3009,2026-05-11T00:00:00.000Z,MA5800NA2300002461V00000926664
CT,6100,20042000587,7,NORTH AUSTIN RESERVOIR AND PUMP STATION IMPROVEMENTS,Contract and Land Management Department,unknown,unknown,42455693.66,42455693.66,35151115.92,2020-04-20T00:00:00.000Z,,10,Competitive Acquisition,0020-03-12T00:00:00.000Z,6,Construction,1,VS0000022307,"MGC CONTRACTORS, INC.",N/A,IFB,6100,CLMC760,2026-05-11T00:00:00.000Z,CT6100200420005877VS0000022307
MA,6100,CA220000002,3,UNDERGROUND ELECTRICAL CIVIL CONSTRUCTION,Capital Contracting Office,unknown,unknown,36000000,30723621.74,29833238.09,2021-12-13T00:00:00.000Z,2024-06-25T00:00:00.000Z,15,Alt Proc Method (252),0021-11-18T00:00:00.000Z,17,Other Contracting,1,MAS7127360,MASTEC NORTH AMERICA INC,MASTEC NORTH AMERICA INC,CSP,6100,CLMB338,2026-05-11T00:00:00.000Z,MA6100CA2200000023MAS7127360
CT,6100,20042700606,12,SOUTH AUSTIN REGIONAL WWTP ELECTRICAL SUBSTATION NO.1 REPLAC,Contract and Land Management Department,unknown,unknown,31188996.83,31188996.83,26091878.34,2020-05-28T00:00:00.000Z,,10,Competitive Acquisition,0020-04-23T00:00:00.000Z,9,Non-Professional Services,1,TMO8320608,T MORALES COMPANY ELECTRIC & CONTROLS LTD,N/A,IFB,6100,CLMC739,2026-05-11T00:00:00.000Z,CT61002004270060612TMO8320608
CT,6100,23092600771,1,SPICEWOOD SPRINGS ROAD REGIONAL MOBILITY IMPROVEMENTS,Contract and Land Management Department,unknown,unknown,31076813,31076813,0,2023-10-03T00:00:00.000Z,,10,Competitive Acquisition,0023-09-21T00:00:00.000Z,39,Construction,1,DEN8303211,DENUCCI CONSTRUCTORS L L C,N/A,IFB,6100,CLMC996,2026-05-11T00:00:00.000Z,CT6100230926007711DEN8303211
MA,6100,PA230000075,1,2023 TRANSPORTATION ENGINEERING SERVICES ROTATION LIST,Capital Contracting Office,unknown,unknown,30000000,1206944.74,47770.4,2023-05-01T00:00:00.000Z,2026-04-30T00:00:00.000Z,10,Competitive Acquisition,0023-02-23T00:00:00.000Z,17,Professional Services,13,VS0000035279,DKS ASSOCIATES,DKS ASSOCIATES,RFQS,6100,CLMP338,2026-05-11T00:00:00.000Z,MA6100PA2300000751VS0000035279
MA,6100,PA230000075,1,2023 TRANSPORTATION ENGINEERING SERVICES ROTATION LIST,Capital Contracting Office,unknown,unknown,30000000,1206944.74,47770.4,2023-05-01T00:00:00.000Z,2026-04-30T00:00:00.000Z,10,Competitive Acquisition,0023-02-23T00:00:00.000Z,17,Professional Services,2,V00000974415,"JOHNSON, MIRMIRAN & THOMPSON, INC.",N/A,RFQS,6100,CLMP338,2026-05-11T00:00:00.000Z,MA6100PA2300000751V00000974415
MA,6100,PA230000075,1,2023 TRANSPORTATION ENGINEERING SERVICES ROTATION LIST,Capital Contracting Office,unknown,unknown,30000000,1206944.74,47770.4,2023-05-01T00:00:00.000Z,2026-04-30T00:00:00.000Z,10,Competitive Acquisition,0023-02-23T00:00:00.000Z,17,Professional Services,14,V00000926225,VOLKERT INC.,N/A,RFQS,6100,CLMP338,2026-05-11T00:00:00.000Z,MA6100PA2300000751V00000926225
MA,6100,PA230000075,1,2023 TRANSPORTATION ENGINEERING SERVICES ROTATION LIST,Capital Contracting Office,unknown,unknown,30000000,1206944.74,47770.4,2023-05-01T00:00:00.000Z,2026-04-30T00:00:00.000Z,10,Competitive Acquisition,0023-02-23T00:00:00.000Z,17,Professional Services,1,HDR8318192,HDR ENGINEERING INC,N/A,RFQS,6100,CLMP338,2026-05-11T00:00:00.000Z,MA6100PA2300000751HDR8318192
MA,6100,PA230000075,1,2023 TRANSPORTATION ENGINEERING SERVICES ROTATION LIST,Capital Contracting Office,unknown,unknown,30000000,1206944.74,47770.4,2023-05-01T00:00:00.000Z,2026-04-30T00:00:00.000Z,10,Competitive Acquisition,0023-02-23T00:00:00.000Z,17,Professional Services,11,HAL7038625,HALFF ASSOCIATES INC,HALFF,RFQS,6100,CLMP338,2026-05-11T00:00:00.000Z,MA6100PA2300000751HAL7038625
MA,6100,PA230000075,1,2023 TRANSPORTATION ENGINEERING SERVICES ROTATION LIST,Capital Contracting Office,unknown,unknown,30000000,1206944.74,47770.4,2023-05-01T00:00:00.000Z,2026-04-30T00:00:00.000Z,10,Competitive Acquisition,0023-02-23T00:00:00.000Z,17,Professional Services,8,FRE1930500,FREESE AND NICHOLS INC,FREESE AND NICHOLS,RFQS,6100,CLMP338,2026-05-11T00:00:00.000Z,MA6100PA2300000751FRE1930500
MA,6100,PA230000075,1,2023 TRANSPORTATION ENGINEERING SERVICES ROTATION LIST,Capital Contracting Office,unknown,unknown,30000000,1206944.74,47770.4,2023-05-01T00:00:00.000Z,2026-04-30T00:00:00.000Z,10,Competitive Acquisition,0023-02-23T00:00:00.000Z,17,Professional Services,5,EAR8307803,AECOM TECHNICAL SERVICES INC,N/A,RFQS,6100,CLMP338,2026-05-11T00:00:00.000Z,MA6100PA2300000751EAR8307803
MA,6100,CA220000010,3,LOCAL MOBILITY ADA SIDEWALK & RAMP IMPS GRP 26 IDIQ CITY WID,Capital Contracting Office,unknown,unknown,30000000,18803075.48,9199522.1,2022-06-24T00:00:00.000Z,2024-11-14T00:00:00.000Z,10,Competitive Acquisition,0022-06-16T00:00:00.000Z,24,Construction,1,V00000900503,ALPHA PAVING INDUSTRIES LLC,N/A,IFB,6100,CLMC912,2026-05-11T00:00:00.000Z,MA6100CA2200000103V00000900503
MA,6100,PA230000075,1,2023 TRANSPORTATION ENGINEERING SERVICES ROTATION LIST,Capital Contracting Office,unknown,unknown,30000000,1206944.74,47770.4,2023-05-01T00:00:00.000Z,2026-04-30T00:00:00.000Z,10,Competitive Acquisition,0023-02-23T00:00:00.000Z,17,Professional Services,12,PAP8302018,PAPE-DAWSON CONSULTING ENGINEERS INC,PAPE-DAWSON ENGINEERS,RFQS,6100,CLMP338,2026-05-11T00:00:00.000Z,MA6100PA2300000751PAP8302018
MA,6100,PA230000075,1,2023 TRANSPORTATION ENGINEERING SERVICES ROTATION LIST,Capital Contracting Office,unknown,unknown,30000000,1206944.74,47770.4,2023-05-01T00:00:00.000Z,2026-04-30T00:00:00.000Z,10,Competitive Acquisition,0023-02-23T00:00:00.000Z,17,Professional Services,9,KLO7118020,"RPS INFRASTRUCTURE, INC.",N/A,RFQS,6100,CLMP338,2026-05-11T00:00:00.000Z,MA6100PA2300000751KLO7118020
MA,6100,PA230000075,1,2023 TRANSPORTATION ENGINEERING SERVICES ROTATION LIST,Capital Contracting Office,unknown,unknown,30000000,1206944.74,47770.4,2023-05-01T00:00:00.000Z,2026-04-30T00:00:00.000Z,10,Competitive Acquisition,0023-02-23T00:00:00.000Z,17,Professional Services,3,KIM7074000,"KIMLEY-HORN AND ASSOCIATES, INC",N/A,RFQS,6100,CLMP338,2026-05-11T00:00:00.000Z,MA6100PA2300000751KIM7074000
MA,6100,PA230000075,1,2023 TRANSPORTATION ENGINEERING SERVICES ROTATION LIST,Capital Contracting Office,unknown,unknown,30000000,1206944.74,47770.4,2023-05-01T00:00:00.000Z,2026-04-30T00:00:00.000Z,10,Competitive Acquisition,0023-02-23T00:00:00.000Z,17,Professional Services,10,BIN7163385,BINKLEY & BARFIELD INC,N/A,RFQS,6100,CLMP338,2026-05-11T00:00:00.000Z,MA6100PA2300000751BIN7163385
MA,6100,PA230000075,1,2023 TRANSPORTATION ENGINEERING SERVICES ROTATION LIST,Capital Contracting Office,unknown,unknown,30000000,1206944.74,47770.4,2023-05-01T00:00:00.000Z,2026-04-30T00:00:00.000Z,10,Competitive Acquisition,0023-02-23T00:00:00.000Z,17,Professional Services,6,HUI7037150,"HUITT-ZOLLARS, INC.",N/A,RFQS,6100,CLMP338,2026-05-11T00:00:00.000Z,MA6100PA2300000751HUI7037150
MA,6100,PA230000075,1,2023 TRANSPORTATION ENGINEERING SERVICES ROTATION LIST,Capital Contracting Office,unknown,unknown,30000000,1206944.74,47770.4,2023-05-01T00:00:00.000Z,2026-04-30T00:00:00.000Z,10,Competitive Acquisition,0023-02-23T00:00:00.000Z,17,Professional Services,7,COB7111480,COBB FENDLEY & ASSOC INC,N/A,RFQS,6100,CLMP338,2026-05-11T00:00:00.000Z,MA6100PA2300000751COB7111480
MA,6100,PA230000075,1,2023 TRANSPORTATION ENGINEERING SERVICES ROTATION LIST,Capital Contracting Office,unknown,unknown,30000000,1206944.74,47770.4,2023-05-01T00:00:00.000Z,2026-04-30T00:00:00.000Z,10,Competitive Acquisition,0023-02-23T00:00:00.000Z,17,Professional Services,4,BRO8318275,"BGE, INC",BROWN & GAY ENGINEERS INC,RFQS,6100,CLMP338,2026-05-11T00:00:00.000Z,MA6100PA2300000751BRO8318275
CT,6100,17013000244,15,WALNUT CREEK WWTP TERTIARY FILTER REHABILITATION,Contract and Land Management Department,unknown,unknown,27867300.13,27867300.13,27794840.55,2017-03-23T00:00:00.000Z,,10,Competitive Acquisition,0017-01-26T00:00:00.000Z,12,Construction,1,VS0000037240,"PLW WATERWORKS, LLC",N/A,IFB,6100,CLMC587,2026-05-11T00:00:00.000Z,CT61001701300024415VS0000037240
CT,6100,16080400825,14,DAVIS WTP POWER DISTRIBUTION UPGRADE,Contract and Land Management Department,unknown,unknown,26314647.26,26314647.26,25254640.58,2016-11-28T00:00:00.000Z,,10,Competitive Acquisition,0016-08-04T00:00:00.000Z,6,Construction,1,TMO8320608,T MORALES COMPANY ELECTRIC & CONTROLS LTD,N/A,IFB,6100,CLMC585,2026-05-11T00:00:00.000Z,CT61001608040082514TMO8320608
CT,6100,19082200757,5,ACC HIGHLAND CHILLED WATER PLANT,Contract and Land Management Department,unknown,unknown,25633791.67,25633791.67,25255263.52,2019-08-23T00:00:00.000Z,,10,Competitive Acquisition,0019-08-22T00:00:00.000Z,16,Construction,1,VC0000103145,FLINTCO LLC,N/A,IFB,6100,CLMC730,2026-05-11T00:00:00.000Z,CT6100190822007575VC0000103145
CT,6100,19092400894,8,WALNUT CREEK WWTP SECONDARY PROCESS IMPROVEMENTS,Contract and Land Management Department,unknown,unknown,24879795.34,24879795.34,23934363.12,2019-09-27T00:00:00.000Z,,10,Competitive Acquisition,,9,Construction,1,VS0000037240,"PLW WATERWORKS, LLC",N/A,IFB,6100,CLMC643A,2026-05-11T00:00:00.000Z,CT6100190924008948VS0000037240
MA,6100,PA220000067,3,2022 LARGE DIAMETER W&WW PIPELINE ENG SERVICES ROTATION LIST,Capital Contracting Office,unknown,unknown,24000000,5999352.57,954325.13,2022-08-08T00:00:00.000Z,2025-12-31T00:00:00.000Z,10,Competitive Acquisition,0022-05-19T00:00:00.000Z,1,Professional Services,12,V00000914694,"H.W. LOCHNER, INC.","K FRIESE & ASSOCIATES, LLC",RFQS,6100,CLMP331,2026-05-11T00:00:00.000Z,MA6100PA2200000673V00000914694
MA,6100,PA220000067,3,2022 LARGE DIAMETER W&WW PIPELINE ENG SERVICES ROTATION LIST,Capital Contracting Office,unknown,unknown,24000000,5999352.57,954325.13,2022-08-08T00:00:00.000Z,2025-12-31T00:00:00.000Z,10,Competitive Acquisition,0022-05-19T00:00:00.000Z,1,Professional Services,11,PAR8316134,PARSONS WATER & INFRASTRUCTURE INC,N/A,RFQS,6100,CLMP331,2026-05-11T00:00:00.000Z,MA6100PA2200000673PAR8316134
MA,6100,PA230000098,1,"2023 LOCAL MOBILITY SIDEWALK, BIKEWAY AND URBAN TRAILS FIELD",Capital Contracting Office,unknown,unknown,24000000,573846.72,0,2023-08-03T00:00:00.000Z,2028-08-03T00:00:00.000Z,55,Pers / Prof / Plan Svcs (252),0023-07-20T00:00:00.000Z,48,Sole and Single Source,1,MAR3044500,MWM DESIGNGROUP INC,"MWM DESIGNGROUP OR MARTINEZ, WRIGHT AND MENDEZ INC",RFQS,6100,CLMP349,2026-05-11T00:00:00.000Z,MA6100PA2300000981MAR3044500
MA,6100,PA230000098,1,"2023 LOCAL MOBILITY SIDEWALK, BIKEWAY AND URBAN TRAILS FIELD",Capital Contracting Office,unknown,unknown,24000000,573846.72,0,2023-08-03T00:00:00.000Z,2028-08-03T00:00:00.000Z,55,Pers / Prof / Plan Svcs (252),0023-07-20T00:00:00.000Z,48,Sole and Single Source,2,KLO7118020,"RPS INFRASTRUCTURE, INC.",N/A,RFQS,6100,CLMP349,2026-05-11T00:00:00.000Z,MA6100PA2300000981KLO7118020
MA,6100,PA220000067,3,2022 LARGE DIAMETER W&WW PIPELINE ENG SERVICES ROTATION LIST,Capital Contracting Office,unknown,unknown,24000000,5999352.57,954325.13,2022-08-08T00:00:00.000Z,2025-12-31T00:00:00.000Z,10,Competitive Acquisition,0022-05-19T00:00:00.000Z,1,Professional Services,8,KFR8309453,K FRIESE & ASSOC INC,N/A,RFQS,6100,CLMP331,2026-05-11T00:00:00.000Z,MA6100PA2200000673KFR8309453
MA,6100,PA220000067,3,2022 LARGE DIAMETER W&WW PIPELINE ENG SERVICES ROTATION LIST,Capital Contracting Office,unknown,unknown,24000000,5999352.57,954325.13,2022-08-08T00:00:00.000Z,2025-12-31T00:00:00.000Z,10,Competitive Acquisition,0022-05-19T00:00:00.000Z,1,Professional Services,7,JAC8308529,JACOBS ENGINEERING GROUP INC,JACOBS ENGINEERING GROUP,RFQS,6100,CLMP331,2026-05-11T00:00:00.000Z,MA6100PA2200000673JAC8308529
MA,6100,PA220000067,3,2022 LARGE DIAMETER W&WW PIPELINE ENG SERVICES ROTATION LIST,Capital Contracting Office,unknown,unknown,24000000,5999352.57,954325.13,2022-08-08T00:00:00.000Z,2025-12-31T00:00:00.000Z,10,Competitive Acquisition,0022-05-19T00:00:00.000Z,1,Professional Services,6,FRE1930500,FREESE AND NICHOLS INC,FREESE AND NICHOLS,RFQS,6100,CLMP331,2026-05-11T00:00:00.000Z,MA6100PA2200000673FRE1930500
MA,6100,PA220000067,3,2022 LARGE DIAMETER W&WW PIPELINE ENG SERVICES ROTATION LIST,Capital Contracting Office,unknown,unknown,24000000,5999352.57,954325.13,2022-08-08T00:00:00.000Z,2025-12-31T00:00:00.000Z,10,Competitive Acquisition,0022-05-19T00:00:00.000Z,1,Professional Services,1,EAR8307803,AECOM TECHNICAL SERVICES INC,N/A,RFQS,6100,CLMP331,2026-05-11T00:00:00.000Z,MA6100PA2200000673EAR8307803
MA,6100,PA220000067,3,2022 LARGE DIAMETER W&WW PIPELINE ENG SERVICES ROTATION LIST,Capital Contracting Office,unknown,unknown,24000000,5999352.57,954325.13,2022-08-08T00:00:00.000Z,2025-12-31T00:00:00.000Z,10,Competitive Acquisition,0022-05-19T00:00:00.000Z,1,Professional Services,5,CHI7027035,CP&Y INC,STV INFRASTRUCTURE,RFQS,6100,CLMP331,2026-05-11T00:00:00.000Z,MA6100PA2200000673CHI7027035
MA,6100,PA220000067,3,2022 LARGE DIAMETER W&WW PIPELINE ENG SERVICES ROTATION LIST,Capital Contracting Office,unknown,unknown,24000000,5999352.57,954325.13,2022-08-08T00:00:00.000Z,2025-12-31T00:00:00.000Z,10,Competitive Acquisition,0022-05-19T00:00:00.000Z,1,Professional Services,10,PAP8302018,"PAPE-DAWSON CONSULTING ENGINEERS, LLC",PAPE-DAWSON ENGINEERS,RFQS,6100,CLMP331,2026-05-11T00:00:00.000Z,MA6100PA2200000673PAP8302018
MA,6100,PA220000067,3,2022 LARGE DIAMETER W&WW PIPELINE ENG SERVICES ROTATION LIST,Capital Contracting Office,unknown,unknown,24000000,5999352.57,954325.13,2022-08-08T00:00:00.000Z,2025-12-31T00:00:00.000Z,10,Competitive Acquisition,0022-05-19T00:00:00.000Z,1,Professional Services,9,LOC2921000,LOCKWOOD ANDREWS & NEWNAM INC,N/A,RFQS,6100,CLMP331,2026-05-11T00:00:00.000Z,MA6100PA2200000673LOC2921000
MA,6100,PA230000098,1,"2023 LOCAL MOBILITY SIDEWALK, BIKEWAY AND URBAN TRAILS FIELD",Capital Contracting Office,unknown,unknown,24000000,573846.72,0,2023-08-03T00:00:00.000Z,2028-08-03T00:00:00.000Z,55,Pers / Prof / Plan Svcs (252),0023-07-20T00:00:00.000Z,48,Sole and Single Source,3,HDR8318192,HDR ENGINEERING INC,N/A,RFQS,6100,CLMP349,2026-05-11T00:00:00.000Z,MA6100PA2300000981HDR8318192
MA,6100,PA220000067,3,2022 LARGE DIAMETER W&WW PIPELINE ENG SERVICES ROTATION LIST,Capital Contracting Office,unknown,unknown,24000000,5999352.57,954325.13,2022-08-08T00:00:00.000Z,2025-12-31T00:00:00.000Z,10,Competitive Acquisition,0022-05-19T00:00:00.000Z,1,Professional Services,3,CAS7170685,"CAS CONSULTING AND SERVICES, INC.",N/A,RFQS,6100,CLMP331,2026-05-11T00:00:00.000Z,MA6100PA2200000673CAS7170685
MA,6100,PA220000067,3,2022 LARGE DIAMETER W&WW PIPELINE ENG SERVICES ROTATION LIST,Capital Contracting Office,unknown,unknown,24000000,5999352.57,954325.13,2022-08-08T00:00:00.000Z,2025-12-31T00:00:00.000Z,10,Competitive Acquisition,0022-05-19T00:00:00.000Z,1,Professional Services,4,CAM0933250,CDM SMITH INC,N/A,RFQS,6100,CLMP331,2026-05-11T00:00:00.000Z,MA6100PA2200000673CAM0933250
MA,6100,PA220000067,3,2022 LARGE DIAMETER W&WW PIPELINE ENG SERVICES ROTATION LIST,Capital Contracting Office,unknown,unknown,24000000,5999352.57,954325.13,2022-08-08T00:00:00.000Z,2025-12-31T00:00:00.000Z,10,Competitive Acquisition,0022-05-19T00:00:00.000Z,1,Professional Services,2,BRO8318275,"BGE, INC",BROWN & GAY ENGINEERS INC,RFQS,6100,CLMP331,2026-05-11T00:00:00.000Z,MA6100PA2200000673BRO8318275
MA,6100,PA230000098,1,"2023 LOCAL MOBILITY SIDEWALK, BIKEWAY AND URBAN TRAILS FIELD",Capital Contracting Office,unknown,unknown,24000000,573846.72,0,2023-08-03T00:00:00.000Z,2028-08-03T00:00:00.000Z,55,Pers / Prof / Plan Svcs (252),0023-07-20T00:00:00.000Z,48,Sole and Single Source,4,V00000939969,"CIVILITUDE, LLC",N/A,RFQS,6100,CLMP349,2026-05-11T00:00:00.000Z,MA6100PA2300000981V00000939969
MA,6100,PA230000098,1,"2023 LOCAL MOBILITY SIDEWALK, BIKEWAY AND URBAN TRAILS FIELD",Capital Contracting Office,unknown,unknown,24000000,573846.72,0,2023-08-03T00:00:00.000Z,2028-08-03T00:00:00.000Z,55,Pers / Prof / Plan Svcs (252),0023-07-20T00:00:00.000Z,48,Sole and Single Source,5,PAP8302018,"PAPE-DAWSON CONSULTING ENGINEERS, LLC",PAPE-DAWSON ENGINEERS,RFQS,6100,CLMP349,2026-05-11T00:00:00.000Z,MA6100PA2300000981PAP8302018
MA,6100,CA200000016,10,MISCELLANEOUS STREETS MAINTENANCE OVERLAY IDIQ PROJECT,Capital Contracting Office,unknown,unknown,24000000,14626374.77,11290615.91,2020-07-02T00:00:00.000Z,2024-07-02T00:00:00.000Z,10,Competitive Acquisition,0020-06-11T00:00:00.000Z,47,Construction,2,V00000929983,ASPHALT INC LLC,LONE STAR PAVING OR LONE STAR PAVING COMPANY,IFB,6100,CLMC776,2026-05-11T00:00:00.000Z,MA6100CA20000001610V00000929983
MA,6100,CA200000016,10,MISCELLANEOUS STREETS MAINTENANCE OVERLAY IDIQ PROJECT,Capital Contracting Office,unknown,unknown,24000000,14626374.77,11290615.91,2020-07-02T00:00:00.000Z,2024-07-02T00:00:00.000Z,10,Competitive Acquisition,0020-06-11T00:00:00.000Z,47,Construction,1,V00000907126,AUSTIN MATERIALS LLC,RAMMING PAVING COMPANY,IFB,6100,CLMC776,2026-05-11T00:00:00.000Z,MA6100CA20000001610V00000907126
MA,6300,NA230000096,1,MOWING AND GROUNDS MAINTENANCE,Central Purchasing Office Receptionist,(512) 974-2500,purchinfo@austintexas.gov,22400000,1725214.59,1064385.63,2023-02-21T00:00:00.000Z,2028-02-20T00:00:00.000Z,10,Competitive Acquisition,0023-02-09T00:00:00.000Z,13,Non-Professional Services,4,V00000916824,"PYRAMID CONTRACTING SERVICES, INC.",N/A,IFB,6300,SLW1072,2026-05-11T00:00:00.000Z,MA6300NA2300000961V00000916824
MA,6300,NA230000096,1,MOWING AND GROUNDS MAINTENANCE,Central Purchasing Office Receptionist,(512) 974-2500,purchinfo@austintexas.gov,22400000,1725214.59,1064385.63,2023-02-21T00:00:00.000Z,2028-02-20T00:00:00.000Z,10,Competitive Acquisition,0023-02-09T00:00:00.000Z,13,Non-Professional Services,3,VS0000004060,"UNITY CONTRACTOR SERVICES, INC",N/A,IFB,6300,SLW1072,2026-05-11T00:00:00.000Z,MA6300NA2300000961VS0000004060
MA,6300,NA230000096,1,MOWING AND GROUNDS MAINTENANCE,Central Purchasing Office Receptionist,(512) 974-2500,purchinfo@austintexas.gov,22400000,1725214.59,1064385.63,2023-02-21T00:00:00.000Z,2028-02-20T00:00:00.000Z,10,Competitive Acquisition,0023-02-09T00:00:00.000Z,13,Non-Professional Services,2,V00000932848,CORZA CONSTRUCTION LLC,N/A,IFB,6300,SLW1072,2026-05-11T00:00:00.000Z,MA6300NA2300000961V00000932848
MA,6300,NA230000096,1,MOWING AND GROUNDS MAINTENANCE,Central Purchasing Office Receptionist,(512) 974-2500,purchinfo@austintexas.gov,22400000,1725214.59,1064385.63,2023-02-21T00:00:00.000Z,2028-02-20T00:00:00.000Z,10,Competitive Acquisition,0023-02-09T00:00:00.000Z,13,Non-Professional Services,1,V00000983289,INCIRCLE MANAGEMENT INC,INCIRCLE MANAGEMENT,IFB,6300,SLW1072,2026-05-11T00:00:00.000Z,MA6300NA2300000961V00000983289
MA,6300,NA230000096,1,MOWING AND GROUNDS MAINTENANCE,Central Purchasing Office Receptionist,(512) 974-2500,purchinfo@austintexas.gov,22400000,1725214.59,1064385.63,2023-02-21T00:00:00.000Z,2028-02-20T00:00:00.000Z,10,Competitive Acquisition,0023-02-09T00:00:00.000Z,13,Non-Professional Services,5,V00000935211,ABESCAPE GROUP LLC,N/A,IFB,6300,SLW1072,2026-05-11T00:00:00.000Z,MA6300NA2300000961V00000935211
MA,6100,SA230000002,1,ATD STREET DESIGN STAFF AUGMENTATION,Capital Contracting Office,unknown,unknown,22000000,1949181.34,791128.46,2022-12-20T00:00:00.000Z,2028-12-31T00:00:00.000Z,10,Competitive Acquisition,0022-11-03T00:00:00.000Z,5,Professional Services,1,VS0000034186,"TOOLE DESIGN GROUP, LLC",N/A,RFQS,6100,CLMP341,2026-05-11T00:00:00.000Z,MA6100SA2300000021VS0000034186
CT,6100,23013000192,1,WM CANNON DR CORRIDOR - RUNNING WATER DR - MCKINNEY FALLS PW,Contract and Land Management Department,unknown,unknown,21366910,21366910,4512923.06,2023-08-22T00:00:00.000Z,,10,Competitive Acquisition,0022-12-08T00:00:00.000Z,32,Construction,1,V00000973984,"POSILLICO CIVIL, INC",N/A,IFB,6100,CLMC922,2026-05-11T00:00:00.000Z,CT6100230130001921V00000973984
MA,6100,SA210000020,4,COLONY PARK AND GIVENS DISTRICT PARK AQUATIC FACILITIES CMR,Capital Contracting Office,unknown,unknown,20289712,20289712,4122902.2,2021-06-28T00:00:00.000Z,2024-11-23T00:00:00.000Z,15,Alt Proc Method (252),0020-11-20T00:00:00.000Z,8,Other Contracting,1,VC0000103145,FLINTCO LLC,N/A,RFQS,6100,CLMA032,2026-05-11T00:00:00.000Z,MA6100SA2100000204VC0000103145
MA,2200,GA190000059,11,QUICKLIME AND TEKKEM SLAKER QUICKLIME,Central Purchasing Office Receptionist,(512) 974-2500,purchinfo@austintexas.gov,20066000,14004259.28,12302757.26,2019-09-23T00:00:00.000Z,2024-09-22T00:00:00.000Z,10,Competitive Acquisition,0019-09-19T00:00:00.000Z,54,Commodities (Goods),2,VS0000003038,"LHOIST NORTH AMERICA OF TEXAS, LLC",LHOIST NORTH AMERICA OF TEXAS,IFB,2200,GLB1019,2026-05-11T00:00:00.000Z,MA2200GA19000005911VS0000003038
MA,2200,GA190000059,11,QUICKLIME AND TEKKEM SLAKER QUICKLIME,Central Purchasing Office Receptionist,(512) 974-2500,purchinfo@austintexas.gov,20066000,14004259.28,12302757.26,2019-09-23T00:00:00.000Z,2024-09-22T00:00:00.000Z,10,Competitive Acquisition,0019-09-19T00:00:00.000Z,54,Commodities (Goods),1,AUS0505250,AUSTIN WHITE LIME CO,N/A,IFB,2200,GLB1019,2026-05-11T00:00:00.000Z,MA2200GA19000005911AUS0505250
MA,6100,PA160000042,31,2016 LARGE W&WW FACILITIES ENGINEERING SERVICES RL,Capital Contracting Office,unknown,unknown,20000000,19013522.17,17675501.45,2016-05-18T00:00:00.000Z,2023-12-31T00:00:00.000Z,55,Pers / Prof / Plan Svcs (252),0016-02-04T00:00:00.000Z,5,Sole and Single Source,8,VS0000021255,"CH2M HILL ENGINEERS, INC.",CH2M HILL ENGINEERS,RFQS,6100,CLMP186,2026-05-11T00:00:00.000Z,MA6100PA16000004231VS0000021255
MA,6100,PA160000042,31,2016 LARGE W&WW FACILITIES ENGINEERING SERVICES RL,Capital Contracting Office,unknown,unknown,20000000,19013522.17,17675501.45,2016-05-18T00:00:00.000Z,2023-12-31T00:00:00.000Z,55,Pers / Prof / Plan Svcs (252),0016-02-04T00:00:00.000Z,5,Sole and Single Source,4,JAC8308529,JACOBS ENGINEERING GROUP INC,JACOBS ENGINEERING GROUP,RFQS,6100,CLMP186,2026-05-11T00:00:00.000Z,MA6100PA16000004231JAC8308529
MA,6100,PA160000042,31,2016 LARGE W&WW FACILITIES ENGINEERING SERVICES RL,Capital Contracting Office,unknown,unknown,20000000,19013522.17,17675501.45,2016-05-18T00:00:00.000Z,2023-12-31T00:00:00.000Z,55,Pers / Prof / Plan Svcs (252),0016-02-04T00:00:00.000Z,5,Sole and Single Source,10,HDR8318192,HDR ENGINEERING INC,N/A,RFQS,6100,CLMP186,2026-05-11T00:00:00.000Z,MA6100PA16000004231HDR8318192
MA,6100,PA160000042,31,2016 LARGE W&WW FACILITIES ENGINEERING SERVICES RL,Capital Contracting Office,unknown,unknown,20000000,19013522.17,17675501.45,2016-05-18T00:00:00.000Z,2023-12-31T00:00:00.000Z,55,Pers / Prof / Plan Svcs (252),0016-02-04T00:00:00.000Z,5,Sole and Single Source,5,FRE1930500,FREESE AND NICHOLS INC,FREESE AND NICHOLS,RFQS,6100,CLMP186,2026-05-11T00:00:00.000Z,MA6100PA16000004231FRE1930500
MA,6100,CA210000002,6,CORRIDOR MOBILITY PROGRAM TRAFFIC SIGNAL IMPROVEMENTS IDIQ,Capital Contracting Office,unknown,unknown,20000000,11693404.65,5395708.67,2022-05-19T00:00:00.000Z,2024-03-26T00:00:00.000Z,10,Competitive Acquisition,0020-09-17T00:00:00.000Z,56,Construction,1,MAS7127360,MASTEC NORTH AMERICA INC,MASTEC NORTH AMERICA INC,IFB,6100,CLMC801,2026-05-11T00:00:00.000Z,MA6100CA2100000026MAS7127360
MA,6100,PA160000042,31,2016 LARGE W&WW FACILITIES ENGINEERING SERVICES RL,Capital Contracting Office,unknown,unknown,20000000,19013522.17,17675501.45,2016-05-18T00:00:00.000Z,2023-12-31T00:00:00.000Z,55,Pers / Prof / Plan Svcs (252),0016-02-04T00:00:00.000Z,5,Sole and Single Source,7,CAR8306145,CAROLLO ENGINEERS INC,N/A,RFQS,6100,CLMP186,2026-05-11T00:00:00.000Z,MA6100PA16000004231CAR8306145
MA,6100,PA160000042,31,2016 LARGE W&WW FACILITIES ENGINEERING SERVICES RL,Capital Contracting Office,unknown,unknown,20000000,19013522.17,17675501.45,2016-05-18T00:00:00.000Z,2023-12-31T00:00:00.000Z,55,Pers / Prof / Plan Svcs (252),0016-02-04T00:00:00.000Z,5,Sole and Single Source,3,CHI7027035,CP&Y INC,N/A,RFQS,6100,CLMP186,2026-05-11T00:00:00.000Z,MA6100PA16000004231CHI7027035
MA,6100,PA160000042,31,2016 LARGE W&WW FACILITIES ENGINEERING SERVICES RL,Capital Contracting Office,unknown,unknown,20000000,19013522.17,17675501.45,2016-05-18T00:00:00.000Z,2023-12-31T00:00:00.000Z,55,Pers / Prof / Plan Svcs (252),0016-02-04T00:00:00.000Z,5,Sole and Single Source,9,BLA7158805,BLACK & VEATCH CORPORATION,N/A,RFQS,6100,CLMP186,2026-05-11T00:00:00.000Z,MA6100PA16000004231BLA7158805
MA,6100,PA160000042,31,2016 LARGE W&WW FACILITIES ENGINEERING SERVICES RL,Capital Contracting Office,unknown,unknown,20000000,19013522.17,17675501.45,2016-05-18T00:00:00.000Z,2023-12-31T00:00:00.000Z,55,Pers / Prof / Plan Svcs (252),0016-02-04T00:00:00.000Z,5,Sole and Single Source,1,ARC8304977,ARCADIS US INC,N/A,RFQS,6100,CLMP186,2026-05-11T00:00:00.000Z,MA6100PA16000004231ARC8304977
MA,6100,PA160000042,31,2016 LARGE W&WW FACILITIES ENGINEERING SERVICES RL,Capital Contracting Office,unknown,unknown,20000000,19013522.17,17675501.45,2016-05-18T00:00:00.000Z,2023-12-31T00:00:00.000Z,55,Pers / Prof / Plan Svcs (252),0016-02-04T00:00:00.000Z,5,Sole and Single Source,2,EAR8307803,AECOM TECHNICAL SERVICES INC,N/A,RFQS,6100,CLMP186,2026-05-11T00:00:00.000Z,MA6100PA16000004231EAR8307803
MA,6100,PA160000042,31,2016 LARGE W&WW FACILITIES ENGINEERING SERVICES RL,Capital Contracting Office,unknown,unknown,20000000,19013522.17,17675501.45,2016-05-18T00:00:00.000Z,2023-12-31T00:00:00.000Z,55,Pers / Prof / Plan Svcs (252),0016-02-04T00:00:00.000Z,5,Sole and Single Source,6,CHM7087490,CH2M HILL INC,N/A,RFQS,6100,CLMP186,2026-05-11T00:00:00.000Z,MA6100PA16000004231CHM7087490
MA,6100,PA160000042,31,2016 LARGE W&WW FACILITIES ENGINEERING SERVICES RL,Capital Contracting Office,unknown,unknown,20000000,19013522.17,17675501.45,2016-05-18T00:00:00.000Z,2023-12-31T00:00:00.000Z,55,Pers / Prof / Plan Svcs (252),0016-02-04T00:00:00.000Z,5,Sole and Single Source,11,CAM0933250,CDM SMITH INC,N/A,RFQS,6100,CLMP186,2026-05-11T00:00:00.000Z,MA6100PA16000004231CAM0933250
CT,6100,20121600156,5,HORNSBY BEND TRANSFER PUMP STATION AND IRRIGATION SYSTEM IMP,Contract and Land Management Department,unknown,unknown,16407847.32,16407847.32,15179304.27,2020-12-17T00:00:00.000Z,,10,Competitive Acquisition,0020-12-10T00:00:00.000Z,13,Construction,1,V00000956852,"PGC GENERAL CONTRACTORS, LLC",PEABODY GENERAL CONTRACTORS,IFB,6100,CLMC774,2026-05-11T00:00:00.000Z,CT6100201216001565V00000956852
MA,6100,CA220000012,3,LOCAL MOBILITY ADA SIDEWALK & RAMP IMPS GRP 28 IDIQ CITY WID,Capital Contracting Office,unknown,unknown,15000000,14896590.56,9924941.3,2022-06-28T00:00:00.000Z,2024-09-03T00:00:00.000Z,10,Competitive Acquisition,0022-06-27T00:00:00.000Z,26,Construction,1,MUN7143465,MUNIZ CONCRETE & CONTRACTING INC,N/A,IFB,6100,CLMC914,2026-05-11T00:00:00.000Z,MA6100CA2200000123MUN7143465
MA,6100,PA160000003,43,2015 FLOOD HAZARD MITIGATION ROTATION LIST,Contract and Land Management Department,unknown,unknown,15000000,14194345.25,12612801.64,2015-08-13T00:00:00.000Z,2024-12-31T00:00:00.000Z,55,Pers / Prof / Plan Svcs (252),0015-08-13T00:00:00.000Z,3,Sole and Single Source,13,V00000914694,"H.W. LOCHNER, INC.","K FRIESE & ASSOCIATES, LLC",RFQS,6100,CLMP174,2026-05-11T00:00:00.000Z,MA6100PA16000000343V00000914694
MA,6100,PA160000003,43,2015 FLOOD HAZARD MITIGATION ROTATION LIST,Contract and Land Management Department,unknown,unknown,15000000,14194345.25,12612801.64,2015-08-13T00:00:00.000Z,2024-12-31T00:00:00.000Z,55,Pers / Prof / Plan Svcs (252),0015-08-13T00:00:00.000Z,3,Sole and Single Source,3,LOC2921000,LOCKWOOD ANDREWS & NEWNAM INC,N/A,RFQS,6100,CLMP174,2026-05-11T00:00:00.000Z,MA6100PA16000000343LOC2921000
MA,6100,PA160000003,43,2015 FLOOD HAZARD MITIGATION ROTATION LIST,Contract and Land Management Department,unknown,unknown,15000000,14194345.25,12612801.64,2015-08-13T00:00:00.000Z,2024-12-31T00:00:00.000Z,55,Pers / Prof / Plan Svcs (252),0015-08-13T00:00:00.000Z,3,Sole and Single Source,5,HAL7038625,HALFF ASSOCIATES INC,HALFF,RFQS,6100,CLMP174,2026-05-11T00:00:00.000Z,MA6100PA16000000343HAL7038625
MA,6100,PA160000003,43,2015 FLOOD HAZARD MITIGATION ROTATION LIST,Contract and Land Management Department,unknown,unknown,15000000,14194345.25,12612801.64,2015-08-13T00:00:00.000Z,2024-12-31T00:00:00.000Z,55,Pers / Prof / Plan Svcs (252),0015-08-13T00:00:00.000Z,3,Sole and Single Source,12,KLO7118020,"RPS INFRASTRUCTURE, INC.",N/A,RFQS,6100,CLMP174,2026-05-11T00:00:00.000Z,MA6100PA16000000343KLO7118020
MA,6100,PA160000003,43,2015 FLOOD HAZARD MITIGATION ROTATION LIST,Contract and Land Management Department,unknown,unknown,15000000,14194345.25,12612801.64,2015-08-13T00:00:00.000Z,2024-12-31T00:00:00.000Z,55,Pers / Prof / Plan Svcs (252),0015-08-13T00:00:00.000Z,3,Sole and Single Source,7,KFR8309453,K FRIESE & ASSOC INC,N/A,RFQS,6100,CLMP174,2026-05-11T00:00:00.000Z,MA6100PA16000000343KFR8309453
MA,6100,PA160000003,43,2015 FLOOD HAZARD MITIGATION ROTATION LIST,Contract and Land Management Department,unknown,unknown,15000000,14194345.25,12612801.64,2015-08-13T00:00:00.000Z,2024-12-31T00:00:00.000Z,55,Pers / Prof / Plan Svcs (252),0015-08-13T00:00:00.000Z,3,Sole and Single Source,4,HDR8318192,HDR ENGINEERING INC,N/A,RFQS,6100,CLMP174,2026-05-11T00:00:00.000Z,MA6100PA16000000343HDR8318192
MA,6100,PA160000003,43,2015 FLOOD HAZARD MITIGATION ROTATION LIST,Contract and Land Management Department,unknown,unknown,15000000,14194345.25,12612801.64,2015-08-13T00:00:00.000Z,2024-12-31T00:00:00.000Z,55,Pers / Prof / Plan Svcs (252),0015-08-13T00:00:00.000Z,3,Sole and Single Source,11,DOU7019035,DOUCET & ASSOCIATES INC,N/A,RFQS,6100,CLMP174,2026-05-11T00:00:00.000Z,MA6100PA16000000343DOU7019035
MA,6100,PA160000003,43,2015 FLOOD HAZARD MITIGATION ROTATION LIST,Contract and Land Management Department,unknown,unknown,15000000,14194345.25,12612801.64,2015-08-13T00:00:00.000Z,2024-12-31T00:00:00.000Z,55,Pers / Prof / Plan Svcs (252),0015-08-13T00:00:00.000Z,3,Sole and Single Source,9,CAS7170685,"CAS CONSULTING AND SERVICES, INC.",N/A,RFQS,6100,CLMP174,2026-05-11T00:00:00.000Z,MA6100PA16000000343CAS7170685
MA,6100,PA160000003,43,2015 FLOOD HAZARD MITIGATION ROTATION LIST,Contract and Land Management Department,unknown,unknown,15000000,14194345.25,12612801.64,2015-08-13T00:00:00.000Z,2024-12-31T00:00:00.000Z,55,Pers / Prof / Plan Svcs (252),0015-08-13T00:00:00.000Z,3,Sole and Single Source,1,BRO8318275,"BGE, INC",BROWN & GAY ENGINEERS INC,RFQS,6100,CLMP174,2026-05-11T00:00:00.000Z,MA6100PA16000000343BRO8318275
MA,6100,PA180000016,5,"ABIA CONSTRUCTION MAT, GEOTECHNICAL & FORENSIC ENG SRVCS",Capital Contracting Office,unknown,unknown,15000000,3304066.21,2355391.85,2018-03-28T00:00:00.000Z,2024-03-28T00:00:00.000Z,55,Pers / Prof / Plan Svcs (252),0018-02-15T00:00:00.000Z,9,Sole and Single Source,2,RAB3833500,"RABA KISTNER, INC.",N/A,RFQS,6100,CLMP236,2026-05-11T00:00:00.000Z,MA6100PA1800000165RAB3833500
MA,6100,PA160000003,43,2015 FLOOD HAZARD MITIGATION ROTATION LIST,Contract and Land Management Department,unknown,unknown,15000000,14194345.25,12612801.64,2015-08-13T00:00:00.000Z,2024-12-31T00:00:00.000Z,55,Pers / Prof / Plan Svcs (252),0015-08-13T00:00:00.000Z,3,Sole and Single Source,8,VC0000103053,CHAN & PARTNERS ENGINEERING LLC,N/A,RFQS,6100,CLMP174,2026-05-11T00:00:00.000Z,MA6100PA16000000343VC0000103053
MA,6100,PA160000003,43,2015 FLOOD HAZARD MITIGATION ROTATION LIST,Contract and Land Management Department,unknown,unknown,15000000,14194345.25,12612801.64,2015-08-13T00:00:00.000Z,2024-12-31T00:00:00.000Z,55,Pers / Prof / Plan Svcs (252),0015-08-13T00:00:00.000Z,3,Sole and Single Source,6,FRE1930500,FREESE AND NICHOLS INC,FREESE AND NICHOLS,RFQS,6100,CLMP174,2026-05-11T00:00:00.000Z,MA6100PA16000000343FRE1930500
MA,6100,PA160000003,43,2015 FLOOD HAZARD MITIGATION ROTATION LIST,Contract and Land Management Department,unknown,unknown,15000000,14194345.25,12612801.64,2015-08-13T00:00:00.000Z,2024-12-31T00:00:00.000Z,55,Pers / Prof / Plan Svcs (252),0015-08-13T00:00:00.000Z,3,Sole and Single Source,2,ESP7108190,ESPEY CONSULTANTS INC,RPS,RFQS,6100,CLMP174,2026-05-11T00:00:00.000Z,MA6100PA16000000343ESP7108190
MA,6100,PA160000003,43,2015 FLOOD HAZARD MITIGATION ROTATION LIST,Contract and Land Management Department,unknown,unknown,15000000,14194345.25,12612801.64,2015-08-13T00:00:00.000Z,2024-12-31T00:00:00.000Z,55,Pers / Prof / Plan Svcs (252),0015-08-13T00:00:00.000Z,3,Sole and Single Source,10,EAR8307803,AECOM TECHNICAL SERVICES INC,N/A,RFQS,6100,CLMP174,2026-05-11T00:00:00.000Z,MA6100PA16000000343EAR8307803
MA,6100,PA180000016,5,"ABIA CONSTRUCTION MAT, GEOTECHNICAL & FORENSIC ENG SRVCS",Capital Contracting Office,unknown,unknown,15000000,3304066.21,2355391.85,2018-03-28T00:00:00.000Z,2024-03-28T00:00:00.000Z,55,Pers / Prof / Plan Svcs (252),0018-02-15T00:00:00.000Z,9,Sole and Single Source,7,BRY0839750,"FUGRO USA LAND, INC",N/A,RFQS,6100,CLMP236,2026-05-11T00:00:00.000Z,MA6100PA1800000165BRY0839750
MA,6100,PA180000016,5,"ABIA CONSTRUCTION MAT, GEOTECHNICAL & FORENSIC ENG SRVCS",Capital Contracting Office,unknown,unknown,15000000,3304066.21,2355391.85,2018-03-28T00:00:00.000Z,2024-03-28T00:00:00.000Z,55,Pers / Prof / Plan Svcs (252),0018-02-15T00:00:00.000Z,9,Sole and Single Source,3,V00000939833,"HVJ SOUTH CENTRAL TEXAS - M&J, INC.",N/A,RFQS,6100,CLMP236,2026-05-11T00:00:00.000Z,MA6100PA1800000165V00000939833
MA,6100,PA180000016,5,"ABIA CONSTRUCTION MAT, GEOTECHNICAL & FORENSIC ENG SRVCS",Capital Contracting Office,unknown,unknown,15000000,3304066.21,2355391.85,2018-03-28T00:00:00.000Z,2024-03-28T00:00:00.000Z,55,Pers / Prof / Plan Svcs (252),0018-02-15T00:00:00.000Z,9,Sole and Single Source,6,V00000923991,"KLEINFELDER, INC.",KLEINFELDER,RFQS,6100,CLMP236,2026-05-11T00:00:00.000Z,MA6100PA1800000165V00000923991
MA,6100,PA180000016,5,"ABIA CONSTRUCTION MAT, GEOTECHNICAL & FORENSIC ENG SRVCS",Capital Contracting Office,unknown,unknown,15000000,3304066.21,2355391.85,2018-03-28T00:00:00.000Z,2024-03-28T00:00:00.000Z,55,Pers / Prof / Plan Svcs (252),0018-02-15T00:00:00.000Z,9,Sole and Single Source,5,V00000911256,RODRIGUEZ ENGINEERING LABORATORIES LLC,RODRIGUEZ ENGINEERING LABORATORIES OR RODRIGUEZ ENGINEERING,RFQS,6100,CLMP236,2026-05-11T00:00:00.000Z,MA6100PA1800000165V00000911256
MA,6100,PA180000016,5,"ABIA CONSTRUCTION MAT, GEOTECHNICAL & FORENSIC ENG SRVCS",Capital Contracting Office,unknown,unknown,15000000,3304066.21,2355391.85,2018-03-28T00:00:00.000Z,2024-03-28T00:00:00.000Z,55,Pers / Prof / Plan Svcs (252),0018-02-15T00:00:00.000Z,9,Sole and Single Source,1,HBC8308050,TERRACON CONSULTANTS INC,N/A,RFQS,6100,CLMP236,2026-05-11T00:00:00.000Z,MA6100PA1800000165HBC8308050
MA,6100,SA210000013,8,AUSTIN HISTORY CENTER/FAULK LIBRARY CMR,Capital Contracting Office,unknown,unknown,14271972.81,14271972.81,7983509.56,2021-03-02T00:00:00.000Z,2024-10-31T00:00:00.000Z,15,Alt Proc Method (252),0020-07-29T00:00:00.000Z,16,Other Contracting,1,SPA7155935,SPAWGLASS CONTRACTORS INC,N/A,RFQS,6100,CLMA035,2026-05-11T00:00:00.000Z,MA6100SA2100000138SPA7155935
MA,7200,NN230000004,1,RENT (RELIEF OF EMERGENCY NEEDS FOR TENANTS) SOLICITATION,Central Purchasing Office Receptionist,(512) 974-2500,purchinfo@austintexas.gov,14240000,8000000,897674.3,2023-07-21T00:00:00.000Z,2024-07-20T00:00:00.000Z,10,Competitive Acquisition,0023-07-20T00:00:00.000Z,59,Non-Professional Services,1,ELB8311122,EL BUEN SAMARITANO EPISCOPAL MISSION,N/A,RFP,7200,BYS3027,2026-05-11T00:00:00.000Z,MA7200NN2300000041ELB8311122
CT,6100,22061300635,4,ULLRICH WTP PROCESS DRAIN & SUPPORT SYSTEMS IMPROVEMENTS,Contract and Land Management Department,unknown,unknown,14225870.55,14225870.55,4448519.64,2023-02-28T00:00:00.000Z,,10,Competitive Acquisition,0022-06-09T00:00:00.000Z,23,Construction,1,V00000956852,"PGC GENERAL CONTRACTORS, LLC",PEABODY GENERAL CONTRACTORS,IFB,6100,CLMC893,2026-05-11T00:00:00.000Z,CT6100220613006354V00000956852
CT,6100,22051700575,5,AIRPORT BOULEVARD - N. LAMAR BLVD TO 55TH STREET,Contract and Land Management Department,unknown,unknown,13973985.31,13973985.31,7587168.79,2022-08-19T00:00:00.000Z,,10,Competitive Acquisition,0022-04-07T00:00:00.000Z,17,Construction,1,DEN8303211,DENUCCI CONSTRUCTORS L L C,N/A,IFB,6100,CLMC895,2026-05-11T00:00:00.000Z,CT6100220517005755DEN8303211
MA,5000,GA240000006,1,JANITORIAL SUPPLIES,Central Purchasing Office Receptionist,(512) 974-2500,purchinfo@austintexas.gov,13600000,0,0,2023-11-21T00:00:00.000Z,2028-11-20T00:00:00.000Z,10,Competitive Acquisition,0023-11-02T00:00:00.000Z,12,Commodities (Goods),1,V00000964029,"FERGUSON US HOLDINGS, INC","FERGUSON ENTERPRISES, LLC",IFB,5000,BYS1022,2026-05-11T00:00:00.000Z,MA5000GA2400000061V00000964029
MA,5000,GA240000006,1,JANITORIAL SUPPLIES,Central Purchasing Office Receptionist,(512) 974-2500,purchinfo@austintexas.gov,13600000,0,0,2023-11-21T00:00:00.000Z,2028-11-20T00:00:00.000Z,10,Competitive Acquisition,0023-11-02T00:00:00.000Z,12,Commodities (Goods),3,V00000928175,SAFEWAY SUPPLY INC,N/A,IFB,5000,BYS1022,2026-05-11T00:00:00.000Z,MA5000GA2400000061V00000928175
MA,5000,GA240000006,1,JANITORIAL SUPPLIES,Central Purchasing Office Receptionist,(512) 974-2500,purchinfo@austintexas.gov,13600000,0,0,2023-11-21T00:00:00.000Z,2028-11-20T00:00:00.000Z,10,Competitive Acquisition,0023-11-02T00:00:00.000Z,12,Commodities (Goods),2,USA7060185,HD SUPPLY FACILITIES MAINTENANCE LTD,USABLUEBOOK OR THE HOME DEPOT PRO,IFB,5000,BYS1022,2026-05-11T00:00:00.000Z,MA5000GA2400000061USA7060185
MA,5800,NA220000169,1,ROCIP 8 ADMINISTRATOR AND INSURANCE SERVICES,Central Purchasing Office Receptionist,(512) 974-2500,purchinfo@austintexas.gov,12812000,3117142,1527571,2022-09-19T00:00:00.000Z,2029-09-18T00:00:00.000Z,10,Competitive Acquisition,0022-09-15T00:00:00.000Z,19,Non-Professional Services,1,MAR8309722,MARSH USA INC,MARSH USA OR MARSH WORTHAM,RFP,5800,BYS3017,2026-05-11T00:00:00.000Z,MA5800NA2200001691MAR8309722
CT,6100,20021400358,7,ULLRICH WATER TREATMENT PLANT LIME FEED LOOP,Contract and Land Management Department,unknown,unknown,12678817.64,12678817.64,12451711.43,2020-03-24T00:00:00.000Z,,10,Competitive Acquisition,0020-01-23T00:00:00.000Z,14,Construction,1,MAT8308109,"MATOUS CONSTRUCTION II, LTD","MATOUS CONSTRUCTION, LTD OR MATOUS CONSTRUCTION",IFB,6100,CLMC750,2026-05-11T00:00:00.000Z,CT6100200214003587MAT8308109
CT,6100,21082400891,11,RAINEY STREET GAS INSULATED SWITCHGEAR (GIS) SUBSTATION,Contract and Land Management Department,unknown,unknown,12579712.05,12579712.05,11900718.88,2021-08-25T00:00:00.000Z,,10,Competitive Acquisition,0021-07-29T00:00:00.000Z,16,Construction,1,JAY7119145,JAY-REESE CONTRACTORS INC,N/A,IFB,6100,CLMC833,2026-05-11T00:00:00.000Z,CT61002108240089111JAY7119145
MA,6100,SA230000012,2,BRACKENRIDGE GAS INSULATED SWITCHGEAR SUBSTATION REISSUE,Capital Contracting Office,unknown,unknown,12537702.58,808617.6,0,2023-07-07T00:00:00.000Z,2026-12-31T00:00:00.000Z,15,Alt Proc Method (252),0023-04-13T00:00:00.000Z,1,Other Contracting,1,V00000980595,"JINGOLI POWER, LLC",N/A,RFQS,6100,CLMA036A,2026-05-11T00:00:00.000Z,MA6100SA2300000122V00000980595
MA,6100,SA220000014,2,ATD TRANSPORTATION ENGINEERING STAFF AUGMENTATION,Capital Contracting Office,unknown,unknown,12500000,10487373.7,4949487.5,2022-07-12T00:00:00.000Z,2026-07-12T00:00:00.000Z,55,Pers / Prof / Plan Svcs (252),0022-03-24T00:00:00.000Z,20,Sole and Single Source,1,EAR8307803,AECOM TECHNICAL SERVICES INC,N/A,RFQS,6100,CLMP328,2026-05-11T00:00:00.000Z,MA6100SA2200000142EAR8307803
MA,5000,GA230000044,1,SODIUM HYPOCHLORITE,Central Purchasing Office Receptionist,(512) 974-2500,purchinfo@austintexas.gov,12400000,1783017.64,1324372.58,2023-03-29T00:00:00.000Z,2028-03-27T00:00:00.000Z,10,Competitive Acquisition,0023-03-23T00:00:00.000Z,15,Commodities (Goods),2,DPC6018425,"DPC INDUSTRIES, INC",N/A,IFB,5000,AMA1081,2026-05-11T00:00:00.000Z,MA5000GA2300000441DPC6018425
MA,5000,GA230000044,1,SODIUM HYPOCHLORITE,Central Purchasing Office Receptionist,(512) 974-2500,purchinfo@austintexas.gov,12400000,1783017.64,1324372.58,2023-03-29T00:00:00.000Z,2028-03-27T00:00:00.000Z,10,Competitive Acquisition,0023-03-23T00:00:00.000Z,15,Commodities (Goods),1,V00000942878,"PVS MINIBULK, INC.",N/A,IFB,5000,AMA1081,2026-05-11T00:00:00.000Z,MA5000GA2300000441V00000942878
CT,6100,23032800315,3,BURNET ROAD CORRIDOR - AE KRAMER SITE DRAINAGE,Contract and Land Management Department,unknown,unknown,12088426.75,12088426.75,548461.6,2023-04-11T00:00:00.000Z,,10,Competitive Acquisition,0023-03-23T00:00:00.000Z,32,Construction,1,SMI8307578,M.A. SMITH CONTRACTING CO INC,SMITH CONTRACTING CO INC,IFB,6100,CLMC936,2026-05-11T00:00:00.000Z,CT6100230328003153SMI8307578
MA,6100,CA200000019,4,IDIQ STORMWATER INFRASTRUCTURE MAINT. - OPEN SYSTEMS (2020),Capital Contracting Office,unknown,unknown,12000000,4800740.9,4505377.93,2020-08-12T00:00:00.000Z,2024-08-11T00:00:00.000Z,10,Competitive Acquisition,0020-07-29T00:00:00.000Z,10,Construction,1,SAN8316404,SANTA CLARA CONSTRUCTION LTD,N/A,IFB,6100,CLMC799,2026-05-11T00:00:00.000Z,MA6100CA2000000194SAN8316404
MA,6100,CA220000006,2,2020 BOND LOCAL MOBILITY PROJECTS CONSTRUCTION IDIQ,Capital Contracting Office,unknown,unknown,12000000,6541920.78,3207695.65,2022-03-29T00:00:00.000Z,2024-03-29T00:00:00.000Z,10,Competitive Acquisition,0022-03-24T00:00:00.000Z,18,Construction,1,VS0000004060,"UNITY CONTRACTOR SERVICES, INC",N/A,IFB,6100,CLMC890,2026-05-11T00:00:00.000Z,MA6100CA2200000062VS0000004060
MA,6100,SA180000005,5,NORTHEAST WATER TREATMENT PLANT EXPANSION TO 1.5 MGD,Capital Contracting Office,unknown,unknown,11662792.26,11662792.26,5228315.12,2017-12-12T00:00:00.000Z,2028-12-01T00:00:00.000Z,55,Pers / Prof / Plan Svcs (252),0017-08-17T00:00:00.000Z,2,Sole and Single Source,1,CAR8306145,CAROLLO ENGINEERS INC,N/A,RFQS,6100,CLMP215,2026-05-11T00:00:00.000Z,MA6100SA1800000055CAR8306145
CT,6100,22020500342,2,HORNSBY BEND BIOSOLIDS MANAGEMENT PLANT CENTRIFUGES,Contract and Land Management Department,unknown,unknown,11152006.37,11152006.37,6919452.65,2023-08-23T00:00:00.000Z,,10,Competitive Acquisition,0022-01-27T00:00:00.000Z,16,Construction,1,MAT8308109,"MATOUS CONSTRUCTION II, LTD","MATOUS CONSTRUCTION, LTD OR MATOUS CONSTRUCTION",IFB,6100,CLMC872,2026-05-11T00:00:00.000Z,CT6100220205003422MAT8308109
CT,6100,08071602240,16,HOLLY STREET POWER PLANT DECOMMISSIONING,Contract and Land Management Department,unknown,unknown,10793834.72,10793834.72,10785492.38,2008-11-24T00:00:00.000Z,,10,Competitive Acquisition,0013-05-23T00:00:00.000Z,14,Professional Services,1,WES5125100,WESTON SOLUTIONS INC,"WESTON SOLUTIONS, INC.",RFQS,6100,PWP0031,2026-05-11T00:00:00.000Z,CT61000807160224016WES5125100
CT,6100,23102400031,1,OLTORF STREET RECLAIMED WATER MAIN PHASE 2,Contract and Land Management Department,unknown,unknown,10401106.15,10401106.15,0,2023-11-02T00:00:00.000Z,,10,Competitive Acquisition,0023-10-19T00:00:00.000Z,19,Construction,1,CAS7125840,CASH CONSTRUCTION CO INC,N/A,IFB,6100,CLMC986,2026-05-11T00:00:00.000Z,CT6100231024000311CAS7125840
MA,5000,NA230000175,1,"COLLECTION, TRANSPORTATION, AND DISPOSAL OF HAZARDOUS WASTE",Central Purchasing Office Receptionist,(512) 974-2500,purchinfo@austintexas.gov,10040000,1614855.34,232198.78,2023-06-09T00:00:00.000Z,2028-06-08T00:00:00.000Z,10,Competitive Acquisition,0023-06-08T00:00:00.000Z,13,Non-Professional Services,1,CLE7163070,CLEAN HARBORS ENVIRONMENTAL SERVICES INC,N/A,IFB,5000,SLW1078,2026-05-11T00:00:00.000Z,MA5000NA2300001751CLE7163070
MA,6100,CA230000001,1,2023 IDIQ CHILLED WATER CONSTRUCTION IN THE ROW,Capital Contracting Office,unknown,unknown,10000000,3306107.93,411489.36,2023-02-24T00:00:00.000Z,2025-02-23T00:00:00.000Z,10,Competitive Acquisition,0023-02-23T00:00:00.000Z,16,Construction,1,DEN8303211,DENUCCI CONSTRUCTORS L L C,N/A,IFB,6100,CLMC947,2026-05-11T00:00:00.000Z,MA6100CA2300000011DEN8303211
MA,6100,PA230000026,1,2022 BUILDING COMMISSION (CX) SERVICES ROTATION LIST,Capital Contracting Office,unknown,unknown,10000000,732664.38,68139.69,2023-02-16T00:00:00.000Z,2025-12-31T00:00:00.000Z,10,Competitive Acquisition,0022-11-15T00:00:00.000Z,14,Professional Services,8,VS0000015711,SEBESTA INC.,NV5,RFQS,6100,CLMP337,2026-05-11T00:00:00.000Z,MA6100PA2300000261VS0000015711
MA,6100,PA230000026,1,2022 BUILDING COMMISSION (CX) SERVICES ROTATION LIST,Capital Contracting Office,unknown,unknown,10000000,732664.38,68139.69,2023-02-16T00:00:00.000Z,2025-12-31T00:00:00.000Z,10,Competitive Acquisition,0022-11-15T00:00:00.000Z,14,Professional Services,3,GOO7062470,GOODWIN ENGINEERING INC,N/A,RFQS,6100,CLMP337,2026-05-11T00:00:00.000Z,MA6100PA2300000261GOO7062470
MA,6100,PA230000026,1,2022 BUILDING COMMISSION (CX) SERVICES ROTATION LIST,Capital Contracting Office,unknown,unknown,10000000,732664.38,68139.69,2023-02-16T00:00:00.000Z,2025-12-31T00:00:00.000Z,10,Competitive Acquisition,0022-11-15T00:00:00.000Z,14,Professional Services,2,ENE1739000,ENERGY ENGINEERING ASSOC INC,EEA CONSULTING ENGINEERS,RFQS,6100,CLMP337,2026-05-11T00:00:00.000Z,MA6100PA2300000261ENE1739000
MA,6100,PA220000102,1,2022 AUSTIN WATER SCADA SERVICES ROTATION LIST,Capital Contracting Office,unknown,unknown,10000000,389260.38,0,2022-08-16T00:00:00.000Z,2026-09-30T00:00:00.000Z,55,Pers / Prof / Plan Svcs (252),0022-06-09T00:00:00.000Z,22,Sole and Single Source,6,JAC8308529,JACOBS ENGINEERING GROUP INC,JACOBS ENGINEERING GROUP,RFQS,6100,CLMP329,2026-05-11T00:00:00.000Z,MA6100PA2200001021JAC8308529
MA,6100,PA220000102,1,2022 AUSTIN WATER SCADA SERVICES ROTATION LIST,Capital Contracting Office,unknown,unknown,10000000,389260.38,0,2022-08-16T00:00:00.000Z,2026-09-30T00:00:00.000Z,55,Pers / Prof / Plan Svcs (252),0022-06-09T00:00:00.000Z,22,Sole and Single Source,5,HUR2455500,HARUTUNIAN ENGINEERING INC,N/A,RFQS,6100,CLMP329,2026-05-11T00:00:00.000Z,MA6100PA2200001021HUR2455500
MA,6100,PA220000102,1,2022 AUSTIN WATER SCADA SERVICES ROTATION LIST,Capital Contracting Office,unknown,unknown,10000000,389260.38,0,2022-08-16T00:00:00.000Z,2026-09-30T00:00:00.000Z,55,Pers / Prof / Plan Svcs (252),0022-06-09T00:00:00.000Z,22,Sole and Single Source,3,CHI7027035,CP&Y INC,N/A,RFQS,6100,CLMP329,2026-05-11T00:00:00.000Z,MA6100PA2200001021CHI7027035
MA,6100,PA220000102,1,2022 AUSTIN WATER SCADA SERVICES ROTATION LIST,Capital Contracting Office,unknown,unknown,10000000,389260.38,0,2022-08-16T00:00:00.000Z,2026-09-30T00:00:00.000Z,55,Pers / Prof / Plan Svcs (252),0022-06-09T00:00:00.000Z,22,Sole and Single Source,4,BLA7158805,BLACK & VEATCH CORPORATION,N/A,RFQS,6100,CLMP329,2026-05-11T00:00:00.000Z,MA6100PA2200001021BLA7158805
MA,6100,PA220000102,1,2022 AUSTIN WATER SCADA SERVICES ROTATION LIST,Capital Contracting Office,unknown,unknown,10000000,389260.38,0,2022-08-16T00:00:00.000Z,2026-09-30T00:00:00.000Z,55,Pers / Prof / Plan Svcs (252),0022-06-09T00:00:00.000Z,22,Sole and Single Source,2,ARC8304977,ARCADIS US INC,N/A,RFQS,6100,CLMP329,2026-05-11T00:00:00.000Z,MA6100PA2200001021ARC8304977
MA,6100,PA230000026,1,2022 BUILDING COMMISSION (CX) SERVICES ROTATION LIST,Capital Contracting Office,unknown,unknown,10000000,732664.38,68139.69,2023-02-16T00:00:00.000Z,2025-12-31T00:00:00.000Z,10,Competitive Acquisition,0022-11-15T00:00:00.000Z,14,Professional Services,7,V00000930436,"PAGE SOUTHERLAND PAGE, INC.",N/A,RFQS,6100,CLMP337,2026-05-11T00:00:00.000Z,MA6100PA2300000261V00000930436
MA,6100,PA230000026,1,2022 BUILDING COMMISSION (CX) SERVICES ROTATION LIST,Capital Contracting Office,unknown,unknown,10000000,732664.38,68139.69,2023-02-16T00:00:00.000Z,2025-12-31T00:00:00.000Z,10,Competitive Acquisition,0022-11-15T00:00:00.000Z,14,Professional Services,4,JAS2584500,JASMINE ENGINEERING INC,N/A,RFQS,6100,CLMP337,2026-05-11T00:00:00.000Z,MA6100PA2300000261JAS2584500
MA,6100,PA220000102,1,2022 AUSTIN WATER SCADA SERVICES ROTATION LIST,Capital Contracting Office,unknown,unknown,10000000,389260.38,0,2022-08-16T00:00:00.000Z,2026-09-30T00:00:00.000Z,55,Pers / Prof / Plan Svcs (252),0022-06-09T00:00:00.000Z,22,Sole and Single Source,7,V00000915700,"SIGNATURE AUTOMATION, LLC",N/A,RFQS,6100,CLMP329,2026-05-11T00:00:00.000Z,MA6100PA2200001021V00000915700
MA,6100,PA220000102,1,2022 AUSTIN WATER SCADA SERVICES ROTATION LIST,Capital Contracting Office,unknown,unknown,10000000,389260.38,0,2022-08-16T00:00:00.000Z,2026-09-30T00:00:00.000Z,55,Pers / Prof / Plan Svcs (252),0022-06-09T00:00:00.000Z,22,Sole and Single Source,1,PLU3704750,ALAN PLUMMER ASSOCIATES INC,PLUMMER ASSOCIATES INC. OR PLUMMER,RFQS,6100,CLMP329,2026-05-11T00:00:00.000Z,MA6100PA2200001021PLU3704750
MA,6100,CA220000009,3,CORRIDOR MOBILITY PROGRAM BICYCLE & PEDESTRIAN IDIQ PHASE 2,Capital Contracting Office,unknown,unknown,10000000,3610328.56,2375772.86,2022-04-14T00:00:00.000Z,2024-05-31T00:00:00.000Z,10,Competitive Acquisition,0022-04-07T00:00:00.000Z,18,Construction,1,MUN7143465,MUNIZ CONCRETE & CONTRACTING INC,N/A,IFB,6100,CLMC901,2026-05-11T00:00:00.000Z,MA6100CA2200000093MUN7143465
MA,6100,CA220000014,3,2021 FACILITIES - LARGE FACILITIES IDIQ,Capital Contracting Office,unknown,unknown,10000000,3469607.69,304249.09,2022-07-28T00:00:00.000Z,2024-03-19T00:00:00.000Z,10,Competitive Acquisition,0022-07-28T00:00:00.000Z,35,Construction,1,V00000956852,"PGC GENERAL CONTRACTORS, LLC",PEABODY GENERAL CONTRACTORS,IFB,6100,CLMC887,2026-05-11T00:00:00.000Z,MA6100CA2200000143V00000956852
MA,6100,PA230000026,1,2022 BUILDING COMMISSION (CX) SERVICES ROTATION LIST,Capital Contracting Office,unknown,unknown,10000000,732664.38,68139.69,2023-02-16T00:00:00.000Z,2025-12-31T00:00:00.000Z,10,Competitive Acquisition,0022-11-15T00:00:00.000Z,14,Professional Services,1,VS0000005549,COMMAND COMMISSIONING LLC,N/A,RFQS,6100,CLMP337,2026-05-11T00:00:00.000Z,MA6100PA2300000261VS0000005549
MA,6100,PA230000026,1,2022 BUILDING COMMISSION (CX) SERVICES ROTATION LIST,Capital Contracting Office,unknown,unknown,10000000,732664.38,68139.69,2023-02-16T00:00:00.000Z,2025-12-31T00:00:00.000Z,10,Competitive Acquisition,0022-11-15T00:00:00.000Z,14,Professional Services,6,V00000917399,"NODAL PARTNERS, LLC",BEE,RFQS,6100,CLMP337,2026-05-11T00:00:00.000Z,MA6100PA2300000261V00000917399
MA,6100,PA230000026,1,2022 BUILDING COMMISSION (CX) SERVICES ROTATION LIST,Capital Contracting Office,unknown,unknown,10000000,732664.38,68139.69,2023-02-16T00:00:00.000Z,2025-12-31T00:00:00.000Z,10,Competitive Acquisition,0022-11-15T00:00:00.000Z,14,Professional Services,5,VS0000028414,LCCX LLC,LACKEY DE CARVAJAL CX,RFQS,6100,CLMP337,2026-05-11T00:00:00.000Z,MA6100PA2300000261VS0000028414
MA,6100,PA230000026,1,2022 BUILDING COMMISSION (CX) SERVICES ROTATION LIST,Capital Contracting Office,unknown,unknown,10000000,732664.38,68139.69,2023-02-16T00:00:00.000Z,2025-12-31T00:00:00.000Z,10,Competitive Acquisition,0022-11-15T00:00:00.000Z,14,Professional Services,9,VS0000011064,"TEXAS ENERGY ENGINEERING SERVICES, INC.",TEESI ENGINEERING,RFQS,6100,CLMP337,2026-05-11T00:00:00.000Z,MA6100PA2300000261VS0000011064
MA,6100,PA170000034,23,2017 LARGE DIAMETER WTR & WASTEWATER PIPELINE ENGINEERING RL,Capital Contracting Office,unknown,unknown,9999999.9,9419051.52,8516085.68,2017-03-17T00:00:00.000Z,2023-12-31T00:00:00.000Z,55,Pers / Prof / Plan Svcs (252),0016-12-15T00:00:00.000Z,2,Sole and Single Source,2,EAR8307803,AECOM TECHNICAL SERVICES INC,N/A,RFQS,6100,CLMP201,2026-05-11T00:00:00.000Z,MA6100PA17000003423EAR8307803
MA,6100,PA170000034,23,2017 LARGE DIAMETER WTR & WASTEWATER PIPELINE ENGINEERING RL,Capital Contracting Office,unknown,unknown,9999999.9,9419051.52,8516085.68,2017-03-17T00:00:00.000Z,2023-12-31T00:00:00.000Z,55,Pers / Prof / Plan Svcs (252),0016-12-15T00:00:00.000Z,2,Sole and Single Source,12,DOU7019035,DOUCET & ASSOCIATES INC,N/A,RFQS,6100,CLMP201,2026-05-11T00:00:00.000Z,MA6100PA17000003423DOU7019035
MA,6100,PA170000034,23,2017 LARGE DIAMETER WTR & WASTEWATER PIPELINE ENGINEERING RL,Capital Contracting Office,unknown,unknown,9999999.9,9419051.52,8516085.68,2017-03-17T00:00:00.000Z,2023-12-31T00:00:00.000Z,55,Pers / Prof / Plan Svcs (252),0016-12-15T00:00:00.000Z,2,Sole and Single Source,5,DAV1449500,DAVCAR INC,DAVCAR ENGINEERING SERVICES,RFQS,6100,CLMP201,2026-05-11T00:00:00.000Z,MA6100PA17000003423DAV1449500
MA,6100,PA170000034,23,2017 LARGE DIAMETER WTR & WASTEWATER PIPELINE ENGINEERING RL,Capital Contracting Office,unknown,unknown,9999999.9,9419051.52,8516085.68,2017-03-17T00:00:00.000Z,2023-12-31T00:00:00.000Z,55,Pers / Prof / Plan Svcs (252),0016-12-15T00:00:00.000Z,2,Sole and Single Source,1,CAS7170685,"CAS CONSULTING AND SERVICES, INC.",N/A,RFQS,6100,CLMP201,2026-05-11T00:00:00.000Z,MA6100PA17000003423CAS7170685
MA,6100,PA170000034,23,2017 LARGE DIAMETER WTR & WASTEWATER PIPELINE ENGINEERING RL,Capital Contracting Office,unknown,unknown,9999999.9,9419051.52,8516085.68,2017-03-17T00:00:00.000Z,2023-12-31T00:00:00.000Z,55,Pers / Prof / Plan Svcs (252),0016-12-15T00:00:00.000Z,2,Sole and Single Source,8,BRO8318275,"BGE, INC",BROWN & GAY ENGINEERS INC,RFQS,6100,CLMP201,2026-05-11T00:00:00.000Z,MA6100PA17000003423BRO8318275
MA,6100,PA170000034,23,2017 LARGE DIAMETER WTR & WASTEWATER PIPELINE ENGINEERING RL,Capital Contracting Office,unknown,unknown,9999999.9,9419051.52,8516085.68,2017-03-17T00:00:00.000Z,2023-12-31T00:00:00.000Z,55,Pers / Prof / Plan Svcs (252),0016-12-15T00:00:00.000Z,2,Sole and Single Source,6,BLA7158805,BLACK & VEATCH CORPORATION,N/A,RFQS,6100,CLMP201,2026-05-11T00:00:00.000Z,MA6100PA17000003423BLA7158805
MA,6100,PA170000034,23,2017 LARGE DIAMETER WTR & WASTEWATER PIPELINE ENGINEERING RL,Capital Contracting Office,unknown,unknown,9999999.9,9419051.52,8516085.68,2017-03-17T00:00:00.000Z,2023-12-31T00:00:00.000Z,55,Pers / Prof / Plan Svcs (252),0016-12-15T00:00:00.000Z,2,Sole and Single Source,10,CHI7027035,CP&Y INC,STV INFRASTRUCTURE,RFQS,6100,CLMP201,2026-05-11T00:00:00.000Z,MA6100PA17000003423CHI7027035
MA,6100,PA170000034,23,2017 LARGE DIAMETER WTR & WASTEWATER PIPELINE ENGINEERING RL,Capital Contracting Office,unknown,unknown,9999999.9,9419051.52,8516085.68,2017-03-17T00:00:00.000Z,2023-12-31T00:00:00.000Z,55,Pers / Prof / Plan Svcs (252),0016-12-15T00:00:00.000Z,2,Sole and Single Source,3,VC0000103053,CHAN & PARTNERS ENGINEERING LLC,N/A,RFQS,6100,CLMP201,2026-05-11T00:00:00.000Z,MA6100PA17000003423VC0000103053
MA,6100,PA170000034,23,2017 LARGE DIAMETER WTR & WASTEWATER PIPELINE ENGINEERING RL,Capital Contracting Office,unknown,unknown,9999999.9,9419051.52,8516085.68,2017-03-17T00:00:00.000Z,2023-12-31T00:00:00.000Z,55,Pers / Prof / Plan Svcs (252),0016-12-15T00:00:00.000Z,2,Sole and Single Source,11,STA8322756,STANTEC CONSULTING SERVICES INC,N/A,RFQS,6100,CLMP201,2026-05-11T00:00:00.000Z,MA6100PA17000003423STA8322756
MA,6100,PA170000034,23,2017 LARGE DIAMETER WTR & WASTEWATER PIPELINE ENGINEERING RL,Capital Contracting Office,unknown,unknown,9999999.9,9419051.52,8516085.68,2017-03-17T00:00:00.000Z,2023-12-31T00:00:00.000Z,55,Pers / Prof / Plan Svcs (252),0016-12-15T00:00:00.000Z,2,Sole and Single Source,9,PBS7133260,ATKINS NORTH AMERICA INC,ATKINS,RFQS,6100,CLMP201,2026-05-11T00:00:00.000Z,MA6100PA17000003423PBS7133260
MA,6100,PA170000034,23,2017 LARGE DIAMETER WTR & WASTEWATER PIPELINE ENGINEERING RL,Capital Contracting Office,unknown,unknown,9999999.9,9419051.52,8516085.68,2017-03-17T00:00:00.000Z,2023-12-31T00:00:00.000Z,55,Pers / Prof / Plan Svcs (252),0016-12-15T00:00:00.000Z,2,Sole and Single Source,7,LOC2921000,LOCKWOOD ANDREWS & NEWNAM INC,N/A,RFQS,6100,CLMP201,2026-05-11T00:00:00.000Z,MA6100PA17000003423LOC2921000
MA,6100,PA170000034,23,2017 LARGE DIAMETER WTR & WASTEWATER PIPELINE ENGINEERING RL,Capital Contracting Office,unknown,unknown,9999999.9,9419051.52,8516085.68,2017-03-17T00:00:00.000Z,2023-12-31T00:00:00.000Z,55,Pers / Prof / Plan Svcs (252),0016-12-15T00:00:00.000Z,2,Sole and Single Source,4,JAC8308529,JACOBS ENGINEERING GROUP INC,JACOBS ENGINEERING GROUP,RFQS,6100,CLMP201,2026-05-11T00:00:00.000Z,MA6100PA17000003423JAC8308529
MA,6100,SA190000005,7,ENGINEERING SERVICES FOR ELECTRIC SERVICE DELIVERY,Capital Contracting Office,unknown,unknown,9500000,8246203.13,7236169.17,2018-12-18T00:00:00.000Z,2023-12-17T00:00:00.000Z,55,Pers / Prof / Plan Svcs (252),0018-11-01T00:00:00.000Z,8,Sole and Single Source,1,STA7106205,STANLEY CONSULTANTS INC,N/A,RFQS,6100,CLMP247,2026-05-11T00:00:00.000Z,MA6100SA1900000057STA7106205
CT,6100,22110300053,4,ZILKER WATER AND WASTEWATER PIPELINE RENEWAL,Contract and Land Management Department,unknown,unknown,9123963.05,9123963.05,2083250.06,2022-11-29T00:00:00.000Z,,10,Competitive Acquisition,0022-10-27T00:00:00.000Z,11,Construction,1,SMI8307578,M.A. SMITH CONTRACTING CO INC,SMITH CONTRACTING CO INC,IFB,6100,CLMC905,2026-05-11T00:00:00.000Z,CT6100221103000534SMI8307578
CT,6100,21121400227,5,POLYBUTYLENE WATER SERVICES REPLACEMENT PROGRAM,Contract and Land Management Department,unknown,unknown,9105680,9105680,5340074.11,2023-07-05T00:00:00.000Z,,10,Competitive Acquisition,0021-12-09T00:00:00.000Z,25,Construction,1,AUS8321418,AUSTIN UNDERGROUND INC,N/A,IFB,6100,CLMC850,2026-05-11T00:00:00.000Z,CT6100211214002275AUS8321418
CT,6100,23080300599,2,SOUTH TARRYTOWN WATER & WASTEWATER PIPELINE RENEWAL,Contract and Land Management Department,unknown,unknown,9072300,9072300,0,2023-08-10T00:00:00.000Z,,10,Competitive Acquisition,0023-07-20T00:00:00.000Z,51,Construction,1,FAC8317993,FACILITIES REHABILITATION INC,N/A,IFB,6100,CLMC976,2026-05-11T00:00:00.000Z,CT6100230803005992FAC8317993
MA,2200,NA190000175,9,FENCING (ROUGH TERRAIN) ON WQPL AND BCCP,Central Purchasing Office Receptionist,(512) 974-2500,purchinfo@austintexas.gov,9025000,5557972.18,5507659.15,2019-09-23T00:00:00.000Z,2024-09-22T00:00:00.000Z,10,Competitive Acquisition,0019-09-19T00:00:00.000Z,53,Non-Professional Services,1,V00000926847,"HILL COUNTRY FENCE, INC.",N/A,IFB,2200,GLB1013REBID,2026-05-11T00:00:00.000Z,MA2200NA1900001759V00000926847
MA,2200,NA190000175,9,FENCING (ROUGH TERRAIN) ON WQPL AND BCCP,Central Purchasing Office Receptionist,(512) 974-2500,purchinfo@austintexas.gov,9025000,5557972.18,5507659.15,2019-09-23T00:00:00.000Z,2024-09-22T00:00:00.000Z,10,Competitive Acquisition,0019-09-19T00:00:00.000Z,53,Non-Professional Services,2,HIL8312630,HILL COUNTRY FENCE INC,N/A,IFB,2200,GLB1013REBID,2026-05-11T00:00:00.000Z,MA2200NA1900001759HIL8312630
MA,5800,NA230000215,1,MEDICARE ADVANTAGE,Central Purchasing Office Receptionist,(512) 974-2500,purchinfo@austintexas.gov,9000000,0,0,2024-01-01T00:00:00.000Z,2024-12-31T00:00:00.000Z,10,Competitive Acquisition,0023-08-16T00:00:00.000Z,13,Non-Professional Services,1,HEA8304244,HEALTH CARE SERVICE CORPORATION,BLUE CROSS BLUE SHIELD OF TEXAS,RFP,5800,SMW3020,2026-05-11T00:00:00.000Z,MA5800NA2300002151HEA8304244
MA,6100,PA210000001,3,"2020 LOCAL MOBILITY FIELD ENG. FOR PED, BIKE, & TRAIL RL",Capital Contracting Office,unknown,unknown,9000000,8135100.24,6703142.01,2020-10-23T00:00:00.000Z,2025-10-22T00:00:00.000Z,55,Pers / Prof / Plan Svcs (252),0020-07-29T00:00:00.000Z,81,Sole and Single Source,1,V00000939969,"CIVILITUDE, LLC",N/A,RFQS,6100,CLMP301,2026-05-11T00:00:00.000Z,MA6100PA2100000013V00000939969
MA,6100,PA210000001,3,"2020 LOCAL MOBILITY FIELD ENG. FOR PED, BIKE, & TRAIL RL",Capital Contracting Office,unknown,unknown,9000000,8135100.24,6703142.01,2020-10-23T00:00:00.000Z,2025-10-22T00:00:00.000Z,55,Pers / Prof / Plan Svcs (252),0020-07-29T00:00:00.000Z,81,Sole and Single Source,4,PAP8302018,PAPE-DAWSON CONSULTING ENGINEERS INC,PAPE-DAWSON ENGINEERS,RFQS,6100,CLMP301,2026-05-11T00:00:00.000Z,MA6100PA2100000013PAP8302018
MA,6100,PA210000001,3,"2020 LOCAL MOBILITY FIELD ENG. FOR PED, BIKE, & TRAIL RL",Capital Contracting Office,unknown,unknown,9000000,8135100.24,6703142.01,2020-10-23T00:00:00.000Z,2025-10-22T00:00:00.000Z,55,Pers / Prof / Plan Svcs (252),0020-07-29T00:00:00.000Z,81,Sole and Single Source,3,MAR3044500,MWM DESIGNGROUP INC,"MWM DESIGNGROUP OR MARTINEZ, WRIGHT AND MENDEZ INC",RFQS,6100,CLMP301,2026-05-11T00:00:00.000Z,MA6100PA2100000013MAR3044500
MA,6100,PA210000001,3,"2020 LOCAL MOBILITY FIELD ENG. FOR PED, BIKE, & TRAIL RL",Capital Contracting Office,unknown,unknown,9000000,8135100.24,6703142.01,2020-10-23T00:00:00.000Z,2025-10-22T00:00:00.000Z,55,Pers / Prof / Plan Svcs (252),0020-07-29T00:00:00.000Z,81,Sole and Single Source,5,KLO7118020,"RPS INFRASTRUCTURE, INC.",N/A,RFQS,6100,CLMP301,2026-05-11T00:00:00.000Z,MA6100PA2100000013KLO7118020
MA,6100,PA210000001,3,"2020 LOCAL MOBILITY FIELD ENG. FOR PED, BIKE, & TRAIL RL",Capital Contracting Office,unknown,unknown,9000000,8135100.24,6703142.01,2020-10-23T00:00:00.000Z,2025-10-22T00:00:00.000Z,55,Pers / Prof / Plan Svcs (252),0020-07-29T00:00:00.000Z,81,Sole and Single Source,2,HDR8318192,HDR ENGINEERING INC,N/A,RFQS,6100,CLMP301,2026-05-11T00:00:00.000Z,MA6100PA2100000013HDR8318192
CT,6100,22052000582,8,STASSNEY LN FROM TERI RD TO BURLESON RD,Contract and Land Management Department,unknown,unknown,8674279.27,8674279.27,7757124.96,2022-08-15T00:00:00.000Z,,10,Competitive Acquisition,0022-05-19T00:00:00.000Z,10,Construction,1,SMI8307578,M.A. SMITH CONTRACTING CO INC,SMITH CONTRACTING CO INC,IFB,6100,CLMC915,2026-05-11T00:00:00.000Z,CT6100220520005828SMI8307578
CT,6100,22030700402,7,DAVIS & HANDCOX WTP POLYMER FEED SYS (2018 FLOOD RES. IMPMT),Contract and Land Management Department,unknown,unknown,8438658,8438658,5750718.26,2022-03-11T00:00:00.000Z,,10,Competitive Acquisition,0022-03-03T00:00:00.000Z,5,Construction,1,MAT8308109,"MATOUS CONSTRUCTION II, LTD","MATOUS CONSTRUCTION, LTD OR MATOUS CONSTRUCTION",IFB,6100,CLMC883,2026-05-11T00:00:00.000Z,CT6100220307004027MAT8308109
MA,6100,PA200000014,18,2019 SMALL DIAMETER W & WW PIPELINE ENGINEERING RL,Capital Contracting Office,unknown,unknown,8400000,6298940.49,4386045.43,2019-11-14T00:00:00.000Z,2023-12-31T00:00:00.000Z,10,Competitive Acquisition,0019-09-19T00:00:00.000Z,16,Professional Services,6,HDR8318192,HDR ENGINEERING INC,N/A,RFQS,6100,CLMP263,2026-05-11T00:00:00.000Z,MA6100PA20000001418HDR8318192
MA,6100,PA200000014,18,2019 SMALL DIAMETER W & WW PIPELINE ENGINEERING RL,Capital Contracting Office,unknown,unknown,8400000,6298940.49,4386045.43,2019-11-14T00:00:00.000Z,2023-12-31T00:00:00.000Z,10,Competitive Acquisition,0019-09-19T00:00:00.000Z,16,Professional Services,1,DOU7019035,DOUCET & ASSOCIATES INC,N/A,RFQS,6100,CLMP263,2026-05-11T00:00:00.000Z,MA6100PA20000001418DOU7019035
MA,6100,PA200000014,18,2019 SMALL DIAMETER W & WW PIPELINE ENGINEERING RL,Capital Contracting Office,unknown,unknown,8400000,6298940.49,4386045.43,2019-11-14T00:00:00.000Z,2023-12-31T00:00:00.000Z,10,Competitive Acquisition,0019-09-19T00:00:00.000Z,16,Professional Services,13,V00000934970,RILEY MOUNTAIN ENGINEERING LLC,N/A,RFQS,6100,CLMP263,2026-05-11T00:00:00.000Z,MA6100PA20000001418V00000934970
MA,6100,PA200000014,18,2019 SMALL DIAMETER W & WW PIPELINE ENGINEERING RL,Capital Contracting Office,unknown,unknown,8400000,6298940.49,4386045.43,2019-11-14T00:00:00.000Z,2023-12-31T00:00:00.000Z,10,Competitive Acquisition,0019-09-19T00:00:00.000Z,16,Professional Services,2,V00000902075,MILLER GRAY LLC,N/A,RFQS,6100,CLMP263,2026-05-11T00:00:00.000Z,MA6100PA20000001418V00000902075
MA,6100,PA200000014,18,2019 SMALL DIAMETER W & WW PIPELINE ENGINEERING RL,Capital Contracting Office,unknown,unknown,8400000,6298940.49,4386045.43,2019-11-14T00:00:00.000Z,2023-12-31T00:00:00.000Z,10,Competitive Acquisition,0019-09-19T00:00:00.000Z,16,Professional Services,10,MAR3044500,MWM DESIGNGROUP INC,"MWM DESIGNGROUP OR MARTINEZ, WRIGHT AND MENDEZ INC",RFQS,6100,CLMP263,2026-05-11T00:00:00.000Z,MA6100PA20000001418MAR3044500
MA,6100,PA200000014,18,2019 SMALL DIAMETER W & WW PIPELINE ENGINEERING RL,Capital Contracting Office,unknown,unknown,8400000,6298940.49,4386045.43,2019-11-14T00:00:00.000Z,2023-12-31T00:00:00.000Z,10,Competitive Acquisition,0019-09-19T00:00:00.000Z,16,Professional Services,5,COB7111480,COBB FENDLEY & ASSOC INC,N/A,RFQS,6100,CLMP263,2026-05-11T00:00:00.000Z,MA6100PA20000001418COB7111480
MA,6100,PA200000014,18,2019 SMALL DIAMETER W & WW PIPELINE ENGINEERING RL,Capital Contracting Office,unknown,unknown,8400000,6298940.49,4386045.43,2019-11-14T00:00:00.000Z,2023-12-31T00:00:00.000Z,10,Competitive Acquisition,0019-09-19T00:00:00.000Z,16,Professional Services,11,VS0000032004,"WALKER PARTNERS, LLC",N/A,RFQS,6100,CLMP263,2026-05-11T00:00:00.000Z,MA6100PA20000001418VS0000032004
MA,6100,PA200000014,18,2019 SMALL DIAMETER W & WW PIPELINE ENGINEERING RL,Capital Contracting Office,unknown,unknown,8400000,6298940.49,4386045.43,2019-11-14T00:00:00.000Z,2023-12-31T00:00:00.000Z,10,Competitive Acquisition,0019-09-19T00:00:00.000Z,16,Professional Services,8,VS0000002369,KENNEDY/JENKS CONSULTANTS INC,KENNEDY/JENKS CONSULTANTS,RFQS,6100,CLMP263,2026-05-11T00:00:00.000Z,MA6100PA20000001418VS0000002369
MA,6100,PA200000014,18,2019 SMALL DIAMETER W & WW PIPELINE ENGINEERING RL,Capital Contracting Office,unknown,unknown,8400000,6298940.49,4386045.43,2019-11-14T00:00:00.000Z,2023-12-31T00:00:00.000Z,10,Competitive Acquisition,0019-09-19T00:00:00.000Z,16,Professional Services,3,WES5125100,WESTON SOLUTIONS INC,"WESTON SOLUTIONS, INC.",RFQS,6100,CLMP263,2026-05-11T00:00:00.000Z,MA6100PA20000001418WES5125100
MA,6100,PA200000014,18,2019 SMALL DIAMETER W & WW PIPELINE ENGINEERING RL,Capital Contracting Office,unknown,unknown,8400000,6298940.49,4386045.43,2019-11-14T00:00:00.000Z,2023-12-31T00:00:00.000Z,10,Competitive Acquisition,0019-09-19T00:00:00.000Z,16,Professional Services,7,VIC7091950,VICKREY & ASSOC LLC,N/A,RFQS,6100,CLMP263,2026-05-11T00:00:00.000Z,MA6100PA20000001418VIC7091950
MA,6100,PA200000014,18,2019 SMALL DIAMETER W & WW PIPELINE ENGINEERING RL,Capital Contracting Office,unknown,unknown,8400000,6298940.49,4386045.43,2019-11-14T00:00:00.000Z,2023-12-31T00:00:00.000Z,10,Competitive Acquisition,0019-09-19T00:00:00.000Z,16,Professional Services,12,VC0000101638,TETRA TECH INC,N/A,RFQS,6100,CLMP263,2026-05-11T00:00:00.000Z,MA6100PA20000001418VC0000101638
CT,6100,22082600851,1,ONION CREEK RECLAIMED WATER MAIN PHASE 1,Contract and Land Management Department,unknown,unknown,8252332,8252332,3583833.7,2023-08-08T00:00:00.000Z,,10,Competitive Acquisition,0022-07-28T00:00:00.000Z,38,Construction,1,AUS8321418,AUSTIN UNDERGROUND INC,N/A,IFB,6100,CLMC876,2026-05-11T00:00:00.000Z,CT6100220826008511AUS8321418
CT,6100,21121400224,4,HYDE PARK WATER AND WASTEWATER PIPELINE RENEWAL,Contract and Land Management Department,unknown,unknown,8149751.5,8149751.5,5226406.98,2022-10-29T00:00:00.000Z,,10,Competitive Acquisition,0021-12-09T00:00:00.000Z,24,Construction,1,SAN8316404,SANTA CLARA CONSTRUCTION LTD,N/A,IFB,6100,CLMC839,2026-05-11T00:00:00.000Z,CT6100211214002244SAN8316404
MA,6100,SA220000022,5,PROFESSIONAL SERVICES FOR ADEP AIRFIELD CONSTRUCTION,Capital Contracting Office,unknown,unknown,8012834.46,8012834.46,3356845.73,2022-09-07T00:00:00.000Z,2026-07-31T00:00:00.000Z,55,Pers / Prof / Plan Svcs (252),0022-06-16T00:00:00.000Z,27,Sole and Single Source,1,REY8309587,"RS&H, INC.",RS&H,RFQS,6100,CLMP326,2026-05-11T00:00:00.000Z,MA6100SA2200000225REY8309587
MA,6100,SA180000003,13,STREET DESIGN STAFF AUGMENTATION (SIT-IN CONSULTANT),Capital Contracting Office,unknown,unknown,8000000,7978940.16,7580737.05,2017-11-13T00:00:00.000Z,2024-12-31T00:00:00.000Z,55,Pers / Prof / Plan Svcs (252),0017-08-03T00:00:00.000Z,51,Sole and Single Source,1,VS0000034186,"TOOLE DESIGN GROUP, LLC",N/A,RFQS,6100,CLMP229,2026-05-11T00:00:00.000Z,MA6100SA18000000313VS0000034186
CT,6100,22121300129,2,AUSTIN TO MANOR PHASE 2 - TRAIL,Contract and Land Management Department,unknown,unknown,7732084.5,7732084.5,3122589.73,2023-08-28T00:00:00.000Z,,10,Competitive Acquisition,0022-10-27T00:00:00.000Z,13,Construction,1,MON7153870,MAC INC,N/A,IFB,6100,CLMC909,2026-05-11T00:00:00.000Z,CT6100221213001292MON7153870
MA,6100,SA190000008,5,SOUTH AREA AND NORTHWEST AREA LIFT STATION IMPROVEMENTS,Capital Contracting Office,unknown,unknown,7635402.33,5883815.6,4843706.01,2019-02-08T00:00:00.000Z,2025-12-31T00:00:00.000Z,55,Pers / Prof / Plan Svcs (252),0018-11-01T00:00:00.000Z,007,Sole and Single Source,2,CAM0933250,CDM SMITH INC,N/A,RFQS,6100,CLMP246,2026-05-11T00:00:00.000Z,MA6100SA1900000085CAM0933250
MA,6100,SA190000008,5,SOUTH AREA AND NORTHWEST AREA LIFT STATION IMPROVEMENTS,Capital Contracting Office,unknown,unknown,7635402.33,5883815.6,4843706.01,2019-02-08T00:00:00.000Z,2025-12-31T00:00:00.000Z,55,Pers / Prof / Plan Svcs (252),0018-11-01T00:00:00.000Z,007,Sole and Single Source,3,V00000914694,"H.W. LOCHNER, INC.","K FRIESE & ASSOCIATES, LLC",RFQS,6100,CLMP246,2026-05-11T00:00:00.000Z,MA6100SA1900000085V00000914694
MA,6100,SA190000008,5,SOUTH AREA AND NORTHWEST AREA LIFT STATION IMPROVEMENTS,Capital Contracting Office,unknown,unknown,7635402.33,5883815.6,4843706.01,2019-02-08T00:00:00.000Z,2025-12-31T00:00:00.000Z,55,Pers / Prof / Plan Svcs (252),0018-11-01T00:00:00.000Z,007,Sole and Single Source,1,KFR8309453,K FRIESE & ASSOC INC,N/A,RFQS,6100,CLMP246,2026-05-11T00:00:00.000Z,MA6100SA1900000085KFR8309453
MA,6100,PA110000004,46,WATER AND WASTEWATER PIPELINE ENGINEERING ROTATION LIST,Contract and Land Management Department,unknown,unknown,7500000,6873880.86,6690764.03,2010-11-18T00:00:00.000Z,2025-12-31T00:00:00.000Z,10,Competitive Acquisition,0010-11-18T00:00:00.000Z,11,Professional Services,7,RAY1093500,RAYMOND CHAN & ASSOC INC,N/A,RFQS,6100,CLMP042,2026-05-11T00:00:00.000Z,MA6100PA11000000446RAY1093500
MA,6100,PA110000004,46,WATER AND WASTEWATER PIPELINE ENGINEERING ROTATION LIST,Contract and Land Management Department,unknown,unknown,7500000,6873880.86,6690764.03,2010-11-18T00:00:00.000Z,2025-12-31T00:00:00.000Z,10,Competitive Acquisition,0010-11-18T00:00:00.000Z,11,Professional Services,9,VS0000008095,"ARDURRA GROUP, INC.","KING ENGINEERING ASSOCIATES, INC.",RFQS,6100,CLMP042,2026-05-11T00:00:00.000Z,MA6100PA11000000446VS0000008095
MA,6100,PA110000004,46,WATER AND WASTEWATER PIPELINE ENGINEERING ROTATION LIST,Contract and Land Management Department,unknown,unknown,7500000,6873880.86,6690764.03,2010-11-18T00:00:00.000Z,2025-12-31T00:00:00.000Z,10,Competitive Acquisition,0010-11-18T00:00:00.000Z,11,Professional Services,11,VC0000103053,CHAN & PARTNERS ENGINEERING LLC,N/A,RFQS,6100,CLMP042,2026-05-11T00:00:00.000Z,MA6100PA11000000446VC0000103053
MA,6100,PA110000004,46,WATER AND WASTEWATER PIPELINE ENGINEERING ROTATION LIST,Contract and Land Management Department,unknown,unknown,7500000,6873880.86,6690764.03,2010-11-18T00:00:00.000Z,2025-12-31T00:00:00.000Z,10,Competitive Acquisition,0010-11-18T00:00:00.000Z,11,Professional Services,14,V00000914694,"H.W. LOCHNER, INC.","K FRIESE & ASSOCIATES, LLC",RFQS,6100,CLMP042,2026-05-11T00:00:00.000Z,MA6100PA11000000446V00000914694
MA,6100,PA110000004,46,WATER AND WASTEWATER PIPELINE ENGINEERING ROTATION LIST,Contract and Land Management Department,unknown,unknown,7500000,6873880.86,6690764.03,2010-11-18T00:00:00.000Z,2025-12-31T00:00:00.000Z,10,Competitive Acquisition,0010-11-18T00:00:00.000Z,11,Professional Services,6,PBS7133260,ATKINS NORTH AMERICA INC,ATKINS,RFQS,6100,CLMP042,2026-05-11T00:00:00.000Z,MA6100PA11000000446PBS7133260
MA,6100,PA110000004,46,WATER AND WASTEWATER PIPELINE ENGINEERING ROTATION LIST,Contract and Land Management Department,unknown,unknown,7500000,6873880.86,6690764.03,2010-11-18T00:00:00.000Z,2025-12-31T00:00:00.000Z,10,Competitive Acquisition,0010-11-18T00:00:00.000Z,11,Professional Services,13,KLO7118020,"RPS INFRASTRUCTURE, INC.",N/A,RFQS,6100,CLMP042,2026-05-11T00:00:00.000Z,MA6100PA11000000446KLO7118020
MA,6100,PA110000004,46,WATER AND WASTEWATER PIPELINE ENGINEERING ROTATION LIST,Contract and Land Management Department,unknown,unknown,7500000,6873880.86,6690764.03,2010-11-18T00:00:00.000Z,2025-12-31T00:00:00.000Z,10,Competitive Acquisition,0010-11-18T00:00:00.000Z,11,Professional Services,3,JAC8308529,JACOBS ENGINEERING GROUP INC,JACOBS ENGINEERING GROUP,RFQS,6100,CLMP042,2026-05-11T00:00:00.000Z,MA6100PA11000000446JAC8308529
MA,6100,PA110000004,46,WATER AND WASTEWATER PIPELINE ENGINEERING ROTATION LIST,Contract and Land Management Department,unknown,unknown,7500000,6873880.86,6690764.03,2010-11-18T00:00:00.000Z,2025-12-31T00:00:00.000Z,10,Competitive Acquisition,0010-11-18T00:00:00.000Z,11,Professional Services,2,HAL7038625,HALFF ASSOCIATES INC,HALFF,RFQS,6100,CLMP042,2026-05-11T00:00:00.000Z,MA6100PA11000000446HAL7038625
MA,6100,PA110000004,46,WATER AND WASTEWATER PIPELINE ENGINEERING ROTATION LIST,Contract and Land Management Department,unknown,unknown,7500000,6873880.86,6690764.03,2010-11-18T00:00:00.000Z,2025-12-31T00:00:00.000Z,10,Competitive Acquisition,0010-11-18T00:00:00.000Z,11,Professional Services,1,ESP7108190,ESPEY CONSULTANTS INC,RPS,RFQS,6100,CLMP042,2026-05-11T00:00:00.000Z,MA6100PA11000000446ESP7108190
MA,6100,PA110000004,46,WATER AND WASTEWATER PIPELINE ENGINEERING ROTATION LIST,Contract and Land Management Department,unknown,unknown,7500000,6873880.86,6690764.03,2010-11-18T00:00:00.000Z,2025-12-31T00:00:00.000Z,10,Competitive Acquisition,0010-11-18T00:00:00.000Z,11,Professional Services,12,DOU7019035,DOUCET & ASSOCIATES INC,N/A,RFQS,6100,CLMP042,2026-05-11T00:00:00.000Z,MA6100PA11000000446DOU7019035
MA,6100,PA110000004,46,WATER AND WASTEWATER PIPELINE ENGINEERING ROTATION LIST,Contract and Land Management Department,unknown,unknown,7500000,6873880.86,6690764.03,2010-11-18T00:00:00.000Z,2025-12-31T00:00:00.000Z,10,Competitive Acquisition,0010-11-18T00:00:00.000Z,11,Professional Services,10,DAV1449500,DAVCAR INC,DAVCAR ENGINEERING SERVICES,RFQS,6100,CLMP042,2026-05-11T00:00:00.000Z,MA6100PA11000000446DAV1449500
MA,6100,PA110000004,46,WATER AND WASTEWATER PIPELINE ENGINEERING ROTATION LIST,Contract and Land Management Department,unknown,unknown,7500000,6873880.86,6690764.03,2010-11-18T00:00:00.000Z,2025-12-31T00:00:00.000Z,10,Competitive Acquisition,0010-11-18T00:00:00.000Z,11,Professional Services,4,KFR8309453,K FRIESE & ASSOC INC,N/A,RFQS,6100,CLMP042,2026-05-11T00:00:00.000Z,MA6100PA11000000446KFR8309453
MA,6100,PA110000004,46,WATER AND WASTEWATER PIPELINE ENGINEERING ROTATION LIST,Contract and Land Management Department,unknown,unknown,7500000,6873880.86,6690764.03,2010-11-18T00:00:00.000Z,2025-12-31T00:00:00.000Z,10,Competitive Acquisition,0010-11-18T00:00:00.000Z,11,Professional Services,8,CAS7170685,"CAS CONSULTING AND SERVICES, INC.",N/A,RFQS,6100,CLMP042,2026-05-11T00:00:00.000Z,MA6100PA11000000446CAS7170685
MA,6100,PA110000004,46,WATER AND WASTEWATER PIPELINE ENGINEERING ROTATION LIST,Contract and Land Management Department,unknown,unknown,7500000,6873880.86,6690764.03,2010-11-18T00:00:00.000Z,2025-12-31T00:00:00.000Z,10,Competitive Acquisition,0010-11-18T00:00:00.000Z,11,Professional Services,5,BIN7163385,BINKLEY & BARFIELD INC,N/A,RFQS,6100,CLMP042,2026-05-11T00:00:00.000Z,MA6100PA11000000446BIN7163385
MA,5000,NA210000027,11,CITYWIDE CLEANING AND DISINFECTING SERVICES (COVID),Central Purchasing Office Receptionist,(512) 974-2500,purchinfo@austintexas.gov,7250000,822083.84,505010.4,2021-01-14T00:00:00.000Z,2024-01-13T00:00:00.000Z,10,Competitive Acquisition,0020-12-03T00:00:00.000Z,33,Non-Professional Services,3,VS0000034071,S E PACKAGES INC,TRES MUJERES CONSTRUCTION,IFB,7500,CRR1011,2026-05-11T00:00:00.000Z,MA5000NA21000002711VS0000034071
MA,5000,NA210000027,11,CITYWIDE CLEANING AND DISINFECTING SERVICES (COVID),Central Purchasing Office Receptionist,(512) 974-2500,purchinfo@austintexas.gov,7250000,822083.84,505010.4,2021-01-14T00:00:00.000Z,2024-01-13T00:00:00.000Z,10,Competitive Acquisition,0020-12-03T00:00:00.000Z,33,Non-Professional Services,4,V00000915343,MAJESTIC SERVICES INC,N/A,IFB,7500,CRR1011,2026-05-11T00:00:00.000Z,MA5000NA21000002711V00000915343
MA,5000,NA210000027,11,CITYWIDE CLEANING AND DISINFECTING SERVICES (COVID),Central Purchasing Office Receptionist,(512) 974-2500,purchinfo@austintexas.gov,7250000,822083.84,505010.4,2021-01-14T00:00:00.000Z,2024-01-13T00:00:00.000Z,10,Competitive Acquisition,0020-12-03T00:00:00.000Z,33,Non-Professional Services,2,V00000970476,"GERMSWEEP, LLC",N/A,IFB,7500,CRR1011,2026-05-11T00:00:00.000Z,MA5000NA21000002711V00000970476
MA,5000,NA210000027,11,CITYWIDE CLEANING AND DISINFECTING SERVICES (COVID),Central Purchasing Office Receptionist,(512) 974-2500,purchinfo@austintexas.gov,7250000,822083.84,505010.4,2021-01-14T00:00:00.000Z,2024-01-13T00:00:00.000Z,10,Competitive Acquisition,0020-12-03T00:00:00.000Z,33,Non-Professional Services,1,V00000966565,ALEE LLC,ALEE COMMERCIAL CLEANING SOLUTIONS,IFB,7500,CRR1011,2026-05-11T00:00:00.000Z,MA5000NA21000002711V00000966565
MA,6100,PA100000043,49,ENVIRONMENTAL SERVICES ROTATION LIST 2010-2012 FOR P.W.,Contract and Land Management Department,unknown,unknown,7200000,6864582.9,6515552.53,2010-03-11T00:00:00.000Z,2023-12-31T00:00:00.000Z,10,Competitive Acquisition,0011-06-09T00:00:00.000Z,3,Professional Services,4,TRC7162035,TRC ENVIRONMENTAL CORPORATION,TRC,RFQS,6100,CLMP030,2026-05-11T00:00:00.000Z,MA6100PA10000004349TRC7162035
MA,6100,PA100000043,49,ENVIRONMENTAL SERVICES ROTATION LIST 2010-2012 FOR P.W.,Contract and Land Management Department,unknown,unknown,7200000,6864582.9,6515552.53,2010-03-11T00:00:00.000Z,2023-12-31T00:00:00.000Z,10,Competitive Acquisition,0011-06-09T00:00:00.000Z,3,Professional Services,3,SHA8306590,"APTIM ENVIRONMENTAL & INFRASTRUCTURE, LLC",N/A,RFQS,6100,CLMP030,2026-05-11T00:00:00.000Z,MA6100PA10000004349SHA8306590
MA,6100,PA100000043,49,ENVIRONMENTAL SERVICES ROTATION LIST 2010-2012 FOR P.W.,Contract and Land Management Department,unknown,unknown,7200000,6864582.9,6515552.53,2010-03-11T00:00:00.000Z,2023-12-31T00:00:00.000Z,10,Competitive Acquisition,0011-06-09T00:00:00.000Z,3,Professional Services,2,INT8308241,"INTERA, INC",N/A,RFQS,6100,CLMP030,2026-05-11T00:00:00.000Z,MA6100PA10000004349INT8308241
MA,6100,PA100000043,49,ENVIRONMENTAL SERVICES ROTATION LIST 2010-2012 FOR P.W.,Contract and Land Management Department,unknown,unknown,7200000,6864582.9,6515552.53,2010-03-11T00:00:00.000Z,2023-12-31T00:00:00.000Z,10,Competitive Acquisition,0011-06-09T00:00:00.000Z,3,Professional Services,6,GEO7067095,AMEC GEOMATRIX INC,GEOMATRIX,RFQS,6100,CLMP030,2026-05-11T00:00:00.000Z,MA6100PA10000004349GEO7067095
MA,6100,PA100000043,49,ENVIRONMENTAL SERVICES ROTATION LIST 2010-2012 FOR P.W.,Contract and Land Management Department,unknown,unknown,7200000,6864582.9,6515552.53,2010-03-11T00:00:00.000Z,2023-12-31T00:00:00.000Z,10,Competitive Acquisition,0011-06-09T00:00:00.000Z,3,Professional Services,9,AME8315074,"WOOD ENVIRONMENT & INFRASTRUCTURE SOLUTIONS, INC.",N/A,RFQS,6100,CLMP030,2026-05-11T00:00:00.000Z,MA6100PA10000004349AME8315074
MA,6100,PA100000043,49,ENVIRONMENTAL SERVICES ROTATION LIST 2010-2012 FOR P.W.,Contract and Land Management Department,unknown,unknown,7200000,6864582.9,6515552.53,2010-03-11T00:00:00.000Z,2023-12-31T00:00:00.000Z,10,Competitive Acquisition,0011-06-09T00:00:00.000Z,3,Professional Services,7,WOO7028055,URS CORP,N/A,RFQS,6100,CLMP030,2026-05-11T00:00:00.000Z,MA6100PA10000004349WOO7028055
MA,6100,PA100000043,49,ENVIRONMENTAL SERVICES ROTATION LIST 2010-2012 FOR P.W.,Contract and Land Management Department,unknown,unknown,7200000,6864582.9,6515552.53,2010-03-11T00:00:00.000Z,2023-12-31T00:00:00.000Z,10,Competitive Acquisition,0011-06-09T00:00:00.000Z,3,Professional Services,5,WES5125100,WESTON SOLUTIONS INC,"WESTON SOLUTIONS, INC.",RFQS,6100,CLMP030,2026-05-11T00:00:00.000Z,MA6100PA10000004349WES5125100
MA,6100,PA100000043,49,ENVIRONMENTAL SERVICES ROTATION LIST 2010-2012 FOR P.W.,Contract and Land Management Department,unknown,unknown,7200000,6864582.9,6515552.53,2010-03-11T00:00:00.000Z,2023-12-31T00:00:00.000Z,10,Competitive Acquisition,0011-06-09T00:00:00.000Z,3,Professional Services,8,VS0000010692,"APTIM GOVERNMENT SOLUTIONS, LLC",N/A,RFQS,6100,CLMP030,2026-05-11T00:00:00.000Z,MA6100PA10000004349VS0000010692
MA,6100,PA100000043,49,ENVIRONMENTAL SERVICES ROTATION LIST 2010-2012 FOR P.W.,Contract and Land Management Department,unknown,unknown,7200000,6864582.9,6515552.53,2010-03-11T00:00:00.000Z,2023-12-31T00:00:00.000Z,10,Competitive Acquisition,0011-06-09T00:00:00.000Z,3,Professional Services,10,V00000968494,APTIM CORP.,"APTIM GOVERNMENT SOLUTIONS, LLC, APTIM ENVIRONMENTAL &",RFQS,6100,CLMP030,2026-05-11T00:00:00.000Z,MA6100PA10000004349V00000968494
MA,6100,PA100000043,49,ENVIRONMENTAL SERVICES ROTATION LIST 2010-2012 FOR P.W.,Contract and Land Management Department,unknown,unknown,7200000,6864582.9,6515552.53,2010-03-11T00:00:00.000Z,2023-12-31T00:00:00.000Z,10,Competitive Acquisition,0011-06-09T00:00:00.000Z,3,Professional Services,1,URS8300867,URS CORP,N/A,RFQS,6100,CLMP030,2026-05-11T00:00:00.000Z,MA6100PA10000004349URS8300867
MA,2400,GA210000008,7,ATC CABINETS,Central Purchasing Office Receptionist,(512) 974-2500,purchinfo@austintexas.gov,7149500,2803187,1785347,2020-10-30T00:00:00.000Z,2024-10-29T00:00:00.000Z,10,Competitive Acquisition,0020-10-29T00:00:00.000Z,23,Commodities (Goods),1,MCC7128360,"SWARCO MCCAIN, INC.",N/A,IFB,2400,BJT1016,2026-05-11T00:00:00.000Z,MA2400GA2100000087MCC7128360
CT,6100,21092401032,5,SPRINGDALE AND 290 WATER LINE IMPROVEMENTS,Contract and Land Management Department,unknown,unknown,7064341.4,7064341.4,6279865.42,2022-06-24T00:00:00.000Z,,10,Competitive Acquisition,0021-08-26T00:00:00.000Z,7,Construction,1,AUS8321418,AUSTIN UNDERGROUND INC,N/A,IFB,6100,CLMC847,2026-05-11T00:00:00.000Z,CT6100210924010325AUS8321418
CT,6100,09051901445,6,DAVIS WATER TREATMENT PLANT POWER DISTRIBUTION UPGRADE,Contract and Land Management Department,unknown,unknown,6994382.15,6994382.15,6410538.11,2010-01-21T00:00:00.000Z,,10,Competitive Acquisition,0016-08-04T00:00:00.000Z,19,Professional Services,1,HUR2455500,HARUTUNIAN ENGINEERING INC,N/A,RFQS,6100,PWP0053,2026-05-11T00:00:00.000Z,CT6100090519014456HUR2455500
MA,2400,NA220000032,3,TRAFFIC SIGNAL NETWORK EQUIPMENT,Central Purchasing Office Receptionist,(512) 974-2500,purchinfo@austintexas.gov,6740000,1049028.5,1049028.5,2021-11-11T00:00:00.000Z,2026-11-10T00:00:00.000Z,10,Competitive Acquisition,0021-11-04T00:00:00.000Z,11,Non-Professional Services,1,CON1261250,CONSOLIDATED TRAFFIC CONTROLS INC,N/A,IFB,2400,CSZ1001,2026-05-11T00:00:00.000Z,MA2400NA2200000323CON1261250
CT,6100,23030300260,3,OLTORF STREET RECLAIMED WATER MAIN PHASE 1,Contract and Land Management Department,unknown,unknown,6639466.25,6639466.25,2557885.26,2023-09-15T00:00:00.000Z,,10,Competitive Acquisition,0023-01-23T00:00:00.000Z,20,Construction,1,CAS7125840,CASH CONSTRUCTION CO INC,N/A,IFB,6100,CLMC939,2026-05-11T00:00:00.000Z,CT6100230303002603CAS7125840
MA,6100,CA220000005,2,TRAFFIC SIGN & PAVEMENT MARKING SERVICES IDIQ - A,Capital Contracting Office,unknown,unknown,6599000,4666575.14,2688122.67,2022-03-24T00:00:00.000Z,2024-03-23T00:00:00.000Z,10,Competitive Acquisition,0022-03-24T00:00:00.000Z,17,Construction,1,DIJ8308676,D I J  CONSTRUCTION INC,N/A,IFB,6100,CLMC885,2026-05-11T00:00:00.000Z,MA6100CA2200000052DIJ8308676
MA,6100,CA220000007,2,TRAFFIC SIGN & PAVEMENT MARKING SERVICES IDIQ - B,Capital Contracting Office,unknown,unknown,6599000,1405521.05,625001.71,2022-04-07T00:00:00.000Z,2024-04-06T00:00:00.000Z,10,Competitive Acquisition,0022-04-07T00:00:00.000Z,15,Construction,1,V00000915162,"TRP CONSTRUCTION GROUP, LLC",N/A,IFB,6100,CLMC886,2026-05-11T00:00:00.000Z,MA6100CA2200000072V00000915162
CT,6100,22121400131,2,WALNUT CREEK WWTP GAS SCRUBBER SYSTEMS RENEWAL,Contract and Land Management Department,unknown,unknown,6565953.37,6565953.37,3169172.21,2023-08-21T00:00:00.000Z,,10,Competitive Acquisition,0022-11-15T00:00:00.000Z,26,Construction,1,MAT8308109,"MATOUS CONSTRUCTION II, LTD","MATOUS CONSTRUCTION, LTD OR MATOUS CONSTRUCTION",IFB,6100,CLMC940,2026-05-11T00:00:00.000Z,CT6100221214001312MAT8308109
CT,6100,21020400293,6,HIGHLAND PARK WATER AND WASTEWATER IMPROVEMENTS - PHASE 2,Contract and Land Management Department,unknown,unknown,6506098.09,6506098.09,5184286.79,2021-02-05T00:00:00.000Z,,10,Competitive Acquisition,0021-01-27T00:00:00.000Z,6,Construction,1,SAN8316404,SANTA CLARA CONSTRUCTION LTD,N/A,IFB,6100,CLMC819,2026-05-11T00:00:00.000Z,CT6100210204002936SAN8316404
MA,6100,PA110000062,53,2011 SMALL SCALE CIVIL ENGINEERING ROTATION LIST,Contract and Land Management Department,unknown,unknown,6400000,5986267.8,5573886.17,2011-06-23T00:00:00.000Z,2024-12-31T00:00:00.000Z,10,Competitive Acquisition,0011-06-23T00:00:00.000Z,13,Professional Services,13,URB4919250,URBAN DESIGN GROUP,N/A,RFQS,6100,CLMP080,2026-05-11T00:00:00.000Z,MA6100PA11000006253URB4919250
MA,6100,PA110000062,53,2011 SMALL SCALE CIVIL ENGINEERING ROTATION LIST,Contract and Land Management Department,unknown,unknown,6400000,5986267.8,5573886.17,2011-06-23T00:00:00.000Z,2024-12-31T00:00:00.000Z,10,Competitive Acquisition,0011-06-23T00:00:00.000Z,13,Professional Services,7,SBI8309599,S & B INFRASTRUCTURE LTD,N/A,RFQS,6100,CLMP080,2026-05-11T00:00:00.000Z,MA6100PA11000006253SBI8309599
MA,6100,PA110000062,53,2011 SMALL SCALE CIVIL ENGINEERING ROTATION LIST,Contract and Land Management Department,unknown,unknown,6400000,5986267.8,5573886.17,2011-06-23T00:00:00.000Z,2024-12-31T00:00:00.000Z,10,Competitive Acquisition,0011-06-23T00:00:00.000Z,13,Professional Services,12,PAR3596250,"WSP USA, INC.",N/A,RFQS,6100,CLMP080,2026-05-11T00:00:00.000Z,MA6100PA11000006253PAR3596250
MA,6100,PA110000062,53,2011 SMALL SCALE CIVIL ENGINEERING ROTATION LIST,Contract and Land Management Department,unknown,unknown,6400000,5986267.8,5573886.17,2011-06-23T00:00:00.000Z,2024-12-31T00:00:00.000Z,10,Competitive Acquisition,0011-06-23T00:00:00.000Z,13,Professional Services,14,PAP8302018,"PAPE-DAWSON CONSULTING ENGINEERS, LLC",PAPE-DAWSON ENGINEERS,RFQS,6100,CLMP080,2026-05-11T00:00:00.000Z,MA6100PA11000006253PAP8302018
MA,6100,PA110000062,53,2011 SMALL SCALE CIVIL ENGINEERING ROTATION LIST,Contract and Land Management Department,unknown,unknown,6400000,5986267.8,5573886.17,2011-06-23T00:00:00.000Z,2024-12-31T00:00:00.000Z,10,Competitive Acquisition,0011-06-23T00:00:00.000Z,13,Professional Services,8,LOC2921000,LOCKWOOD ANDREWS & NEWNAM INC,N/A,RFQS,6100,CLMP080,2026-05-11T00:00:00.000Z,MA6100PA11000006253LOC2921000
MA,6100,PA110000062,53,2011 SMALL SCALE CIVIL ENGINEERING ROTATION LIST,Contract and Land Management Department,unknown,unknown,6400000,5986267.8,5573886.17,2011-06-23T00:00:00.000Z,2024-12-31T00:00:00.000Z,10,Competitive Acquisition,0011-06-23T00:00:00.000Z,13,Professional Services,4,KUR8303988,KURKJIAN ENGINEERING CORP,N/A,RFQS,6100,CLMP080,2026-05-11T00:00:00.000Z,MA6100PA11000006253KUR8303988
MA,6100,PA110000062,53,2011 SMALL SCALE CIVIL ENGINEERING ROTATION LIST,Contract and Land Management Department,unknown,unknown,6400000,5986267.8,5573886.17,2011-06-23T00:00:00.000Z,2024-12-31T00:00:00.000Z,10,Competitive Acquisition,0011-06-23T00:00:00.000Z,13,Professional Services,16,VS0000031705,"HAGOOD ENGINEERING ASSOCIATES, INC.",N/A,RFQS,6100,CLMP080,2026-05-11T00:00:00.000Z,MA6100PA11000006253VS0000031705
MA,6100,PA110000062,53,2011 SMALL SCALE CIVIL ENGINEERING ROTATION LIST,Contract and Land Management Department,unknown,unknown,6400000,5986267.8,5573886.17,2011-06-23T00:00:00.000Z,2024-12-31T00:00:00.000Z,10,Competitive Acquisition,0011-06-23T00:00:00.000Z,13,Professional Services,2,VC0000100167,MALONE/WHEELER INC,N/A,RFQS,6100,CLMP080,2026-05-11T00:00:00.000Z,MA6100PA11000006253VC0000100167
MA,6100,PA110000062,53,2011 SMALL SCALE CIVIL ENGINEERING ROTATION LIST,Contract and Land Management Department,unknown,unknown,6400000,5986267.8,5573886.17,2011-06-23T00:00:00.000Z,2024-12-31T00:00:00.000Z,10,Competitive Acquisition,0011-06-23T00:00:00.000Z,13,Professional Services,19,V00000929443,"DUNAWAY ASSOCIATES, LLC",N/A,RFQS,6100,CLMP080,2026-05-11T00:00:00.000Z,MA6100PA11000006253V00000929443
MA,6100,PA110000062,53,2011 SMALL SCALE CIVIL ENGINEERING ROTATION LIST,Contract and Land Management Department,unknown,unknown,6400000,5986267.8,5573886.17,2011-06-23T00:00:00.000Z,2024-12-31T00:00:00.000Z,10,Competitive Acquisition,0011-06-23T00:00:00.000Z,13,Professional Services,18,V00000928407,URBAN DESIGN GROUP PC,N/A,RFQS,6100,CLMP080,2026-05-11T00:00:00.000Z,MA6100PA11000006253V00000928407
MA,6100,PA110000062,53,2011 SMALL SCALE CIVIL ENGINEERING ROTATION LIST,Contract and Land Management Department,unknown,unknown,6400000,5986267.8,5573886.17,2011-06-23T00:00:00.000Z,2024-12-31T00:00:00.000Z,10,Competitive Acquisition,0011-06-23T00:00:00.000Z,13,Professional Services,15,ASS7108715,ASSOCIATED CONSULTING ENGINEERS INC,N/A,RFQS,6100,CLMP080,2026-05-11T00:00:00.000Z,MA6100PA11000006253ASS7108715
MA,6100,PA110000062,53,2011 SMALL SCALE CIVIL ENGINEERING ROTATION LIST,Contract and Land Management Department,unknown,unknown,6400000,5986267.8,5573886.17,2011-06-23T00:00:00.000Z,2024-12-31T00:00:00.000Z,10,Competitive Acquisition,0011-06-23T00:00:00.000Z,13,Professional Services,6,CIV8308559,DON DURDEN INC,CIVIL ENGINEERING CONSULTANTS,RFQS,6100,CLMP080,2026-05-11T00:00:00.000Z,MA6100PA11000006253CIV8308559
MA,6100,PA110000062,53,2011 SMALL SCALE CIVIL ENGINEERING ROTATION LIST,Contract and Land Management Department,unknown,unknown,6400000,5986267.8,5573886.17,2011-06-23T00:00:00.000Z,2024-12-31T00:00:00.000Z,10,Competitive Acquisition,0011-06-23T00:00:00.000Z,13,Professional Services,5,BIN7163385,BINKLEY & BARFIELD INC,N/A,RFQS,6100,CLMP080,2026-05-11T00:00:00.000Z,MA6100PA11000006253BIN7163385
MA,6100,CA220000013,2,WASTEWATER LINE RENEWAL AND SPOT REHAB SERVICE CONTRACT IDIQ,Capital Contracting Office,unknown,unknown,6400000,2933026.45,1154010.36,2022-07-28T00:00:00.000Z,2024-07-28T00:00:00.000Z,10,Competitive Acquisition,0022-07-28T00:00:00.000Z,31,Construction,1,SAN8316404,SANTA CLARA CONSTRUCTION LTD,N/A,IFB,6100,CLMC911,2026-05-11T00:00:00.000Z,MA6100CA2200000132SAN8316404
MA,6100,PA110000062,53,2011 SMALL SCALE CIVIL ENGINEERING ROTATION LIST,Contract and Land Management Department,unknown,unknown,6400000,5986267.8,5573886.17,2011-06-23T00:00:00.000Z,2024-12-31T00:00:00.000Z,10,Competitive Acquisition,0011-06-23T00:00:00.000Z,13,Professional Services,10,WES5125100,WESTON SOLUTIONS INC,"WESTON SOLUTIONS, INC.",RFQS,6100,CLMP080,2026-05-11T00:00:00.000Z,MA6100PA11000006253WES5125100
MA,6100,PA110000062,53,2011 SMALL SCALE CIVIL ENGINEERING ROTATION LIST,Contract and Land Management Department,unknown,unknown,6400000,5986267.8,5573886.17,2011-06-23T00:00:00.000Z,2024-12-31T00:00:00.000Z,10,Competitive Acquisition,0011-06-23T00:00:00.000Z,13,Professional Services,17,VS0000037121,"CIVIL & ENVIRONMENTAL CONSULTANTS, INC.",N/A,RFQS,6100,CLMP080,2026-05-11T00:00:00.000Z,MA6100PA11000006253VS0000037121
MA,6100,PA110000062,53,2011 SMALL SCALE CIVIL ENGINEERING ROTATION LIST,Contract and Land Management Department,unknown,unknown,6400000,5986267.8,5573886.17,2011-06-23T00:00:00.000Z,2024-12-31T00:00:00.000Z,10,Competitive Acquisition,0011-06-23T00:00:00.000Z,13,Professional Services,11,VS0000008095,"ARDURRA GROUP, INC.","KING ENGINEERING ASSOCIATES, INC.",RFQS,6100,CLMP080,2026-05-11T00:00:00.000Z,MA6100PA11000006253VS0000008095
MA,6100,PA110000062,53,2011 SMALL SCALE CIVIL ENGINEERING ROTATION LIST,Contract and Land Management Department,unknown,unknown,6400000,5986267.8,5573886.17,2011-06-23T00:00:00.000Z,2024-12-31T00:00:00.000Z,10,Competitive Acquisition,0011-06-23T00:00:00.000Z,13,Professional Services,1,VIC7091950,VICKREY & ASSOC LLC,N/A,RFQS,6100,CLMP080,2026-05-11T00:00:00.000Z,MA6100PA11000006253VIC7091950
MA,6100,PA110000062,53,2011 SMALL SCALE CIVIL ENGINEERING ROTATION LIST,Contract and Land Management Department,unknown,unknown,6400000,5986267.8,5573886.17,2011-06-23T00:00:00.000Z,2024-12-31T00:00:00.000Z,10,Competitive Acquisition,0011-06-23T00:00:00.000Z,13,Professional Services,3,DAV1449500,DAVCAR INC,DAVCAR ENGINEERING SERVICES,RFQS,6100,CLMP080,2026-05-11T00:00:00.000Z,MA6100PA11000006253DAV1449500
MA,6100,PA110000062,53,2011 SMALL SCALE CIVIL ENGINEERING ROTATION LIST,Contract and Land Management Department,unknown,unknown,6400000,5986267.8,5573886.17,2011-06-23T00:00:00.000Z,2024-12-31T00:00:00.000Z,10,Competitive Acquisition,0011-06-23T00:00:00.000Z,13,Professional Services,9,HVJ2459750,HVJ ASSOCIATES INC,N/A,RFQS,6100,CLMP080,2026-05-11T00:00:00.000Z,MA6100PA11000006253HVJ2459750
CT,6100,22071800725,9,ROCK HARBOUR LIFT STATION IMPROVEMENTS,Contract and Land Management Department,unknown,unknown,6304378,6304378,3534932.24,2022-08-18T00:00:00.000Z,,10,Competitive Acquisition,0022-07-28T00:00:00.000Z,34,Construction,1,EXC7152535,"EXCEL CONSTRUCTION SERVICES, L L C",EXCEL CONSTRUCTION SVCS L L C,IFB,6100,CLMC923,2026-05-11T00:00:00.000Z,CT6100220718007259EXC7152535
MA,6100,PA190000022,12,2018 SURVEYING SERVICES ROTATION LIST,Capital Contracting Office,unknown,unknown,6300000,3883002.09,3029866.8,2019-01-09T00:00:00.000Z,2024-01-09T00:00:00.000Z,55,Pers / Prof / Plan Svcs (252),0018-11-15T00:00:00.000Z,004,Sole and Single Source,13,V00000912732,BOWMAN CONSULTING GROUP LTD,BOWMAN CONSULTING,RFQS,6100,CLMP239,2026-05-11T00:00:00.000Z,MA6100PA19000002212V00000912732
MA,6100,PA190000022,12,2018 SURVEYING SERVICES ROTATION LIST,Capital Contracting Office,unknown,unknown,6300000,3883002.09,3029866.8,2019-01-09T00:00:00.000Z,2024-01-09T00:00:00.000Z,55,Pers / Prof / Plan Svcs (252),0018-11-15T00:00:00.000Z,004,Sole and Single Source,17,SUR7046940,SURVEYING AND MAPPING LLC,SAM LLC,RFQS,6100,CLMP239,2026-05-11T00:00:00.000Z,MA6100PA19000002212SUR7046940
MA,6100,PA190000022,12,2018 SURVEYING SERVICES ROTATION LIST,Capital Contracting Office,unknown,unknown,6300000,3883002.09,3029866.8,2019-01-09T00:00:00.000Z,2024-01-09T00:00:00.000Z,55,Pers / Prof / Plan Svcs (252),0018-11-15T00:00:00.000Z,004,Sole and Single Source,12,PAP8302018,"PAPE-DAWSON CONSULTING ENGINEERS, LLC",PAPE-DAWSON ENGINEERS,RFQS,6100,CLMP239,2026-05-11T00:00:00.000Z,MA6100PA19000002212PAP8302018
MA,6100,PA190000022,12,2018 SURVEYING SERVICES ROTATION LIST,Capital Contracting Office,unknown,unknown,6300000,3883002.09,3029866.8,2019-01-09T00:00:00.000Z,2024-01-09T00:00:00.000Z,55,Pers / Prof / Plan Svcs (252),0018-11-15T00:00:00.000Z,004,Sole and Single Source,2,MCG3115750,MCGRAY & MCGRAY LAND SURVEYORS INC,N/A,RFQS,6100,CLMP239,2026-05-11T00:00:00.000Z,MA6100PA19000002212MCG3115750
MA,6100,PA190000022,12,2018 SURVEYING SERVICES ROTATION LIST,Capital Contracting Office,unknown,unknown,6300000,3883002.09,3029866.8,2019-01-09T00:00:00.000Z,2024-01-09T00:00:00.000Z,55,Pers / Prof / Plan Svcs (252),0018-11-15T00:00:00.000Z,004,Sole and Single Source,6,MAR3044500,MWM DESIGNGROUP INC,"MWM DESIGNGROUP OR MARTINEZ, WRIGHT AND MENDEZ INC",RFQS,6100,CLMP239,2026-05-11T00:00:00.000Z,MA6100PA19000002212MAR3044500
MA,6100,PA190000022,12,2018 SURVEYING SERVICES ROTATION LIST,Capital Contracting Office,unknown,unknown,6300000,3883002.09,3029866.8,2019-01-09T00:00:00.000Z,2024-01-09T00:00:00.000Z,55,Pers / Prof / Plan Svcs (252),0018-11-15T00:00:00.000Z,004,Sole and Single Source,15,LEY8304176,LNV INC,LNV ENGINEERING,RFQS,6100,CLMP239,2026-05-11T00:00:00.000Z,MA6100PA19000002212LEY8304176
MA,6100,PA190000022,12,2018 SURVEYING SERVICES ROTATION LIST,Capital Contracting Office,unknown,unknown,6300000,3883002.09,3029866.8,2019-01-09T00:00:00.000Z,2024-01-09T00:00:00.000Z,55,Pers / Prof / Plan Svcs (252),0018-11-15T00:00:00.000Z,004,Sole and Single Source,1,LAN7050345,LANDMARK SURVEYING L P,N/A,RFQS,6100,CLMP239,2026-05-11T00:00:00.000Z,MA6100PA19000002212LAN7050345
MA,6100,PA190000022,12,2018 SURVEYING SERVICES ROTATION LIST,Capital Contracting Office,unknown,unknown,6300000,3883002.09,3029866.8,2019-01-09T00:00:00.000Z,2024-01-09T00:00:00.000Z,55,Pers / Prof / Plan Svcs (252),0018-11-15T00:00:00.000Z,004,Sole and Single Source,18,JAC8308529,JACOBS ENGINEERING GROUP INC,JACOBS ENGINEERING GROUP,RFQS,6100,CLMP239,2026-05-11T00:00:00.000Z,MA6100PA19000002212JAC8308529
MA,6100,PA190000022,12,2018 SURVEYING SERVICES ROTATION LIST,Capital Contracting Office,unknown,unknown,6300000,3883002.09,3029866.8,2019-01-09T00:00:00.000Z,2024-01-09T00:00:00.000Z,55,Pers / Prof / Plan Svcs (252),0018-11-15T00:00:00.000Z,004,Sole and Single Source,5,HEJ7022940,HEJL LEE & ASSOC INC,N/A,RFQS,6100,CLMP239,2026-05-11T00:00:00.000Z,MA6100PA19000002212HEJ7022940
MA,6100,PA190000022,12,2018 SURVEYING SERVICES ROTATION LIST,Capital Contracting Office,unknown,unknown,6300000,3883002.09,3029866.8,2019-01-09T00:00:00.000Z,2024-01-09T00:00:00.000Z,55,Pers / Prof / Plan Svcs (252),0018-11-15T00:00:00.000Z,004,Sole and Single Source,9,V00000904936,"MCKIM & CREED, INC.","SURVCON, A DIVISION OF MCKIM & CREED INC",RFQS,6100,CLMP239,2026-05-11T00:00:00.000Z,MA6100PA19000002212V00000904936
MA,6100,PA190000022,12,2018 SURVEYING SERVICES ROTATION LIST,Capital Contracting Office,unknown,unknown,6300000,3883002.09,3029866.8,2019-01-09T00:00:00.000Z,2024-01-09T00:00:00.000Z,55,Pers / Prof / Plan Svcs (252),0018-11-15T00:00:00.000Z,004,Sole and Single Source,10,UNI8318182,UNINTECH CONSULTING ENGINEERS INC,N/A,RFQS,6100,CLMP239,2026-05-11T00:00:00.000Z,MA6100PA19000002212UNI8318182
MA,6100,PA190000022,12,2018 SURVEYING SERVICES ROTATION LIST,Capital Contracting Office,unknown,unknown,6300000,3883002.09,3029866.8,2019-01-09T00:00:00.000Z,2024-01-09T00:00:00.000Z,55,Pers / Prof / Plan Svcs (252),0018-11-15T00:00:00.000Z,004,Sole and Single Source,11,ZAM8305129,ZAMORA LLC,ZWA,RFQS,6100,CLMP239,2026-05-11T00:00:00.000Z,MA6100PA19000002212ZAM8305129
MA,6100,PA190000022,12,2018 SURVEYING SERVICES ROTATION LIST,Capital Contracting Office,unknown,unknown,6300000,3883002.09,3029866.8,2019-01-09T00:00:00.000Z,2024-01-09T00:00:00.000Z,55,Pers / Prof / Plan Svcs (252),0018-11-15T00:00:00.000Z,004,Sole and Single Source,3,HAL7038625,HALFF ASSOCIATES INC,HALFF,RFQS,6100,CLMP239,2026-05-11T00:00:00.000Z,MA6100PA19000002212HAL7038625
MA,6100,PA190000022,12,2018 SURVEYING SERVICES ROTATION LIST,Capital Contracting Office,unknown,unknown,6300000,3883002.09,3029866.8,2019-01-09T00:00:00.000Z,2024-01-09T00:00:00.000Z,55,Pers / Prof / Plan Svcs (252),0018-11-15T00:00:00.000Z,004,Sole and Single Source,19,VS0000008095,"ARDURRA GROUP, INC.","KING ENGINEERING ASSOCIATES, INC.",RFQS,6100,CLMP239,2026-05-11T00:00:00.000Z,MA6100PA19000002212VS0000008095
MA,6100,PA190000022,12,2018 SURVEYING SERVICES ROTATION LIST,Capital Contracting Office,unknown,unknown,6300000,3883002.09,3029866.8,2019-01-09T00:00:00.000Z,2024-01-09T00:00:00.000Z,55,Pers / Prof / Plan Svcs (252),0018-11-15T00:00:00.000Z,004,Sole and Single Source,4,BRO8318275,"BGE, INC",BROWN & GAY ENGINEERS INC,RFQS,6100,CLMP239,2026-05-11T00:00:00.000Z,MA6100PA19000002212BRO8318275
MA,6100,PA190000022,12,2018 SURVEYING SERVICES ROTATION LIST,Capital Contracting Office,unknown,unknown,6300000,3883002.09,3029866.8,2019-01-09T00:00:00.000Z,2024-01-09T00:00:00.000Z,55,Pers / Prof / Plan Svcs (252),0018-11-15T00:00:00.000Z,004,Sole and Single Source,16,WAT8308391,LANDESIGN SERVICES INC,"LANDESIGN SERVICES, INC.",RFQS,6100,CLMP239,2026-05-11T00:00:00.000Z,MA6100PA19000002212WAT8308391
MA,6100,PA190000022,12,2018 SURVEYING SERVICES ROTATION LIST,Capital Contracting Office,unknown,unknown,6300000,3883002.09,3029866.8,2019-01-09T00:00:00.000Z,2024-01-09T00:00:00.000Z,55,Pers / Prof / Plan Svcs (252),0018-11-15T00:00:00.000Z,004,Sole and Single Source,14,DOU7019035,DOUCET & ASSOCIATES INC,N/A,RFQS,6100,CLMP239,2026-05-11T00:00:00.000Z,MA6100PA19000002212DOU7019035
MA,6100,PA190000022,12,2018 SURVEYING SERVICES ROTATION LIST,Capital Contracting Office,unknown,unknown,6300000,3883002.09,3029866.8,2019-01-09T00:00:00.000Z,2024-01-09T00:00:00.000Z,55,Pers / Prof / Plan Svcs (252),0018-11-15T00:00:00.000Z,004,Sole and Single Source,7,COB7111480,COBB FENDLEY & ASSOC INC,N/A,RFQS,6100,CLMP239,2026-05-11T00:00:00.000Z,MA6100PA19000002212COB7111480
MA,6100,PA190000022,12,2018 SURVEYING SERVICES ROTATION LIST,Capital Contracting Office,unknown,unknown,6300000,3883002.09,3029866.8,2019-01-09T00:00:00.000Z,2024-01-09T00:00:00.000Z,55,Pers / Prof / Plan Svcs (252),0018-11-15T00:00:00.000Z,004,Sole and Single Source,8,CHI7027035,CP&Y INC,STV INFRASTRUCTURE,RFQS,6100,CLMP239,2026-05-11T00:00:00.000Z,MA6100PA19000002212CHI7027035
MA,6200,GA220000012,8,ASPHALT EMULSION PRODUCTS,Central Purchasing Office Receptionist,(512) 974-2500,purchinfo@austintexas.gov,6250000,4183388.22,2754624.82,2022-01-31T00:00:00.000Z,2027-01-30T00:00:00.000Z,10,Competitive Acquisition,0022-01-27T00:00:00.000Z,14,Commodities (Goods),1,ERG8309949,ERGON ASPHALT & EMULSIONS INC,N/A,IFB,6200,PAT1049,2026-05-11T00:00:00.000Z,MA6200GA2200000128ERG8309949
MA,6100,PA220000120,1,2022 INSPECTION & ANALYSIS OF POWER GENERATION FACILITIES RL,Capital Contracting Office,unknown,unknown,6000000,54529.56,34936.29,2022-08-10T00:00:00.000Z,2025-08-09T00:00:00.000Z,55,Pers / Prof / Plan Svcs (252),0022-06-16T00:00:00.000Z,20,Sole and Single Source,2,V00000978950,METALLURGICAL ENGINEERING SERVICES INC,N/A,RFQS,6100,CLMP323,2026-05-11T00:00:00.000Z,MA6100PA2200001201V00000978950
MA,6100,CA210000006,5,STREET REHABILITATION PHASE 2 IDIQ PROJECT NO. 2,Capital Contracting Office,unknown,unknown,6000000,5619373.81,5199944.18,2022-03-24T00:00:00.000Z,2024-02-20T00:00:00.000Z,10,Competitive Acquisition,0021-03-04T00:00:00.000Z,15,Construction,1,V00000900503,ALPHA PAVING INDUSTRIES LLC,N/A,IFB,6100,CLMC823,2026-05-11T00:00:00.000Z,MA6100CA2100000065V00000900503
MA,6100,PA220000120,1,2022 INSPECTION & ANALYSIS OF POWER GENERATION FACILITIES RL,Capital Contracting Office,unknown,unknown,6000000,54529.56,34936.29,2022-08-10T00:00:00.000Z,2025-08-09T00:00:00.000Z,55,Pers / Prof / Plan Svcs (252),0022-06-16T00:00:00.000Z,20,Sole and Single Source,1,V00000917260,"INTERTEK USA, INC.",INTERTEK AIM,RFQS,6100,CLMP323,2026-05-11T00:00:00.000Z,MA6100PA2200001201V00000917260
MA,6100,CA200000004,4,"ASPHALT PARKING LOT/ROADS CONSTRUCTION, REHAB & REPAIR IDIQ",Capital Contracting Office,unknown,unknown,6000000,3814454.11,3555505.98,2023-03-10T00:00:00.000Z,2024-03-09T00:00:00.000Z,10,Competitive Acquisition,0020-02-20T00:00:00.000Z,6,Construction,1,V00000900503,ALPHA PAVING INDUSTRIES LLC,N/A,IFB,6100,CLMC766,2026-05-11T00:00:00.000Z,MA6100CA2000000044V00000900503
CT,6100,21111800129,4,SAR WWTP SLUDGE TRANSFER & RECLAIMED WATER LINE PROJECT,Contract and Land Management Department,unknown,unknown,5616562.46,5616562.46,5335734.34,2021-12-20T00:00:00.000Z,,10,Competitive Acquisition,0021-11-18T00:00:00.000Z,15,Construction,1,AUS8321418,AUSTIN UNDERGROUND INC,N/A,IFB,6100,CLMC737,2026-05-11T00:00:00.000Z,CT6100211118001294AUS8321418
CT,6100,22040600497,7,SW ALLANDALE NEIGHBORHOOD WWW SYSTEM REHABILITATION,Contract and Land Management Department,unknown,unknown,5531517.5,5531517.5,5086971.17,2022-08-03T00:00:00.000Z,,10,Competitive Acquisition,0022-03-24T00:00:00.000Z,22,Construction,1,V00000974819,CEDAR HILLS CONSTRUCTION LLC,N/A,IFB,6100,CLMC892,2026-05-11T00:00:00.000Z,CT6100220406004977V00000974819
CT,6100,20112000098,6,MORROW AND GAULT WATER & WASTEWATER PIPELINE RENEWAL,Contract and Land Management Department,unknown,unknown,5483936.74,5483936.74,4128170.15,2020-11-20T00:00:00.000Z,,10,Competitive Acquisition,0020-10-29T00:00:00.000Z,4,Construction,1,SAN8316404,SANTA CLARA CONSTRUCTION LTD,N/A,IFB,6100,CLMC797,2026-05-11T00:00:00.000Z,CT6100201120000986SAN8316404
MA,6100,SA160000007,8,DESIGN OF BARTON SPRINGS ROAD BRIDGE OVER BARTON CREEK,Capital Contracting Office,unknown,unknown,5432287.53,2733759.78,1988666.79,2016-03-31T00:00:00.000Z,2026-12-31T00:00:00.000Z,55,Pers / Prof / Plan Svcs (252),0017-08-03T00:00:00.000Z,4,Sole and Single Source,2,WOO7028055,URS CORP,N/A,RFQS,6100,CLMP166,2026-05-11T00:00:00.000Z,MA6100SA1600000078WOO7028055
MA,6100,SA160000007,8,DESIGN OF BARTON SPRINGS ROAD BRIDGE OVER BARTON CREEK,Capital Contracting Office,unknown,unknown,5432287.53,2733759.78,1988666.79,2016-03-31T00:00:00.000Z,2026-12-31T00:00:00.000Z,55,Pers / Prof / Plan Svcs (252),0017-08-03T00:00:00.000Z,4,Sole and Single Source,1,URS8300867,URS CORP,N/A,RFQS,6100,CLMP166,2026-05-11T00:00:00.000Z,MA6100SA1600000078URS8300867
MA,6100,SA170000010,4,WALNUT CREEK WWTP CONTROL SYSTEMS UPGRADE,Capital Contracting Office,unknown,unknown,5327552.3,5327552.3,1873808.84,2017-04-27T00:00:00.000Z,2025-12-31T00:00:00.000Z,55,Pers / Prof / Plan Svcs (252),0017-01-26T00:00:00.000Z,16,Sole and Single Source,1,HUR2455500,HARUTUNIAN ENGINEERING INC,N/A,RFQS,6100,CLMP208,2026-05-11T00:00:00.000Z,MA6100SA1700000104HUR2455500
CT,6100,19110100074,3,DAVIS LANE # 1 RESERVOIR IMPROVEMENTS,Contract and Land Management Department,unknown,unknown,5095366.53,5095366.53,4894421.12,2019-12-09T00:00:00.000Z,,10,Competitive Acquisition,0019-10-31T00:00:00.000Z,6,Construction,1,BLA8301292,BLASTCO TEXAS INC,N/A,IFB,6100,CLMC756,2026-05-11T00:00:00.000Z,CT6100191101000743BLA8301292
MA,6100,SA150000014,19,DOWNTOWN DISTRICT COOLING PLANT #3,Contract and Land Management Department,unknown,unknown,5007499.05,5007499.05,4942740.87,2015-08-07T00:00:00.000Z,2024-06-30T00:00:00.000Z,55,Pers / Prof / Plan Svcs (252),0018-04-26T00:00:00.000Z,4,Sole and Single Source,1,ENE1739000,ENERGY ENGINEERING ASSOC INC,EEA CONSULTING ENGINEERS,RFQS,6100,CLMP165A,2026-05-11T00:00:00.000Z,MA6100SA15000001419ENE1739000
MA,6100,PA200000049,4,2020 DSD CONSTRUCTION MATERIALS ENGINEERING SERVICES RL,Capital Contracting Office,unknown,unknown,5000000,4432500,2681402.47,2020-05-07T00:00:00.000Z,2024-12-31T00:00:00.000Z,10,Competitive Acquisition,0020-03-26T00:00:00.000Z,7,Professional Services,5,V00000911256,RODRIGUEZ ENGINEERING LABORATORIES LLC,RODRIGUEZ ENGINEERING LABORATORIES OR RODRIGUEZ ENGINEERING,RFQS,6100,CLMP285,2026-05-11T00:00:00.000Z,MA6100PA2000000494V00000911256
MA,6100,PA200000049,4,2020 DSD CONSTRUCTION MATERIALS ENGINEERING SERVICES RL,Capital Contracting Office,unknown,unknown,5000000,4432500,2681402.47,2020-05-07T00:00:00.000Z,2024-12-31T00:00:00.000Z,10,Competitive Acquisition,0020-03-26T00:00:00.000Z,7,Professional Services,4,RAB3833500,"RABA KISTNER, INC.",N/A,RFQS,6100,CLMP285,2026-05-11T00:00:00.000Z,MA6100PA2000000494RAB3833500
MA,6100,PA200000049,4,2020 DSD CONSTRUCTION MATERIALS ENGINEERING SERVICES RL,Capital Contracting Office,unknown,unknown,5000000,4432500,2681402.47,2020-05-07T00:00:00.000Z,2024-12-31T00:00:00.000Z,10,Competitive Acquisition,0020-03-26T00:00:00.000Z,7,Professional Services,2,BRY0839750,"FUGRO USA LAND, INC",N/A,RFQS,6100,CLMP285,2026-05-11T00:00:00.000Z,MA6100PA2000000494BRY0839750
MA,6100,PA170000045,9,2017 WATER AND WASTEWATER SCADA SERVICES ROTATION LIST,Capital Contracting Office,unknown,unknown,5000000,4264660.73,3871254.45,2017-05-08T00:00:00.000Z,2023-12-31T00:00:00.000Z,55,Pers / Prof / Plan Svcs (252),0017-03-23T00:00:00.000Z,10,Sole and Single Source,5,HUR2455500,HARUTUNIAN ENGINEERING INC,N/A,RFQS,6100,CLMP214,2026-05-11T00:00:00.000Z,MA6100PA1700000459HUR2455500
MA,6100,PA170000045,9,2017 WATER AND WASTEWATER SCADA SERVICES ROTATION LIST,Capital Contracting Office,unknown,unknown,5000000,4264660.73,3871254.45,2017-05-08T00:00:00.000Z,2023-12-31T00:00:00.000Z,55,Pers / Prof / Plan Svcs (252),0017-03-23T00:00:00.000Z,10,Sole and Single Source,1,CHI7027035,CP&Y INC,N/A,RFQS,6100,CLMP214,2026-05-11T00:00:00.000Z,MA6100PA1700000459CHI7027035
MA,6100,PA170000045,9,2017 WATER AND WASTEWATER SCADA SERVICES ROTATION LIST,Capital Contracting Office,unknown,unknown,5000000,4264660.73,3871254.45,2017-05-08T00:00:00.000Z,2023-12-31T00:00:00.000Z,55,Pers / Prof / Plan Svcs (252),0017-03-23T00:00:00.000Z,10,Sole and Single Source,4,BLA7158805,BLACK & VEATCH CORPORATION,N/A,RFQS,6100,CLMP214,2026-05-11T00:00:00.000Z,MA6100PA1700000459BLA7158805
MA,6100,PA110000043,41,SMALL DIAMETER WATER AND WASTEWATER PIPELINE ENGINEERING,Contract and Land Management Department,unknown,unknown,5000000,4694846.66,4666834.5,2011-04-21T00:00:00.000Z,2023-12-31T00:00:00.000Z,10,Competitive Acquisition,0011-04-21T00:00:00.000Z,10,Professional Services,3,WES5125100,WESTON SOLUTIONS INC,"WESTON SOLUTIONS, INC.",RFQS,6100,CLMP058A,2026-05-11T00:00:00.000Z,MA6100PA11000004341WES5125100
MA,6100,PA110000043,41,SMALL DIAMETER WATER AND WASTEWATER PIPELINE ENGINEERING,Contract and Land Management Department,unknown,unknown,5000000,4694846.66,4666834.5,2011-04-21T00:00:00.000Z,2023-12-31T00:00:00.000Z,10,Competitive Acquisition,0011-04-21T00:00:00.000Z,10,Professional Services,9,VIC7091950,VICKREY & ASSOC LLC,N/A,RFQS,6100,CLMP058A,2026-05-11T00:00:00.000Z,MA6100PA11000004341VIC7091950
MA,6100,PA110000043,41,SMALL DIAMETER WATER AND WASTEWATER PIPELINE ENGINEERING,Contract and Land Management Department,unknown,unknown,5000000,4694846.66,4666834.5,2011-04-21T00:00:00.000Z,2023-12-31T00:00:00.000Z,10,Competitive Acquisition,0011-04-21T00:00:00.000Z,10,Professional Services,15,V00000934970,RILEY MOUNTAIN ENGINEERING LLC,N/A,RFQS,6100,CLMP058A,2026-05-11T00:00:00.000Z,MA6100PA11000004341V00000934970
MA,6100,PA110000043,41,SMALL DIAMETER WATER AND WASTEWATER PIPELINE ENGINEERING,Contract and Land Management Department,unknown,unknown,5000000,4694846.66,4666834.5,2011-04-21T00:00:00.000Z,2023-12-31T00:00:00.000Z,10,Competitive Acquisition,0011-04-21T00:00:00.000Z,10,Professional Services,16,STA8322756,STANTEC CONSULTING SERVICES INC,N/A,RFQS,6100,CLMP058A,2026-05-11T00:00:00.000Z,MA6100PA11000004341STA8322756
MA,6100,PA110000043,41,SMALL DIAMETER WATER AND WASTEWATER PIPELINE ENGINEERING,Contract and Land Management Department,unknown,unknown,5000000,4694846.66,4666834.5,2011-04-21T00:00:00.000Z,2023-12-31T00:00:00.000Z,10,Competitive Acquisition,0011-04-21T00:00:00.000Z,10,Professional Services,7,SBI8309599,S & B INFRASTRUCTURE LTD,N/A,RFQS,6100,CLMP058A,2026-05-11T00:00:00.000Z,MA6100PA11000004341SBI8309599
MA,6100,PA110000043,41,SMALL DIAMETER WATER AND WASTEWATER PIPELINE ENGINEERING,Contract and Land Management Department,unknown,unknown,5000000,4694846.66,4666834.5,2011-04-21T00:00:00.000Z,2023-12-31T00:00:00.000Z,10,Competitive Acquisition,0011-04-21T00:00:00.000Z,10,Professional Services,6,MAR3044500,MWM DESIGNGROUP INC,"MWM DESIGNGROUP OR MARTINEZ, WRIGHT AND MENDEZ INC",RFQS,6100,CLMP058A,2026-05-11T00:00:00.000Z,MA6100PA11000004341MAR3044500
MA,6100,PA110000043,41,SMALL DIAMETER WATER AND WASTEWATER PIPELINE ENGINEERING,Contract and Land Management Department,unknown,unknown,5000000,4694846.66,4666834.5,2011-04-21T00:00:00.000Z,2023-12-31T00:00:00.000Z,10,Competitive Acquisition,0011-04-21T00:00:00.000Z,10,Professional Services,1,LOC2921000,LOCKWOOD ANDREWS & NEWNAM INC,N/A,RFQS,6100,CLMP058A,2026-05-11T00:00:00.000Z,MA6100PA11000004341LOC2921000
MA,6100,PA110000043,41,SMALL DIAMETER WATER AND WASTEWATER PIPELINE ENGINEERING,Contract and Land Management Department,unknown,unknown,5000000,4694846.66,4666834.5,2011-04-21T00:00:00.000Z,2023-12-31T00:00:00.000Z,10,Competitive Acquisition,0011-04-21T00:00:00.000Z,10,Professional Services,13,KUR8303988,KURKJIAN ENGINEERING CORP,N/A,RFQS,6100,CLMP058A,2026-05-11T00:00:00.000Z,MA6100PA11000004341KUR8303988
MA,6100,PA110000043,41,SMALL DIAMETER WATER AND WASTEWATER PIPELINE ENGINEERING,Contract and Land Management Department,unknown,unknown,5000000,4694846.66,4666834.5,2011-04-21T00:00:00.000Z,2023-12-31T00:00:00.000Z,10,Competitive Acquisition,0011-04-21T00:00:00.000Z,10,Professional Services,4,KUR7069150,KURKJIAN ENGINEERING CORP,N/A,RFQS,6100,CLMP058A,2026-05-11T00:00:00.000Z,MA6100PA11000004341KUR7069150
MA,6100,PA110000043,41,SMALL DIAMETER WATER AND WASTEWATER PIPELINE ENGINEERING,Contract and Land Management Department,unknown,unknown,5000000,4694846.66,4666834.5,2011-04-21T00:00:00.000Z,2023-12-31T00:00:00.000Z,10,Competitive Acquisition,0011-04-21T00:00:00.000Z,10,Professional Services,11,BUR0879750,BURY HOLDINGS INC,BURY-AUS INC OR BURY INC,RFQS,6100,CLMP058A,2026-05-11T00:00:00.000Z,MA6100PA11000004341BUR0879750
MA,6100,CA230000004,3,STREET REHABILITATION PHASE 3 IDIQ #5,Capital Contracting Office,unknown,unknown,5000000,4519820,2106975.31,2023-09-13T00:00:00.000Z,2024-09-12T00:00:00.000Z,10,Competitive Acquisition,0023-08-31T00:00:00.000Z,27,Construction,1,V00000900503,ALPHA PAVING INDUSTRIES LLC,N/A,IFB,6100,CLMC993,2026-05-11T00:00:00.000Z,MA6100CA2300000043V00000900503
MA,6100,PA110000043,41,SMALL DIAMETER WATER AND WASTEWATER PIPELINE ENGINEERING,Contract and Land Management Department,unknown,unknown,5000000,4694846.66,4666834.5,2011-04-21T00:00:00.000Z,2023-12-31T00:00:00.000Z,10,Competitive Acquisition,0011-04-21T00:00:00.000Z,10,Professional Services,10,VS0000005944,"BURY+PARTNERS - HS&A, INC.","HS&A, INC.",RFQS,6100,CLMP058A,2026-05-11T00:00:00.000Z,MA6100PA11000004341VS0000005944
MA,6100,PA110000043,41,SMALL DIAMETER WATER AND WASTEWATER PIPELINE ENGINEERING,Contract and Land Management Department,unknown,unknown,5000000,4694846.66,4666834.5,2011-04-21T00:00:00.000Z,2023-12-31T00:00:00.000Z,10,Competitive Acquisition,0011-04-21T00:00:00.000Z,10,Professional Services,8,VC0000102835,KELLOGG BROWN & ROOT LLC,N/A,RFQS,6100,CLMP058A,2026-05-11T00:00:00.000Z,MA6100PA11000004341VC0000102835
MA,6100,PA110000043,41,SMALL DIAMETER WATER AND WASTEWATER PIPELINE ENGINEERING,Contract and Land Management Department,unknown,unknown,5000000,4694846.66,4666834.5,2011-04-21T00:00:00.000Z,2023-12-31T00:00:00.000Z,10,Competitive Acquisition,0011-04-21T00:00:00.000Z,10,Professional Services,5,GSW7111865,OTHON INC,N/A,RFQS,6100,CLMP058A,2026-05-11T00:00:00.000Z,MA6100PA11000004341GSW7111865
MA,6100,PA110000043,41,SMALL DIAMETER WATER AND WASTEWATER PIPELINE ENGINEERING,Contract and Land Management Department,unknown,unknown,5000000,4694846.66,4666834.5,2011-04-21T00:00:00.000Z,2023-12-31T00:00:00.000Z,10,Competitive Acquisition,0011-04-21T00:00:00.000Z,10,Professional Services,2,FRE1930500,FREESE AND NICHOLS INC,FREESE AND NICHOLS,RFQS,6100,CLMP058A,2026-05-11T00:00:00.000Z,MA6100PA11000004341FRE1930500
MA,6100,SA220000001,1,WALNUT CREEK TRAIL - IH35 TO SOUTHERN WALNUT CREEK TRAIL,Capital Contracting Office,unknown,unknown,5000000,4386932.29,1929201.61,2022-04-09T00:00:00.000Z,2028-04-10T00:00:00.000Z,55,Pers / Prof / Plan Svcs (252),0021-09-30T00:00:00.000Z,12,Sole and Single Source,1,HAL7038625,HALFF ASSOCIATES INC,HALFF,RFQS,6100,CLMP319,2026-05-11T00:00:00.000Z,MA6100SA2200000011HAL7038625
MA,6100,PA200000049,4,2020 DSD CONSTRUCTION MATERIALS ENGINEERING SERVICES RL,Capital Contracting Office,unknown,unknown,5000000,4432500,2681402.47,2020-05-07T00:00:00.000Z,2024-12-31T00:00:00.000Z,10,Competitive Acquisition,0020-03-26T00:00:00.000Z,7,Professional Services,3,V00000939833,"HVJ SOUTH CENTRAL TEXAS - M&J, INC.",N/A,RFQS,6100,CLMP285,2026-05-11T00:00:00.000Z,MA6100PA2000000494V00000939833
MA,6100,PA170000045,9,2017 WATER AND WASTEWATER SCADA SERVICES ROTATION LIST,Capital Contracting Office,unknown,unknown,5000000,4264660.73,3871254.45,2017-05-08T00:00:00.000Z,2023-12-31T00:00:00.000Z,55,Pers / Prof / Plan Svcs (252),0017-03-23T00:00:00.000Z,10,Sole and Single Source,2,ARC8304977,ARCADIS US INC,N/A,RFQS,6100,CLMP214,2026-05-11T00:00:00.000Z,MA6100PA1700000459ARC8304977
MA,6100,PA110000043,41,SMALL DIAMETER WATER AND WASTEWATER PIPELINE ENGINEERING,Contract and Land Management Department,unknown,unknown,5000000,4694846.66,4666834.5,2011-04-21T00:00:00.000Z,2023-12-31T00:00:00.000Z,10,Competitive Acquisition,0011-04-21T00:00:00.000Z,10,Professional Services,14,BRO6047450,KELLOGG BROWN & ROOT SERVICES INC,N/A,RFQS,6100,CLMP058A,2026-05-11T00:00:00.000Z,MA6100PA11000004341BRO6047450
MA,6100,PA170000045,9,2017 WATER AND WASTEWATER SCADA SERVICES ROTATION LIST,Capital Contracting Office,unknown,unknown,5000000,4264660.73,3871254.45,2017-05-08T00:00:00.000Z,2023-12-31T00:00:00.000Z,55,Pers / Prof / Plan Svcs (252),0017-03-23T00:00:00.000Z,10,Sole and Single Source,3,VS0000021255,"CH2M HILL ENGINEERS, INC.",CH2M HILL ENGINEERS,RFQS,6100,CLMP214,2026-05-11T00:00:00.000Z,MA6100PA1700000459VS0000021255
MA,6100,PA200000049,4,2020 DSD CONSTRUCTION MATERIALS ENGINEERING SERVICES RL,Capital Contracting Office,unknown,unknown,5000000,4432500,2681402.47,2020-05-07T00:00:00.000Z,2024-12-31T00:00:00.000Z,10,Competitive Acquisition,0020-03-26T00:00:00.000Z,7,Professional Services,1,V00000923991,"KLEINFELDER, INC.",KLEINFELDER,RFQS,6100,CLMP285,2026-05-11T00:00:00.000Z,MA6100PA2000000494V00000923991
CT,6100,17052600559,14,ONION CREEK FIRE EMS STATION REISSUE,Contract and Land Management Department,unknown,unknown,4952044.83,4952044.83,4918121.01,2017-06-01T00:00:00.000Z,,15,Alt Proc Method (252),0017-03-23T00:00:00.000Z,14,Other Contracting,1,BAR7111710,RODRIGUEZ BARR INC,THE BARR CO AIA,CSP,6100,CLMB326A,2026-05-11T00:00:00.000Z,CT61001705260055914BAR7111710
CT,6100,19071800626,6,WEST ALLANDALE AND TRAILRIDGE DRIVE UTILITY LINE RENEWAL,Contract and Land Management Department,unknown,unknown,4935371,4935371,4378139.6,2019-07-19T00:00:00.000Z,,10,Competitive Acquisition,0019-06-19T00:00:00.000Z,6,Construction,1,SAN8316404,SANTA CLARA CONSTRUCTION LTD,N/A,IFB,6100,CLMC734,2026-05-11T00:00:00.000Z,CT6100190718006266SAN8316404
CT,6100,22122700147,5,BARTON HILLS WATER & WASTEWATER PIPELINE RENEWA,Contract and Land Management Department,unknown,unknown,4849895.25,4849895.25,1927742.16,2023-03-21T00:00:00.000Z,,10,Competitive Acquisition,0022-12-01T00:00:00.000Z,19,Construction,1,V00000938086,"JKB CONSTRUCTION COMPANY, LLC",N/A,IFB,6100,CLMC937,2026-05-11T00:00:00.000Z,CT6100221227001475V00000938086
MA,6100,SA210000007,3,CMR FOR MEXICAN AMERICAN CULTURAL CENTER - PHASE 2,Capital Contracting Office,unknown,unknown,4819039.39,4819039.39,53472.98,2020-12-17T00:00:00.000Z,2024-04-05T00:00:00.000Z,15,Alt Proc Method (252),0020-09-17T00:00:00.000Z,9,Other Contracting,1,VS0000014874,"ROGERS-O'BRIEN CONSTRUCTION COMPANY, LLC",N/A,RFQS,6100,CLMA039,2026-05-11T00:00:00.000Z,MA6100SA2100000073VS0000014874
CT,6100,21052000586,17,NORTH TARRYTOWN WWW PIPELINE RENEWAL,Contract and Land Management Department,unknown,unknown,4811361.37,4811361.37,4523369.15,2021-05-21T00:00:00.000Z,,10,Competitive Acquisition,0021-05-20T00:00:00.000Z,5,Construction,1,SMI8307578,M.A. SMITH CONTRACTING CO INC,SMITH CONTRACTING CO INC,IFB,6100,CLMC838,2026-05-11T00:00:00.000Z,CT61002105200058617SMI8307578
MA,6100,PA230000057,1,2023 SUBSURFACE UTILITY ENGINEERING (SUE) SERVICES RL,Capital Contracting Office,unknown,unknown,4800000,0,0,2023-02-28T00:00:00.000Z,2027-02-28T00:00:00.000Z,10,Competitive Acquisition,0022-11-15T00:00:00.000Z,33,Professional Services,3,V00000908152,"THE RIOS GROUP, INC.",N/A,RFQS,6100,CLMP316,2026-05-11T00:00:00.000Z,MA6100PA2300000571V00000908152
MA,6100,PA150000002,36,2014 ENVIRONMENTAL SERVICES ROTATION LIST,Contract and Land Management Department,unknown,unknown,4800000,4381512.65,4159736.6,2014-08-28T00:00:00.000Z,2024-12-31T00:00:00.000Z,10,Competitive Acquisition,0014-08-28T00:00:00.000Z,22,Professional Services,8,VS0000010692,"APTIM GOVERNMENT SOLUTIONS, LLC",N/A,RFQS,6100,CLMP150,2026-05-11T00:00:00.000Z,MA6100PA15000000236VS0000010692
MA,6100,PA150000002,36,2014 ENVIRONMENTAL SERVICES ROTATION LIST,Contract and Land Management Department,unknown,unknown,4800000,4381512.65,4159736.6,2014-08-28T00:00:00.000Z,2024-12-31T00:00:00.000Z,10,Competitive Acquisition,0014-08-28T00:00:00.000Z,22,Professional Services,9,V00000968494,APTIM CORP.,"APTIM GOVERNMENT SOLUTIONS, LLC, APTIM ENVIRONMENTAL &",RFQS,6100,CLMP150,2026-05-11T00:00:00.000Z,MA6100PA15000000236V00000968494
MA,6100,PA150000002,36,2014 ENVIRONMENTAL SERVICES ROTATION LIST,Contract and Land Management Department,unknown,unknown,4800000,4381512.65,4159736.6,2014-08-28T00:00:00.000Z,2024-12-31T00:00:00.000Z,10,Competitive Acquisition,0014-08-28T00:00:00.000Z,22,Professional Services,2,URS8300867,URS CORP,N/A,RFQS,6100,CLMP150,2026-05-11T00:00:00.000Z,MA6100PA15000000236URS8300867
MA,6100,PA150000002,36,2014 ENVIRONMENTAL SERVICES ROTATION LIST,Contract and Land Management Department,unknown,unknown,4800000,4381512.65,4159736.6,2014-08-28T00:00:00.000Z,2024-12-31T00:00:00.000Z,10,Competitive Acquisition,0014-08-28T00:00:00.000Z,22,Professional Services,3,TRC7162035,TRC ENVIRONMENTAL CORPORATION,TRC,RFQS,6100,CLMP150,2026-05-11T00:00:00.000Z,MA6100PA15000000236TRC7162035
MA,6100,PA150000002,36,2014 ENVIRONMENTAL SERVICES ROTATION LIST,Contract and Land Management Department,unknown,unknown,4800000,4381512.65,4159736.6,2014-08-28T00:00:00.000Z,2024-12-31T00:00:00.000Z,10,Competitive Acquisition,0014-08-28T00:00:00.000Z,22,Professional Services,4,SHA8306590,"APTIM ENVIRONMENTAL & INFRASTRUCTURE, LLC",N/A,RFQS,6100,CLMP150,2026-05-11T00:00:00.000Z,MA6100PA15000000236SHA8306590
MA,6100,PA230000057,1,2023 SUBSURFACE UTILITY ENGINEERING (SUE) SERVICES RL,Capital Contracting Office,unknown,unknown,4800000,0,0,2023-02-28T00:00:00.000Z,2027-02-28T00:00:00.000Z,10,Competitive Acquisition,0022-11-15T00:00:00.000Z,33,Professional Services,1,COB7111480,COBB FENDLEY & ASSOC INC,N/A,RFQS,6100,CLMP316,2026-05-11T00:00:00.000Z,MA6100PA2300000571COB7111480
MA,6100,SA220000008,1,CMR SERVICES FOR ASIAN AMERICAN RESOURCE CENTER RENOVATIONS,Capital Contracting Office,unknown,unknown,4800000,123894,69470,2022-01-28T00:00:00.000Z,2025-06-30T00:00:00.000Z,15,Alt Proc Method (252),0021-07-29T00:00:00.000Z,17,Other Contracting,1,VC0000103145,FLINTCO LLC,N/A,RFQS,6100,CLMA041,2026-05-11T00:00:00.000Z,MA6100SA2200000081VC0000103145
MA,6100,PA150000002,36,2014 ENVIRONMENTAL SERVICES ROTATION LIST,Contract and Land Management Department,unknown,unknown,4800000,4381512.65,4159736.6,2014-08-28T00:00:00.000Z,2024-12-31T00:00:00.000Z,10,Competitive Acquisition,0014-08-28T00:00:00.000Z,22,Professional Services,7,WOO7028055,URS CORP,N/A,RFQS,6100,CLMP150,2026-05-11T00:00:00.000Z,MA6100PA15000000236WOO7028055
MA,6100,PA150000002,36,2014 ENVIRONMENTAL SERVICES ROTATION LIST,Contract and Land Management Department,unknown,unknown,4800000,4381512.65,4159736.6,2014-08-28T00:00:00.000Z,2024-12-31T00:00:00.000Z,10,Competitive Acquisition,0014-08-28T00:00:00.000Z,22,Professional Services,1,WES5125100,WESTON SOLUTIONS INC,"WESTON SOLUTIONS, INC.",RFQS,6100,CLMP150,2026-05-11T00:00:00.000Z,MA6100PA15000000236WES5125100
MA,6100,PA150000002,36,2014 ENVIRONMENTAL SERVICES ROTATION LIST,Contract and Land Management Department,unknown,unknown,4800000,4381512.65,4159736.6,2014-08-28T00:00:00.000Z,2024-12-31T00:00:00.000Z,10,Competitive Acquisition,0014-08-28T00:00:00.000Z,22,Professional Services,6,INT8308241,"INTERA, INC",N/A,RFQS,6100,CLMP150,2026-05-11T00:00:00.000Z,MA6100PA15000000236INT8308241
MA,6100,PA230000057,1,2023 SUBSURFACE UTILITY ENGINEERING (SUE) SERVICES RL,Capital Contracting Office,unknown,unknown,4800000,0,0,2023-02-28T00:00:00.000Z,2027-02-28T00:00:00.000Z,10,Competitive Acquisition,0022-11-15T00:00:00.000Z,33,Professional Services,5,V00000964614,"T2 UES, INC.",T2 UTILITY ENGINEERS,RFQS,6100,CLMP316,2026-05-11T00:00:00.000Z,MA6100PA2300000571V00000964614
MA,6100,PA230000057,1,2023 SUBSURFACE UTILITY ENGINEERING (SUE) SERVICES RL,Capital Contracting Office,unknown,unknown,4800000,0,0,2023-02-28T00:00:00.000Z,2027-02-28T00:00:00.000Z,10,Competitive Acquisition,0022-11-15T00:00:00.000Z,33,Professional Services,4,SUR7046940,SURVEYING AND MAPPING LLC,SAM LLC,RFQS,6100,CLMP316,2026-05-11T00:00:00.000Z,MA6100PA2300000571SUR7046940
MA,6100,PA150000002,36,2014 ENVIRONMENTAL SERVICES ROTATION LIST,Contract and Land Management Department,unknown,unknown,4800000,4381512.65,4159736.6,2014-08-28T00:00:00.000Z,2024-12-31T00:00:00.000Z,10,Competitive Acquisition,0014-08-28T00:00:00.000Z,22,Professional Services,5,BAE7086810,BAER ENGINEERING & ENVIRONMENTAL CONSULTING INC,N/A,RFQS,6100,CLMP150,2026-05-11T00:00:00.000Z,MA6100PA15000000236BAE7086810
MA,6100,PA230000057,1,2023 SUBSURFACE UTILITY ENGINEERING (SUE) SERVICES RL,Capital Contracting Office,unknown,unknown,4800000,0,0,2023-02-28T00:00:00.000Z,2027-02-28T00:00:00.000Z,10,Competitive Acquisition,0022-11-15T00:00:00.000Z,33,Professional Services,2,HAL7038625,HALFF ASSOCIATES INC,HALFF,RFQS,6100,CLMP316,2026-05-11T00:00:00.000Z,MA6100PA2300000571HAL7038625
MA,2200,GA230000051,1,LIQUID PHOSPHATE,Central Purchasing Office Receptionist,(512) 974-2500,purchinfo@austintexas.gov,4640000,1081074.61,742449.18,2023-06-01T00:00:00.000Z,2028-05-31T00:00:00.000Z,10,Competitive Acquisition,0023-06-01T00:00:00.000Z,23,Commodities (Goods),1,V00000968540,CONDY HOLDINGS LLC,CARUS LLC,IFB,2200,AMA1086,2026-05-11T00:00:00.000Z,MA2200GA2300000511V00000968540
CT,6100,22062800675,4,VARGAS NEIGHBORHOOD WATER AND WASTEWATER PIPELINE RENEWAL,Contract and Land Management Department,unknown,unknown,4634322.9,4634322.9,3178910.16,2023-05-09T00:00:00.000Z,,10,Competitive Acquisition,0022-06-16T00:00:00.000Z,18,Construction,1,SAN8316404,SANTA CLARA CONSTRUCTION LTD,N/A,IFB,6100,CLMC916,2026-05-11T00:00:00.000Z,CT6100220628006754SAN8316404
MA,6100,SA220000009,3,CONGRESS AVENUE URBAN DESIGN INITIATIVE,Capital Contracting Office,unknown,unknown,4551253,4551253,2908456.91,2022-05-25T00:00:00.000Z,2026-12-31T00:00:00.000Z,10,Competitive Acquisition,0022-02-03T00:00:00.000Z,1,Professional Services,1,HDR8318192,HDR ENGINEERING INC,N/A,RFQS,6100,CLMP321,2026-05-11T00:00:00.000Z,MA6100SA2200000093HDR8318192
MA,6100,CA220000011,3,LOCAL MOBILITY ADA SIDEWALK & RAMP IMPS GRP 27 IDIQ CITY WID,Capital Contracting Office,unknown,unknown,4500000,3688741.94,2979637.73,2022-06-30T00:00:00.000Z,2024-10-19T00:00:00.000Z,10,Competitive Acquisition,0022-06-16T00:00:00.000Z,25,Construction,1,VS0000017696,AUSTIN CONSTRUCTORS LLC,N/A,IFB,6100,CLMC913,2026-05-11T00:00:00.000Z,MA6100CA2200000113VS0000017696
CT,6100,22062900680,5,ZEBRA MUSSEL MITIGATION,Contract and Land Management Department,unknown,unknown,4491157,4491157,1657417.82,2023-01-26T00:00:00.000Z,,10,Competitive Acquisition,0022-06-16T00:00:00.000Z,19,Professional Services,1,EXC7152535,"EXCEL CONSTRUCTION SERVICES, L L C",EXCEL CONSTRUCTION SVCS L L C,IFB,6100,CLMC919,2026-05-11T00:00:00.000Z,CT6100220629006805EXC7152535
MA,6100,SA210000002,8,PROFESSIONAL SERVICES FOR DOUGHERTY ARTS CENTER FACILITY REP,Capital Contracting Office,unknown,unknown,4360986.13,4360986.13,3226824.11,2020-11-16T00:00:00.000Z,2024-07-31T00:00:00.000Z,55,Pers / Prof / Plan Svcs (252),0020-06-11T00:00:00.000Z,1,Sole and Single Source,1,VC0000103087,STUDIO 8 ARCHITECTS INC,STUDIO 8 ARCHITECTS,RFQS,6100,CLMP294,2026-05-11T00:00:00.000Z,MA6100SA2100000028VC0000103087
CT,6100,20013100314,8,WASTEWATER COLLECTION SYSTEM REPLACEMENT LINES- NORTH,Contract and Land Management Department,unknown,unknown,4201715.09,4201715.09,4163610.09,2020-02-03T00:00:00.000Z,,10,Competitive Acquisition,0020-01-23T00:00:00.000Z,17,Construction,1,FAC8317993,FACILITIES REHABILITATION INC,N/A,IFB,6100,CLMC738,2026-05-11T00:00:00.000Z,CT6100200131003148FAC8317993
MA,6100,SA210000004,3,PSA FOR MEXICAN AMERICAN CULTURAL CENTER  PHASE 2,Capital Contracting Office,unknown,unknown,4090531.14,4090531.14,2706788.05,2020-11-16T00:00:00.000Z,2025-06-30T00:00:00.000Z,15,Alt Proc Method (252),0020-07-29T00:00:00.000Z,17,Other Contracting,1,V00000970282,MIRO RIVERA-TATIANA BILBAO LLC,MIRO RIVERA-TATIANA BILBAO,RFQS,6100,CLMP297,2026-05-11T00:00:00.000Z,MA6100SA2100000043V00000970282
MA,6200,NA190000137,8,PWD/MOWING CONTRACT FOR STREET & BRIDGE OPERATIONS,Central Purchasing Office Receptionist,(512) 974-2500,purchinfo@austintexas.gov,4050000,2013499.51,1832871.04,2019-06-11T00:00:00.000Z,2025-06-10T00:00:00.000Z,10,Competitive Acquisition,0019-06-06T00:00:00.000Z,29,Non-Professional Services,2,VC0000103523,"BRIGHTVIEW LANDSCAPE SERVICES, INC.",BRIGHTVIEW TREE CARE SERVICES,RFP,6200,CRR3000,2026-05-11T00:00:00.000Z,MA6200NA1900001378VC0000103523
MA,6200,NA190000137,8,PWD/MOWING CONTRACT FOR STREET & BRIDGE OPERATIONS,Central Purchasing Office Receptionist,(512) 974-2500,purchinfo@austintexas.gov,4050000,2013499.51,1832871.04,2019-06-11T00:00:00.000Z,2025-06-10T00:00:00.000Z,10,Competitive Acquisition,0019-06-06T00:00:00.000Z,29,Non-Professional Services,1,V00000935211,ABESCAPE GROUP LLC,N/A,RFP,6200,CRR3000,2026-05-11T00:00:00.000Z,MA6200NA1900001378V00000935211
MA,6200,NA190000137,8,PWD/MOWING CONTRACT FOR STREET & BRIDGE OPERATIONS,Central Purchasing Office Receptionist,(512) 974-2500,purchinfo@austintexas.gov,4050000,2013499.51,1832871.04,2019-06-11T00:00:00.000Z,2025-06-10T00:00:00.000Z,10,Competitive Acquisition,0019-06-06T00:00:00.000Z,29,Non-Professional Services,3,VS0000036304,GREAT WESTERN MANAGED SERVICES CORPORATION,GWC,RFP,6200,CRR3000,2026-05-11T00:00:00.000Z,MA6200NA1900001378VS0000036304
MA,6200,NA190000137,8,PWD/MOWING CONTRACT FOR STREET & BRIDGE OPERATIONS,Central Purchasing Office Receptionist,(512) 974-2500,purchinfo@austintexas.gov,4050000,2013499.51,1832871.04,2019-06-11T00:00:00.000Z,2025-06-10T00:00:00.000Z,10,Competitive Acquisition,0019-06-06T00:00:00.000Z,29,Non-Professional Services,4,VS0000004060,"UNITY CONTRACTOR SERVICES, INC",N/A,RFP,6200,CRR3000,2026-05-11T00:00:00.000Z,MA6200NA1900001378VS0000004060
CT,6100,22110200046,13,PALMER EVENTS CENTER PLUMBING AND RESTROOM UPGRADE - RE-BID,Contract and Land Management Department,unknown,unknown,4022347.23,4022347.23,1440028.04,2023-05-03T00:00:00.000Z,,10,Competitive Acquisition,0022-10-13T00:00:00.000Z,72,Construction,1,V00000962142,"VELIZ COMPANY, LLC",VELIZ CONSTRUCTION,IFB,6100,CLMC910A,2026-05-11T00:00:00.000Z,CT61002211020004613V00000962142
MA,2200,GA240000015,1,AIR CUSHION SWING CHECK VALVES & REPAIR SERVICES,Central Purchasing Office Receptionist,(512) 974-2500,purchinfo@austintexas.gov,4000000,0,0,2023-11-30T00:00:00.000Z,2028-11-29T00:00:00.000Z,10,Competitive Acquisition,0023-11-30T00:00:00.000Z,22,Commodities (Goods),1,INT8310771,INTEGRAL LOGISTICS CORP,N/A,IFB,2200,EAD1011,2026-05-11T00:00:00.000Z,MA2200GA2400000151INT8310771
MA,6100,PA150000005,47,2015 GENERAL ARCHITECTURAL SERVICES ROTATION LIST,Contract and Land Management Department,unknown,unknown,4000000,3150902.7,2985359.34,2015-01-29T00:00:00.000Z,2024-01-28T00:00:00.000Z,55,Pers / Prof / Plan Svcs (252),0014-10-16T00:00:00.000Z,4,Sole and Single Source,8,V00000925738,"THE LAWRENCE GROUP ARCHITECTS OF AUSTIN, INC.",THE LAWRENCE GROUP,RFQS,6100,CLMP158,2026-05-11T00:00:00.000Z,MA6100PA15000000547V00000925738
MA,6100,PA150000005,47,2015 GENERAL ARCHITECTURAL SERVICES ROTATION LIST,Contract and Land Management Department,unknown,unknown,4000000,3150902.7,2985359.34,2015-01-29T00:00:00.000Z,2024-01-28T00:00:00.000Z,55,Pers / Prof / Plan Svcs (252),0014-10-16T00:00:00.000Z,4,Sole and Single Source,6,STA7142875,STANLEY ARCHITECTS & ARTISANS INC,STANLEY STUDIO OR STANLEY SALAIZ JV,RFQS,6100,CLMP158,2026-05-11T00:00:00.000Z,MA6100PA15000000547STA7142875
MA,6100,PA150000005,47,2015 GENERAL ARCHITECTURAL SERVICES ROTATION LIST,Contract and Land Management Department,unknown,unknown,4000000,3150902.7,2985359.34,2015-01-29T00:00:00.000Z,2024-01-28T00:00:00.000Z,55,Pers / Prof / Plan Svcs (252),0014-10-16T00:00:00.000Z,4,Sole and Single Source,2,MCK3123750,MCKINNEY ARCHITECTS INC,MCKINNEY YORK ARCHITECTS,RFQS,6100,CLMP158,2026-05-11T00:00:00.000Z,MA6100PA15000000547MCK3123750
MA,6100,PA150000005,47,2015 GENERAL ARCHITECTURAL SERVICES ROTATION LIST,Contract and Land Management Department,unknown,unknown,4000000,3150902.7,2985359.34,2015-01-29T00:00:00.000Z,2024-01-28T00:00:00.000Z,55,Pers / Prof / Plan Svcs (252),0014-10-16T00:00:00.000Z,4,Sole and Single Source,3,MAR3044500,MWM DESIGNGROUP INC,"MWM DESIGNGROUP OR MARTINEZ, WRIGHT AND MENDEZ INC",RFQS,6100,CLMP158,2026-05-11T00:00:00.000Z,MA6100PA15000000547MAR3044500
MA,6100,PA150000005,47,2015 GENERAL ARCHITECTURAL SERVICES ROTATION LIST,Contract and Land Management Department,unknown,unknown,4000000,3150902.7,2985359.34,2015-01-29T00:00:00.000Z,2024-01-28T00:00:00.000Z,55,Pers / Prof / Plan Svcs (252),0014-10-16T00:00:00.000Z,4,Sole and Single Source,7,LIM7079715,LIMBACHER & GODFREY INC,N/A,RFQS,6100,CLMP158,2026-05-11T00:00:00.000Z,MA6100PA15000000547LIM7079715
MA,6100,PA150000005,47,2015 GENERAL ARCHITECTURAL SERVICES ROTATION LIST,Contract and Land Management Department,unknown,unknown,4000000,3150902.7,2985359.34,2015-01-29T00:00:00.000Z,2024-01-28T00:00:00.000Z,55,Pers / Prof / Plan Svcs (252),0014-10-16T00:00:00.000Z,4,Sole and Single Source,9,LAU7158165,THE LAWRENCE GROUP INC,THE LAWRENCE GROUP,RFQS,6100,CLMP158,2026-05-11T00:00:00.000Z,MA6100PA15000000547LAU7158165
MA,6100,PA150000005,47,2015 GENERAL ARCHITECTURAL SERVICES ROTATION LIST,Contract and Land Management Department,unknown,unknown,4000000,3150902.7,2985359.34,2015-01-29T00:00:00.000Z,2024-01-28T00:00:00.000Z,55,Pers / Prof / Plan Svcs (252),0014-10-16T00:00:00.000Z,4,Sole and Single Source,5,BLG0714750,BLGY INC,BLGY ARCHITECTURE,RFQS,6100,CLMP158,2026-05-11T00:00:00.000Z,MA6100PA15000000547BLG0714750
MA,6100,PA150000005,47,2015 GENERAL ARCHITECTURAL SERVICES ROTATION LIST,Contract and Land Management Department,unknown,unknown,4000000,3150902.7,2985359.34,2015-01-29T00:00:00.000Z,2024-01-28T00:00:00.000Z,55,Pers / Prof / Plan Svcs (252),0014-10-16T00:00:00.000Z,4,Sole and Single Source,4,VC0000101092,H+UO ARCHITECTS LLP,HPA LLP OR HATCH + ULLAND OWEN ARCHITECTS,RFQS,6100,CLMP158,2026-05-11T00:00:00.000Z,MA6100PA15000000547VC0000101092
MA,6100,PA150000005,47,2015 GENERAL ARCHITECTURAL SERVICES ROTATION LIST,Contract and Land Management Department,unknown,unknown,4000000,3150902.7,2985359.34,2015-01-29T00:00:00.000Z,2024-01-28T00:00:00.000Z,55,Pers / Prof / Plan Svcs (252),0014-10-16T00:00:00.000Z,4,Sole and Single Source,1,ARC7068555,AUSTIN ARCHITECTURE PLUS INC,ARCHITECTURE + PLUS AKA ARCHITECTURE PLUS,RFQS,6100,CLMP158,2026-05-11T00:00:00.000Z,MA6100PA15000000547ARC7068555
CT,6100,20030900458,14,BOGGY CREEK - MLK TOD STORMWATER CONVEYANCE IMP PHASE 1,Contract and Land Management Department,unknown,unknown,3913079.5,3913079.5,3879894.1,2020-03-25T00:00:00.000Z,,10,Competitive Acquisition,0020-02-20T00:00:00.000Z,7,Construction,1,SMI8307578,M.A. SMITH CONTRACTING CO INC,SMITH CONTRACTING CO INC,IFB,6100,CLMC763,2026-05-11T00:00:00.000Z,CT61002003090045814SMI8307578
MA,2200,GA210000066,4,BOUNDARY VEGETATION TREATMENT FOR WILDFIRE MITIGATION,Central Purchasing Office Receptionist,(512) 974-2500,purchinfo@austintexas.gov,3902000,1108109.28,1019616.94,2021-12-03T00:00:00.000Z,2026-12-02T00:00:00.000Z,10,Competitive Acquisition,0021-11-18T00:00:00.000Z,18,Commodities (Goods),2,VS0000004060,"UNITY CONTRACTOR SERVICES, INC",N/A,IFB,2200,APC1012 REBID,2026-05-11T00:00:00.000Z,MA2200GA2100000664VS0000004060
MA,2200,GA210000066,4,BOUNDARY VEGETATION TREATMENT FOR WILDFIRE MITIGATION,Central Purchasing Office Receptionist,(512) 974-2500,purchinfo@austintexas.gov,3902000,1108109.28,1019616.94,2021-12-03T00:00:00.000Z,2026-12-02T00:00:00.000Z,10,Competitive Acquisition,0021-11-18T00:00:00.000Z,18,Commodities (Goods),1,V00000917830,EARTHCO LANDSCAPE CONSTRUCTION LLC,"ELC SUPPLY, EARTHCO LC, EARTHCO LANDSCAPE, EARTHCO LC GROUP",IFB,2200,APC1012 REBID,2026-05-11T00:00:00.000Z,MA2200GA2100000664V00000917830
CT,6100,21052600614,5,LAKE AUSTIN-MEREDITH ST. STORM DRAIN IMPROVEMENTS,Contract and Land Management Department,unknown,unknown,3861154.14,3861154.14,3668096.43,2021-05-26T00:00:00.000Z,,10,Competitive Acquisition,0021-05-20T00:00:00.000Z,4,Construction,1,FAC8317993,FACILITIES REHABILITATION INC,N/A,IFB,6100,CLMC834,2026-05-11T00:00:00.000Z,CT6100210526006145FAC8317993
CT,6100,22102400032,2,HIGHLAND AND BROWNIE NEIGHBORHOOD PARKS,Contract and Land Management Department,unknown,unknown,3754057.57,3754057.57,2252318.55,2023-08-21T00:00:00.000Z,,10,Competitive Acquisition,0022-10-13T00:00:00.000Z,12,Construction,1,BAR7111710,RODRIGUEZ BARR INC,THE BARR CO AIA,IFB,6100,CLMC899,2026-05-11T00:00:00.000Z,CT6100221024000322BAR7111710
MA,6100,PA200000058,7,2020 BUILDING COMMISSIONING (CX)SERVICES ROTATION LIST,Capital Contracting Office,unknown,unknown,3750000,2938988.19,1406417.62,2020-06-18T00:00:00.000Z,2024-06-17T00:00:00.000Z,10,Competitive Acquisition,0020-03-26T00:00:00.000Z,6,Professional Services,5,V00000930436,"PAGE SOUTHERLAND PAGE, INC.",N/A,RFQS,6100,CLMP275,2026-05-11T00:00:00.000Z,MA6100PA2000000587V00000930436
MA,6100,PA200000058,7,2020 BUILDING COMMISSIONING (CX)SERVICES ROTATION LIST,Capital Contracting Office,unknown,unknown,3750000,2938988.19,1406417.62,2020-06-18T00:00:00.000Z,2024-06-17T00:00:00.000Z,10,Competitive Acquisition,0020-03-26T00:00:00.000Z,6,Professional Services,1,V00000917399,"NODAL PARTNERS, LLC",BEE,RFQS,6100,CLMP275,2026-05-11T00:00:00.000Z,MA6100PA2000000587V00000917399
MA,6100,PA200000058,7,2020 BUILDING COMMISSIONING (CX)SERVICES ROTATION LIST,Capital Contracting Office,unknown,unknown,3750000,2938988.19,1406417.62,2020-06-18T00:00:00.000Z,2024-06-17T00:00:00.000Z,10,Competitive Acquisition,0020-03-26T00:00:00.000Z,6,Professional Services,2,JAS2584500,JASMINE ENGINEERING INC,N/A,RFQS,6100,CLMP275,2026-05-11T00:00:00.000Z,MA6100PA2000000587JAS2584500
MA,6100,PA200000058,7,2020 BUILDING COMMISSIONING (CX)SERVICES ROTATION LIST,Capital Contracting Office,unknown,unknown,3750000,2938988.19,1406417.62,2020-06-18T00:00:00.000Z,2024-06-17T00:00:00.000Z,10,Competitive Acquisition,0020-03-26T00:00:00.000Z,6,Professional Services,4,GOO7062470,GOODWIN ENGINEERING INC,N/A,RFQS,6100,CLMP275,2026-05-11T00:00:00.000Z,MA6100PA2000000587GOO7062470
MA,6100,PA200000058,7,2020 BUILDING COMMISSIONING (CX)SERVICES ROTATION LIST,Capital Contracting Office,unknown,unknown,3750000,2938988.19,1406417.62,2020-06-18T00:00:00.000Z,2024-06-17T00:00:00.000Z,10,Competitive Acquisition,0020-03-26T00:00:00.000Z,6,Professional Services,3,VS0000011064,"TEXAS ENERGY ENGINEERING SERVICES, INC.",TEESI ENGINEERING,RFQS,6100,CLMP275,2026-05-11T00:00:00.000Z,MA6100PA2000000587VS0000011064
CT,6100,22072200743,6,TRUMAN HEIGHTS WATER AND WASTEWATER PIPELINE REHABILITATION,Contract and Land Management Department,unknown,unknown,3645828.03,3645828.03,2544868.71,2023-03-03T00:00:00.000Z,,10,Competitive Acquisition,0022-07-28T00:00:00.000Z,32,Construction,1,FAC8317993,FACILITIES REHABILITATION INC,N/A,IFB,6100,CLMC884,2026-05-11T00:00:00.000Z,CT6100220722007436FAC8317993
MA,6100,SA190000003,8,ABIA TERMINAL CENTRALIZED BAGGAGE HANDLING SYSTEM DCM REISSU,Capital Contracting Office,unknown,unknown,3564459.18,3564459.18,2318987.3,2018-09-07T00:00:00.000Z,2025-06-27T00:00:00.000Z,55,Pers / Prof / Plan Svcs (252),0017-12-14T00:00:00.000Z,6,Sole and Single Source,1,EAR8307803,AECOM TECHNICAL SERVICES INC,N/A,RFQS,6100,CLMP231A,2026-05-11T00:00:00.000Z,MA6100SA1900000038EAR8307803
CT,6100,20123100188,11,ASBESTOS CEMENT WATER PIPE AND WW LINE REPLACEMENT (NE),Contract and Land Management Department,unknown,unknown,3520112.72,3520112.72,2760795.69,2021-01-04T00:00:00.000Z,,10,Competitive Acquisition,0020-12-10T00:00:00.000Z,9,Construction,1,V00000919925,UNDERGROUND WATER SOLUTIONS CO.,N/A,IFB,6100,CLMC815,2026-05-11T00:00:00.000Z,CT61002012310018811V00000919925
CT,6100,23032300302,2,AEDP BUILDING DEMOLITION,Contract and Land Management Department,unknown,unknown,3501472,3501472,3078577.08,2023-08-11T00:00:00.000Z,,10,Competitive Acquisition,0023-03-23T00:00:00.000Z,7,Construction,1,STR7090820,"STR CONSTRUCTORS, LLC",N/A,IFB,6100,CLMC957,2026-05-11T00:00:00.000Z,CT6100230323003022STR7090820
CT,6100,20111700084,2,E. ALLANDALE WHITE ROCK NEIGHBRHD W&WW SYSTEM RENEWAL,Contract and Land Management Department,unknown,unknown,3468020,3468020,561944.95,2020-11-30T00:00:00.000Z,,10,Competitive Acquisition,0020-10-01T00:00:00.000Z,3,Construction,1,V00000969089,VACA UNDERGROUND UTILITIES INC,N/A,IFB,6100,CLMC743,2026-05-11T00:00:00.000Z,CT6100201117000842V00000969089
CT,6100,20120100122,2,SLAUGHTER LANE AND CAPITAL OF TEXAS RESERVOIR IMPROVEMENTS,Contract and Land Management Department,unknown,unknown,3430071.78,3430071.78,3404750.93,2020-12-04T00:00:00.000Z,,10,Competitive Acquisition,0020-11-12T00:00:00.000Z,6,Non-Professional Services,1,BLA8301292,BLASTCO TEXAS INC,N/A,IFB,6100,CLMC808,2026-05-11T00:00:00.000Z,CT6100201201001222BLA8301292
CT,6100,23022400240,2,STASSNEY LN AT CONGRESS AVE INTERSECTION,Contract and Land Management Department,unknown,unknown,3371538.07,3371538.07,853372.51,2023-07-31T00:00:00.000Z,,10,Competitive Acquisition,0023-02-09T00:00:00.000Z,9,Construction,1,AUS8321418,AUSTIN UNDERGROUND INC,N/A,IFB,6100,CLMC921,2026-05-11T00:00:00.000Z,CT6100230224002402AUS8321418
MA,9200,NA230000104,2,VETERINARY PHARMACEUTICALS AND SUPPLIES,Central Purchasing Office Receptionist,(512) 974-2500,purchinfo@austintexas.gov,3300000,401847,202613.72,2023-04-20T00:00:00.000Z,2028-04-20T00:00:00.000Z,10,Competitive Acquisition,0023-04-13T00:00:00.000Z,12,Non-Professional Services,1,VS0000025998,"MIDWEST VETERINARY SUPPLY, INC.",N/A,IFB,9200,JRH1052,2026-05-11T00:00:00.000Z,MA9200NA2300001042VS0000025998
MA,9200,NA230000104,2,VETERINARY PHARMACEUTICALS AND SUPPLIES,Central Purchasing Office Receptionist,(512) 974-2500,purchinfo@austintexas.gov,3300000,401847,202613.72,2023-04-20T00:00:00.000Z,2028-04-20T00:00:00.000Z,10,Competitive Acquisition,0023-04-13T00:00:00.000Z,12,Non-Professional Services,2,V00000983250,WA BUTLER COMPANY,"COVETRUS NORTH AMERICA, LLC",IFB,9200,JRH1052,2026-05-11T00:00:00.000Z,MA9200NA2300001042V00000983250
MA,9200,NA230000104,2,VETERINARY PHARMACEUTICALS AND SUPPLIES,Central Purchasing Office Receptionist,(512) 974-2500,purchinfo@austintexas.gov,3300000,401847,202613.72,2023-04-20T00:00:00.000Z,2028-04-20T00:00:00.000Z,10,Competitive Acquisition,0023-04-13T00:00:00.000Z,12,Non-Professional Services,3,V00000962725,BOEHRINGER INGELHEIM ANIMAL HEALTH USA INC,N/A,IFB,9200,JRH1052,2026-05-11T00:00:00.000Z,MA9200NA2300001042V00000962725
CT,6100,23101600017,1,BULL CREEK WASTEWATER PIPELINES RENEWAL,Contract and Land Management Department,unknown,unknown,3288275,3288275,0,2023-11-09T00:00:00.000Z,,10,Competitive Acquisition,0023-10-19T00:00:00.000Z,17,Construction,1,FAC8317993,FACILITIES REHABILITATION INC,N/A,IFB,6100,CLMC920,2026-05-11T00:00:00.000Z,CT6100231016000171FAC8317993
MA,2200,GA220000031,2,LIQUID SODIUM PERMANGANATE,Central Purchasing Office Receptionist,(512) 974-2500,purchinfo@austintexas.gov,3287600,0,0,2022-03-30T00:00:00.000Z,2027-03-29T00:00:00.000Z,10,Competitive Acquisition,0022-03-24T00:00:00.000Z,25,Commodities (Goods),1,V00000912379,"CHEMRITE, INC.",N/A,IFB,2200,WJT1010,2026-05-11T00:00:00.000Z,MA2200GA2200000312V00000912379
CT,6100,21061500672,8,ROSEDALE NORTH WATER AND WASTEWATER PIPELINE RENEWAL PHASE 2,Contract and Land Management Department,unknown,unknown,3233056.7,3233056.7,1364788.2,2021-06-21T00:00:00.000Z,,10,Competitive Acquisition,0021-06-10T00:00:00.000Z,9,Construction,1,V00000919925,UNDERGROUND WATER SOLUTIONS CO.,N/A,IFB,6100,CLMC828,2026-05-11T00:00:00.000Z,CT6100210615006728V00000919925
MA,5000,GA230000059,1,TYPE 1L HYDRAULIC CEMENT,Central Purchasing Office Receptionist,(512) 974-2500,purchinfo@austintexas.gov,3200000,231460.2,87160.77,2023-08-03T00:00:00.000Z,2028-08-02T00:00:00.000Z,10,Competitive Acquisition,0023-07-20T00:00:00.000Z,36,Commodities (Goods),1,CAP7072050,CAPITOL AGGREGATES INC,N/A,IFB,6200,AMA1084,2026-05-11T00:00:00.000Z,MA5000GA2300000591CAP7072050
CT,6100,20081701011,3,HARMOND AVENUE AREA WATER AND WASTEWATER SYSTEM RENEWAL,Contract and Land Management Department,unknown,unknown,3153641.8,3153641.8,2877386.17,2020-08-18T00:00:00.000Z,,10,Competitive Acquisition,0020-07-29T00:00:00.000Z,9,Construction,1,SAN8316404,SANTA CLARA CONSTRUCTION LTD,N/A,IFB,6100,CLMC796,2026-05-11T00:00:00.000Z,CT6100200817010113SAN8316404
CT,6100,22021800372,10,MEDICAL ARTS SQUARE WATER AND WASTEWATER SYSTEM RENEWAL,Contract and Land Management Department,unknown,unknown,3140554.01,3140554.01,2800980.12,2022-06-03T00:00:00.000Z,,10,Competitive Acquisition,0022-01-27T00:00:00.000Z,17,Construction,1,V00000956852,"PGC GENERAL CONTRACTORS, LLC",PEABODY GENERAL CONTRACTORS,IFB,6100,CLMC879,2026-05-11T00:00:00.000Z,CT61002202180037210V00000956852
CT,6100,23110900064,1,"STREET LIGHTING CONSTRUCTION:  SLAUGHTER LANE, HOWARD LANE",Contract and Land Management Department,unknown,unknown,3136056.5,3136056.5,0,2023-11-21T00:00:00.000Z,,10,Competitive Acquisition,0023-11-09T00:00:00.000Z,8,Construction,1,DEN8303211,DENUCCI CONSTRUCTORS L L C,N/A,IFB,6100,CLMC992,2026-05-11T00:00:00.000Z,CT6100231109000641DEN8303211
MA,4600,NA200000173,2,SPANISH INTERPRETATION SERVICES FOR MUNICIPAL COURT,Central Purchasing Office Receptionist,(512) 974-2500,purchinfo@austintexas.gov,3066272,1985232.45,1788054.67,2020-09-04T00:00:00.000Z,2024-09-03T00:00:00.000Z,10,Competitive Acquisition,0020-09-03T00:00:00.000Z,17,Non-Professional Services,1,SIL7037360,SILVIA B KENIG INC,N/A,RFP,4600,LNH3020,2026-05-11T00:00:00.000Z,MA4600NA2000001732SIL7037360
CT,6100,23073100584,2,GEORGE WASHINGTON CARVER MUSEUM - THEATER AND ACCESS IMPVMTS,Contract and Land Management Department,unknown,unknown,3040931.3,3040931.3,163899.52,2023-07-31T00:00:00.000Z,,10,Competitive Acquisition,0023-07-20T00:00:00.000Z,45,Construction,1,SOU7167450,RS ELLIS INC,SOUTHWEST CORPORATION,IFB,6100,CLMC979,2026-05-11T00:00:00.000Z,CT6100230731005842SOU7167450
MA,6100,SA180000002,11,FALLWELL LANE CAPITAL RENEWAL,Capital Contracting Office,unknown,unknown,3000000,3000000,2727462.59,2017-10-04T00:00:00.000Z,2026-08-03T00:00:00.000Z,55,Pers / Prof / Plan Svcs (252),0017-08-03T00:00:00.000Z,53,Sole and Single Source,1,HAL7038625,HALFF ASSOCIATES INC,HALFF,RFQS,6100,CLMP225,2026-05-11T00:00:00.000Z,MA6100SA18000000211HAL7038625
MA,6100,SA220000013,1,PROJECT CONNECT - WATER/WASTEWATER UTILITY SUPPORT PROGRAM,Capital Contracting Office,unknown,unknown,3000000,1232285.12,654812.11,2022-06-13T00:00:00.000Z,2025-05-31T00:00:00.000Z,55,Pers / Prof / Plan Svcs (252),0022-03-24T00:00:00.000Z,21,Sole and Single Source,1,PAP8302018,PAPE-DAWSON CONSULTING ENGINEERS INC,PAPE-DAWSON ENGINEERS,RFQS,6100,CLMP324,2026-05-11T00:00:00.000Z,MA6100SA2200000131PAP8302018
MA,6100,CA230000002,1,2024 WATERLINE ON-CALL SERVICES IDIQ,Capital Contracting Office,unknown,unknown,3000000,601918.75,0,2023-07-20T00:00:00.000Z,2024-07-19T00:00:00.000Z,10,Competitive Acquisition,0023-07-20T00:00:00.000Z,72,Construction,1,V00000956852,"PGC GENERAL CONTRACTORS, LLC",PEABODY GENERAL CONTRACTORS,IFB,6100,CLMC991,2026-05-11T00:00:00.000Z,MA6100CA2300000021V00000956852
MA,6100,CA230000005,2,2020 BOND TRAFFIC & PEDESTRIAN SIGNALS-INSTALLATION & MAINT,Capital Contracting Office,unknown,unknown,3000000,0,0,2023-10-16T00:00:00.000Z,2025-04-15T00:00:00.000Z,10,Competitive Acquisition,0023-09-21T00:00:00.000Z,32,Construction,1,VS0000030988,EAR TELECOMMUNICATIONS LLC,EARTC,IFB,6100,CLMC904,2026-05-11T00:00:00.000Z,MA6100CA2300000052VS0000030988
MA,6200,NA210000104,7,REQUEST TO ESTABLISH TRUCKING/HAULING SERVICES CONTRACT,Central Purchasing Office Receptionist,(512) 974-2500,purchinfo@austintexas.gov,2940000,1643456.76,1359090.69,2021-10-04T00:00:00.000Z,2024-09-04T00:00:00.000Z,10,Competitive Acquisition,0021-07-29T00:00:00.000Z,68,Non-Professional Services,1,V00000925782,"LEWIS CLARK TRUCKING,  LLC",N/A,IFB,6200,JTH1001,2026-05-11T00:00:00.000Z,MA6200NA2100001047V00000925782
MA,6100,SA230000005,1,UPPER TANNEHILL STORMWATER IMPROVEMENTS AND WASTEWATER INTER,Capital Contracting Office,unknown,unknown,2885847.17,2885847.17,504196.71,2023-04-14T00:00:00.000Z,2026-04-13T00:00:00.000Z,10,Competitive Acquisition,0022-11-15T00:00:00.000Z,30,Professional Services,1,CAM0933250,CDM SMITH INC,N/A,RFQS,6100,CLMP340,2026-05-11T00:00:00.000Z,MA6100SA2300000051CAM0933250
CT,6100,22041100508,6,BURNET RD CORRIDOR-KOENIG LN INTERSECTION TO WHITE HORSE TRL,Contract and Land Management Department,unknown,unknown,2862941.1,2862941.1,2846521.38,2022-10-11T00:00:00.000Z,,10,Competitive Acquisition,0022-04-07T00:00:00.000Z,16,Construction,1,DEN8303211,DENUCCI CONSTRUCTORS L L C,N/A,IFB,6100,CLMC894,2026-05-11T00:00:00.000Z,CT6100220411005086DEN8303211
MA,5800,NA230000060,1,ACTUARIAL AND CONSULTING SERVICES FOR THE BENEFIT PROGRAMS,Central Purchasing Office Receptionist,(512) 974-2500,purchinfo@austintexas.gov,2800000,530416.69,296250.03,2023-02-23T00:00:00.000Z,2029-02-22T00:00:00.000Z,10,Competitive Acquisition,0023-02-23T00:00:00.000Z,25,Non-Professional Services,1,GAL8317852,GALLAGHER BENEFIT SERVICES INC,ARTHUR J GALLAGHER & CO,RFP,5800,BYS3024,2026-05-11T00:00:00.000Z,MA5800NA2300000601GAL8317852
CT,6100,21090300943,8,MEADOW LAKE BLVD STREET EXTENSION,Contract and Land Management Department,unknown,unknown,2668888.96,2668888.96,2662999.96,2021-09-03T00:00:00.000Z,,10,Competitive Acquisition,0021-08-26T00:00:00.000Z,6,Construction,1,DEN8303211,DENUCCI CONSTRUCTORS L L C,N/A,IFB,6100,CLMC864,2026-05-11T00:00:00.000Z,CT6100210903009438DEN8303211
CT,6100,23090100693,1,WALLER CREEK - INLET FACILITY WET WELL MECHANICAL SCREENING,Contract and Land Management Department,unknown,unknown,2650000,2650000,0,2023-09-01T00:00:00.000Z,,10,Competitive Acquisition,0023-08-31T00:00:00.000Z,28,Commodities (Goods),1,MAT8308109,"MATOUS CONSTRUCTION II, LTD","MATOUS CONSTRUCTION, LTD OR MATOUS CONSTRUCTION",IFB,6100,CLMC974,2026-05-11T00:00:00.000Z,CT6100230901006931MAT8308109
CT,6100,21120700211,3,FORT UPPER BASIN WATER AND WASTEWATER PIPELINE RENEWAL,Contract and Land Management Department,unknown,unknown,2642686.34,2642686.34,2313973.16,2023-06-28T00:00:00.000Z,,10,Competitive Acquisition,0021-11-18T00:00:00.000Z,13,Construction,1,FAC8317993,FACILITIES REHABILITATION INC,N/A,IFB,6100,CLMC877,2026-05-11T00:00:00.000Z,CT6100211207002113FAC8317993
MA,6100,SA200000022,3,HORNSBY BEND BMP HEADWORKS,Capital Contracting Office,unknown,unknown,2623450.13,2623450.13,962198.25,2020-07-28T00:00:00.000Z,2025-01-01T00:00:00.000Z,55,Pers / Prof / Plan Svcs (252),0019-10-17T00:00:00.000Z,5,Sole and Single Source,1,CHI7027035,CP&Y INC,STV INFRASTRUCTURE,RFQS,6100,CLMP274,2026-05-11T00:00:00.000Z,MA6100SA2000000223CHI7027035
MA,2400,GA230000079,2,THERMOPLASTIC PAINT & PAVEMENT MARKING MATERIALS,Central Purchasing Office Receptionist,(512) 974-2500,purchinfo@austintexas.gov,2600000,73750,73750,2023-10-02T00:00:00.000Z,2028-10-01T00:00:00.000Z,10,Competitive Acquisition,0023-09-21T00:00:00.000Z,28,Commodities (Goods),1,ENN7077715,"ENNIS-FLINT, INC.",ENNIS PAINT INC OR ENNIS TRAFFIC SAFETY SOLUTIONS,IFB,2400,SMW1007,2026-05-11T00:00:00.000Z,MA2400GA2300000792ENN7077715
MA,7400,NA210000173,2,THE PERFORMANCE OF DEPOSITORY SERVICES FOR CITY FUNDS.,Central Purchasing Office Receptionist,(512) 974-2500,purchinfo@austintexas.gov,2600000,0,0,2021-08-31T00:00:00.000Z,2026-08-30T00:00:00.000Z,10,Competitive Acquisition,0021-08-26T00:00:00.000Z,49,Non-Professional Services,1,CHA7140050,"JPMORGAN CHASE BANK, N.A.",CHASE,RFP,7400,AVB3002,2026-05-11T00:00:00.000Z,MA7400NA2100001732CHA7140050
MA,9200,NA230000033,1,PET FOOD & SUPPLIES,Central Purchasing Office Receptionist,(512) 974-2500,purchinfo@austintexas.gov,2600000,437616.59,422393.52,2022-12-02T00:00:00.000Z,2027-12-01T00:00:00.000Z,10,Competitive Acquisition,0022-11-15T00:00:00.000Z,25,Non-Professional Services,1,GEO7141565,SAGELINE INC,GEORGETOWN FARM SUPPLY OR TEXAS OUTDOOR EQUIPMENT,IFB,9200,MLJ1008,2026-05-11T00:00:00.000Z,MA9200NA2300000331GEO7141565
MA,6100,SA210000018,2,RELAY & PROTECTION ENGINEERING SERVICES FOR ELECTRIC SYSTEM.,Capital Contracting Office,unknown,unknown,2550000,1830858.83,1099915.13,2021-06-07T00:00:00.000Z,2025-06-06T00:00:00.000Z,55,Pers / Prof / Plan Svcs (252),0021-03-25T00:00:00.000Z,11,Sole and Single Source,1,STA7106205,STANLEY CONSULTANTS INC,N/A,RFQS,6100,CLMP310,2026-05-11T00:00:00.000Z,MA6100SA2100000182STA7106205
MA,1500,NA210000164,5,"EDUCATION, CLEANUP, AND BEAUTIFICATION SERVICES",Central Purchasing Office Receptionist,(512) 974-2500,purchinfo@austintexas.gov,2521040,1777838.11,1296940.33,2021-08-09T00:00:00.000Z,2024-08-08T00:00:00.000Z,10,Competitive Acquisition,0021-07-29T00:00:00.000Z,82,Non-Professional Services,3,TOW8314876,THE TRAIL CONSERVANCY,N/A,RFP,1500,CRR3008,2026-05-11T00:00:00.000Z,MA1500NA2100001645TOW8314876
MA,1500,NA210000164,5,"EDUCATION, CLEANUP, AND BEAUTIFICATION SERVICES",Central Purchasing Office Receptionist,(512) 974-2500,purchinfo@austintexas.gov,2521040,1777838.11,1296940.33,2021-08-09T00:00:00.000Z,2024-08-08T00:00:00.000Z,10,Competitive Acquisition,0021-07-29T00:00:00.000Z,82,Non-Professional Services,1,KEE2684250,KEEP AUSTIN BEAUTIFUL INC.,KEEP AUSTIN BEAUTIFUL,RFP,1500,CRR3008,2026-05-11T00:00:00.000Z,MA1500NA2100001645KEE2684250
MA,1500,NA210000164,5,"EDUCATION, CLEANUP, AND BEAUTIFICATION SERVICES",Central Purchasing Office Receptionist,(512) 974-2500,purchinfo@austintexas.gov,2521040,1777838.11,1296940.33,2021-08-09T00:00:00.000Z,2024-08-08T00:00:00.000Z,10,Competitive Acquisition,0021-07-29T00:00:00.000Z,82,Non-Professional Services,2,TRE7095800,TREEFOLKS INC,N/A,RFP,1500,CRR3008,2026-05-11T00:00:00.000Z,MA1500NA2100001645TRE7095800
MA,8100,NA230000114,1,AIRPORT COMMS CABLE INFRASTRUCTURE MAINT & REPAIR SERVICES,Central Purchasing Office Receptionist,(512) 974-2500,purchinfo@austintexas.gov,2500000,280000,0,2023-05-18T00:00:00.000Z,2028-10-05T00:00:00.000Z,10,Competitive Acquisition,0023-05-18T00:00:00.000Z,8,Non-Professional Services,1,VS0000036198,"BRYMER COMMUNICATION SERVICES, LLC","BRYCOMM, LLC",RFP,8100,KWT3000,2026-05-11T00:00:00.000Z,MA8100NA2300001141VS0000036198
MA,2200,GA180000032,10,FLOCCULATING POLYMER,Central Purchasing Office Receptionist,(512) 974-2500,purchinfo@austintexas.gov,2479130,238991.85,236576.85,2018-03-05T00:00:00.000Z,2024-03-04T00:00:00.000Z,10,Competitive Acquisition,0018-03-01T00:00:00.000Z,10,Commodities (Goods),1,POL7108095,POLYDYNE INC,N/A,IFB,2200,GLB0066,2026-05-11T00:00:00.000Z,MA2200GA18000003210POL7108095
MA,7800,NA220000043,2,"PARTS, REPAIR SVC., AND PREV MAIN. FOR STREET MAIN EQUIPMENT",Central Purchasing Office Receptionist,(512) 974-2500,purchinfo@austintexas.gov,2383080,599994.19,433024.53,2022-01-23T00:00:00.000Z,2027-01-22T00:00:00.000Z,10,Competitive Acquisition,0021-12-02T00:00:00.000Z,27,Non-Professional Services,1,VS0000020688,NUECES FARM CENTER DBA NUECES POWER EQUIPMENT,NUECES POWER EQUIPMENT,IFB,7800,BJT1023REBID,2026-05-11T00:00:00.000Z,MA7800NA2200000432VS0000020688
CT,6100,23061600495,1,HORNSBY BEND BIOSOLIDS MANAGEMENT PLANT ROADWAY IMPROVEMENTS,Contract and Land Management Department,unknown,unknown,2362877,2362877,188719.23,2023-06-28T00:00:00.000Z,,10,Competitive Acquisition,0023-06-01T00:00:00.000Z,20,Construction,1,VS0000037703,"JERDON ENTERPRISE, LP",N/A,IFB,6100,CLMC972,2026-05-11T00:00:00.000Z,CT6100230616004951VS0000037703
CT,6100,22051000565,3,ACADEMY DRIVE WATER AND WASTEWATER PIPELINE RENEWAL,Contract and Land Management Department,unknown,unknown,2360123.14,2360123.14,2151610.48,2023-08-22T00:00:00.000Z,,10,Competitive Acquisition,0022-05-05T00:00:00.000Z,5,Construction,1,FAC8317993,FACILITIES REHABILITATION INC,N/A,IFB,6100,CLMC897,2026-05-11T00:00:00.000Z,CT6100220510005653FAC8317993
MA,7800,GA220000026,2,AFTERMARKET PARTS FOR MEDIUM AND HEAVY DUTY VEHICLES,Central Purchasing Office Receptionist,(512) 974-2500,purchinfo@austintexas.gov,2332000,1400089.07,834583.37,2022-06-25T00:00:00.000Z,2027-06-24T00:00:00.000Z,10,Competitive Acquisition,0022-05-05T00:00:00.000Z,15,Commodities (Goods),1,LON2935250,LONGHORN INTERNATIONAL TRUCKS LTD,"KYRISH TRUCK CENTERS, KYRISH TRUCK CENTERS OF AUSTIN",IFB,7800,BRS1037,2026-05-11T00:00:00.000Z,MA7800GA2200000262LON2935250
MA,6100,SA220000019,2,LAKELINE BOULEVARD IMPROVEMENTS,Capital Contracting Office,unknown,unknown,2280637.72,2280637.72,784124.56,2022-07-19T00:00:00.000Z,2025-07-18T00:00:00.000Z,10,Competitive Acquisition,0020-05-07T00:00:00.000Z,4,Professional Services,1,BIN7163385,BINKLEY & BARFIELD INC,N/A,RFQS,6100,CLMP283,2026-05-11T00:00:00.000Z,MA6100SA2200000192BIN7163385
MA,6100,SA230000007,1,CENTER STREET PUMP STATION REPLACEMENT & ELECTRICAL IMPROV,Capital Contracting Office,unknown,unknown,2247900.74,2247900.74,0,2023-08-28T00:00:00.000Z,2026-08-31T00:00:00.000Z,55,Pers / Prof / Plan Svcs (252),0023-01-26T00:00:00.000Z,8,Sole and Single Source,1,CAM0933250,CDM SMITH INC,N/A,RFQS,6100,CLMP336,2026-05-11T00:00:00.000Z,MA6100SA2300000071CAM0933250
MA,2200,GA190000038,12,FLEXIBLE BASE,Central Purchasing Office Receptionist,(512) 974-2500,purchinfo@austintexas.gov,2230000,1533519.95,1452561.46,2019-04-01T00:00:00.000Z,2024-03-31T00:00:00.000Z,10,Competitive Acquisition,0019-03-28T00:00:00.000Z,24,Commodities (Goods),1,VC0000101878,COMMUNITY TRUCKING LLC,N/A,IFB,2200,EAD1001,2026-05-11T00:00:00.000Z,MA2200GA19000003812VC0000101878
CT,6100,23092100763,1,SAR ELEVATED TANK REHAB & IMPROVEMENTS - CIVIL WORK,Contract and Land Management Department,unknown,unknown,2136347,2136347,0,2023-10-12T00:00:00.000Z,,10,Competitive Acquisition,0023-09-21T00:00:00.000Z,38,Construction,1,VS0000024973,"PROTA, INC.",N/A,IFB,6100,CLMC987,2026-05-11T00:00:00.000Z,CT6100230921007631VS0000024973
CT,6100,09060501513,4,WATER DISTRIBUTION CONTROL SYSTEM& LIFT STATION TELEMETRY,Contract and Land Management Department,unknown,unknown,2100902.63,2100902.63,1949614.82,2010-04-02T00:00:00.000Z,,55,Pers / Prof / Plan Svcs (252),0013-08-22T00:00:00.000Z,13,Sole and Single Source,1,CHM7087490,CH2M HILL INC,N/A,RFQS,6100,PWP0066,2026-05-11T00:00:00.000Z,CT6100090605015134CHM7087490
CT,6100,21042000500,3,ZILKER METRO PARK - MAINTENANCE BARN REPLACEMENT REBID,Contract and Land Management Department,unknown,unknown,2051876,2051876,455630.12,2021-04-20T00:00:00.000Z,,10,Competitive Acquisition,0021-04-08T00:00:00.000Z,3,Construction,1,VS0000031622,"SAYERS CONSTRUCTION, LLC",N/A,IFB,6100,CLMC821A,2026-05-11T00:00:00.000Z,CT6100210420005003VS0000031622
CT,6100,21091000972,11,BOGGY CREEK - 6610 SHELTON RD EROSION REPAIR & GRADE CONTROL,Contract and Land Management Department,unknown,unknown,2041827.99,2041827.99,2011509.71,2022-05-04T00:00:00.000Z,,10,Competitive Acquisition,0021-09-02T00:00:00.000Z,5,Construction,1,SAN8316404,SANTA CLARA CONSTRUCTION LTD,N/A,IFB,6100,CLMC862,2026-05-11T00:00:00.000Z,CT61002109100097211SAN8316404
CT,6100,21061600676,3,WEST 9TH AND 12TH STREETS WATER AND WASTEWATER RENEWAL,Contract and Land Management Department,unknown,unknown,2040959.79,2040959.79,1854803.55,2021-06-17T00:00:00.000Z,,10,Competitive Acquisition,0021-06-10T00:00:00.000Z,6,Construction,1,V00000919925,UNDERGROUND WATER SOLUTIONS CO.,N/A,IFB,6100,CLMC842,2026-05-11T00:00:00.000Z,CT6100210616006763V00000919925
MA,6100,SA210000011,2,HORNSBY BEND BMP PROCESS AMMONIA REMOVAL FACILITY,Capital Contracting Office,unknown,unknown,2038767.75,2038767.75,665334.03,2021-02-24T00:00:00.000Z,2025-02-23T00:00:00.000Z,55,Pers / Prof / Plan Svcs (252),0020-11-12T00:00:00.000Z,4,Sole and Single Source,1,STA8322756,STANTEC CONSULTING SERVICES INC,N/A,RFQS,6100,CLMP306,2026-05-11T00:00:00.000Z,MA6100SA2100000112STA8322756
MA,8100,NA230000035,1,COMMUNICATIONS & MARKETING SUPPORT AUS,Central Purchasing Office Receptionist,(512) 974-2500,purchinfo@austintexas.gov,2000000,680199.89,336629.89,2023-02-06T00:00:00.000Z,2028-02-05T00:00:00.000Z,55,Pers / Prof / Plan Svcs (252),0023-01-26T00:00:00.000Z,16,Sole and Single Source,1,V00000979905,EIS DESIGN INC.,EIS DESIGN,RFQS,8100,ALD4005,2026-05-11T00:00:00.000Z,MA8100NA2300000351V00000979905
MA,6100,SA190000016,2,2019 ABIA ENVIRONMENTAL & ENGINEERING SERVICES,Capital Contracting Office,unknown,unknown,2000000,1945009.95,1525825.09,2019-10-10T00:00:00.000Z,2024-01-09T00:00:00.000Z,55,Pers / Prof / Plan Svcs (252),0019-08-08T00:00:00.000Z,11,Sole and Single Source,1,CAM0933250,CDM SMITH INC,N/A,RFQS,6100,CLMP267,2026-05-11T00:00:00.000Z,MA6100SA1900000162CAM0933250
MA,6100,CA240000001,1,2024 MISCELLANEOUS RESIDENTIAL STREETS FOG SEAL IDIQ,Capital Contracting Office,unknown,unknown,2000000,0,0,2023-10-12T00:00:00.000Z,2024-10-11T00:00:00.000Z,10,Competitive Acquisition,0023-10-05T00:00:00.000Z,15,Construction,1,V00000911863,"INTERMOUNTAIN SLURRY SEAL, INC.",N/A,IFB,6100,CLMC994,2026-05-11T00:00:00.000Z,MA6100CA2400000011V00000911863
MA,7800,NA230000167,1,PARTS AND REPAIR SERVICES FOR CUMMINS DIESEL ENGINES,Central Purchasing Office Receptionist,(512) 974-2500,purchinfo@austintexas.gov,1951800,189632.2,83871.7,2023-07-20T00:00:00.000Z,2028-07-19T00:00:00.000Z,10,Competitive Acquisition,0023-07-20T00:00:00.000Z,53,Non-Professional Services,1,V00000945767,"DOGGETT FREIGHTLINER OF SOUTH TEXAS, LLC",FREIGHTLINER OF AUSTIN,IFB,7800,BRS1065,2026-05-11T00:00:00.000Z,MA7800NA2300001671V00000945767
CT,6100,23110700055,1,AUSTIN ENERGY-SCC ROOF REPLACEMENT,Contract and Land Management Department,unknown,unknown,1945000,1945000,0,2023-11-07T00:00:00.000Z,,10,Competitive Acquisition,0023-11-02T00:00:00.000Z,9,Construction,1,POR7067505,PORT ENTERPRISES LTD,N/A,IFB,6100,CLMC1007,2026-05-11T00:00:00.000Z,CT6100231107000551POR7067505
CT,6100,23110600054,1,TERI RD AND PLEASANT VALLEY RD ROUNDABOUT,Contract and Land Management Department,unknown,unknown,1799693.5,1799693.5,0,2023-11-13T00:00:00.000Z,,10,Competitive Acquisition,0023-10-05T00:00:00.000Z,17,Construction,1,MUN7143465,MUNIZ CONCRETE & CONTRACTING INC,N/A,IFB,6100,CLMC997,2026-05-11T00:00:00.000Z,CT6100231106000541MUN7143465
CT,6100,23092100764,1,WALNUT CREEK WWTP EFFLUENT SAMPLE PUMP MODIFICATIONS REBID,Contract and Land Management Department,unknown,unknown,1767194,1767194,0,2023-10-12T00:00:00.000Z,,10,Competitive Acquisition,0023-09-21T00:00:00.000Z,41,Construction,1,V00000956852,"PGC GENERAL CONTRACTORS, LLC",PEABODY GENERAL CONTRACTORS,IFB,6100,CLMC975A,2026-05-11T00:00:00.000Z,CT6100230921007641V00000956852
MA,6100,CA220000004,2,2021-2025 BRIDGE MAINTENANCE IDIQ REBID,Capital Contracting Office,unknown,unknown,1700000,1347087.76,661260.34,2023-02-14T00:00:00.000Z,2024-02-14T00:00:00.000Z,10,Competitive Acquisition,0022-02-03T00:00:00.000Z,15,Construction,1,RES8318028,RESTEK INC,N/A,IFB,6100,CLMC871A,2026-05-11T00:00:00.000Z,MA6100CA2200000042RES8318028
MA,6100,SA190000015,7,OLTORF STREET RECLAIMED WATER MAIN PHASES 1 & 2,Capital Contracting Office,unknown,unknown,1663146.44,1663146.43,1380171.63,2019-09-30T00:00:00.000Z,2026-09-29T00:00:00.000Z,55,Pers / Prof / Plan Svcs (252),0019-05-23T00:00:00.000Z,12,Sole and Single Source,3,V00000914694,"H.W. LOCHNER, INC.","K FRIESE & ASSOCIATES, LLC",RFQS,6100,CLMP258,2026-05-11T00:00:00.000Z,MA6100SA1900000157V00000914694
MA,6100,SA190000015,7,OLTORF STREET RECLAIMED WATER MAIN PHASES 1 & 2,Capital Contracting Office,unknown,unknown,1663146.44,1663146.43,1380171.63,2019-09-30T00:00:00.000Z,2026-09-29T00:00:00.000Z,55,Pers / Prof / Plan Svcs (252),0019-05-23T00:00:00.000Z,12,Sole and Single Source,2,KFR8309453,K FRIESE & ASSOC INC,N/A,RFQS,6100,CLMP258,2026-05-11T00:00:00.000Z,MA6100SA1900000157KFR8309453
MA,6100,SA190000015,7,OLTORF STREET RECLAIMED WATER MAIN PHASES 1 & 2,Capital Contracting Office,unknown,unknown,1663146.44,1663146.43,1380171.63,2019-09-30T00:00:00.000Z,2026-09-29T00:00:00.000Z,55,Pers / Prof / Plan Svcs (252),0019-05-23T00:00:00.000Z,12,Sole and Single Source,1,CAS7170685,"CAS CONSULTING AND SERVICES, INC.",N/A,RFQS,6100,CLMP258,2026-05-11T00:00:00.000Z,MA6100SA1900000157CAS7170685
MA,2200,NA220000198,2,LARGE DIAMETER METER EXCHANGE SERVICES,Central Purchasing Office Receptionist,(512) 974-2500,purchinfo@austintexas.gov,1600000,1014889.76,955963.76,2022-09-16T00:00:00.000Z,2026-09-15T00:00:00.000Z,10,Competitive Acquisition,0022-09-01T00:00:00.000Z,31,Non-Professional Services,1,V00000928693,"VANGUARD UTILITY SERVICE, INC.",VUS INC.,IFB,2200,WJT1015,2026-05-11T00:00:00.000Z,MA2200NA2200001982V00000928693
MA,8600,NA200000205,28,ONSITE MOBILE CONTAINERS,Central Purchasing Office Receptionist,(512) 974-2500,purchinfo@austintexas.gov,1583000,785052.04,481966.71,2020-09-30T00:00:00.000Z,2024-09-29T00:00:00.000Z,10,Competitive Acquisition,0020-09-03T00:00:00.000Z,13,Non-Professional Services,1,V00000904713,"MOBILE MINI, INC",MOBILE STORAGE SOLUTIONS,IFB,8600,SBR1005REBID,2026-05-11T00:00:00.000Z,MA8600NA20000020528V00000904713
MA,8600,NA200000205,28,ONSITE MOBILE CONTAINERS,Central Purchasing Office Receptionist,(512) 974-2500,purchinfo@austintexas.gov,1583000,785052.04,481966.71,2020-09-30T00:00:00.000Z,2024-09-29T00:00:00.000Z,10,Competitive Acquisition,0020-09-03T00:00:00.000Z,13,Non-Professional Services,2,WIL7129535,WILLIAMS SCOTSMAN INC,MOBILE MINI,IFB,8600,SBR1005REBID,2026-05-11T00:00:00.000Z,MA8600NA20000020528WIL7129535
MA,6100,SA200000008,4,BOGGY CREEK LIFT STATION FORCE MAIN EXTENSION,Capital Contracting Office,unknown,unknown,1557860.63,1557860.63,1381247.52,2020-04-05T00:00:00.000Z,2025-12-31T00:00:00.000Z,10,Competitive Acquisition,0019-12-05T00:00:00.000Z,1,Professional Services,1,EAR8307803,AECOM TECHNICAL SERVICES INC,N/A,RFQS,6100,CLMP269,2026-05-11T00:00:00.000Z,MA6100SA2000000084EAR8307803
CT,6100,21080900827,3,CISTERN SUBSTATION CUT-IN AND CKT 3121/3136 OPGW ADDITION,Contract and Land Management Department,unknown,unknown,1531693.61,1531693.61,1455108.5,2021-08-10T00:00:00.000Z,,10,Competitive Acquisition,0021-07-29T00:00:00.000Z,22,Construction,1,V00000972774,KIEWIT INFRASTRUCTURE SOUTH CO.,N/A,IFB,6100,CLMC861,2026-05-11T00:00:00.000Z,CT6100210809008273V00000972774
MA,6100,23092100039,1,LOCAL MOBILITY ADA SIDEWALK AND RMP. IMPNTS GRP. 29-IDIQ,Capital Contracting Office,unknown,unknown,1500000,0,0,2023-09-21T00:00:00.000Z,2025-03-23T00:00:00.000Z,10,Competitive Acquisition,0023-09-14T00:00:00.000Z,46,Construction,1,VS0000017696,AUSTIN CONSTRUCTORS LLC,N/A,IFB,6100,CLMC980,2026-05-11T00:00:00.000Z,MA6100230921000391VS0000017696
MA,6100,23092000037,1,LCL MBLTYADA SIDEWALK AND RMP IMPRMTS GROUP 30 CITY WDE IDIQ,Capital Contracting Office,unknown,unknown,1500000,1499954,0,2023-09-20T00:00:00.000Z,2025-03-23T00:00:00.000Z,10,Competitive Acquisition,0023-09-14T00:00:00.000Z,47,Construction,1,MUN7143465,MUNIZ CONCRETE & CONTRACTING INC,N/A,IFB,6100,CLMC981,2026-05-11T00:00:00.000Z,MA6100230920000371MUN7143465
MA,5500,PA230000072,2,PROFESSIONAL SERVICES FOR DISTRICT DEVELOPMENT,Central Purchasing Office Receptionist,(512) 974-2500,purchinfo@austintexas.gov,1500000,429655,0,2023-04-28T00:00:00.000Z,2026-04-27T00:00:00.000Z,10,Competitive Acquisition,0023-04-13T00:00:00.000Z,10,Professional Services,3,V00000919065,THE GOODMAN CORPORATION,N/A,RFQS,5500,CRR4308,2026-05-11T00:00:00.000Z,MA5500PA2300000722V00000919065
MA,5500,PA230000072,2,PROFESSIONAL SERVICES FOR DISTRICT DEVELOPMENT,Central Purchasing Office Receptionist,(512) 974-2500,purchinfo@austintexas.gov,1500000,429655,0,2023-04-28T00:00:00.000Z,2026-04-27T00:00:00.000Z,10,Competitive Acquisition,0023-04-13T00:00:00.000Z,10,Professional Services,1,EAR8307803,AECOM TECHNICAL SERVICES INC,N/A,RFQS,5500,CRR4308,2026-05-11T00:00:00.000Z,MA5500PA2300000722EAR8307803
MA,5500,PA230000072,2,PROFESSIONAL SERVICES FOR DISTRICT DEVELOPMENT,Central Purchasing Office Receptionist,(512) 974-2500,purchinfo@austintexas.gov,1500000,429655,0,2023-04-28T00:00:00.000Z,2026-04-27T00:00:00.000Z,10,Competitive Acquisition,0023-04-13T00:00:00.000Z,10,Professional Services,2,V00000983061,"MEND COLLABORATIVE, INC",N/A,RFQS,5500,CRR4308,2026-05-11T00:00:00.000Z,MA5500PA2300000722V00000983061
MA,6100,23092200041,1,LCL MBLTY ADA SIDWLK AND RAMP IMPMNTS GRP 31 CITY WIDE-IDIQ,Capital Contracting Office,unknown,unknown,1500000,0,0,2023-09-21T00:00:00.000Z,2025-03-25T00:00:00.000Z,10,Competitive Acquisition,0023-09-14T00:00:00.000Z,48,Construction,1,VS0000017696,AUSTIN CONSTRUCTORS LLC,N/A,IFB,6100,CLMC982,2026-05-11T00:00:00.000Z,MA6100230922000411VS0000017696
CT,6100,21050500544,9,BRYKER ROAD WATER AND WASTEWATER PIPELINE RENEWAL,Contract and Land Management Department,unknown,unknown,1498159.27,1498159.27,1338938.56,2021-05-06T00:00:00.000Z,,10,Competitive Acquisition,0021-04-22T00:00:00.000Z,8,Construction,1,SAN8316404,SANTA CLARA CONSTRUCTION LTD,N/A,IFB,6100,CLMC831,2026-05-11T00:00:00.000Z,CT6100210505005449SAN8316404
CT,6100,22040400486,5,JAIN LANE STREET REALIGNMENT,Contract and Land Management Department,unknown,unknown,1485622.48,1485622.48,1050910.42,2022-11-01T00:00:00.000Z,,10,Competitive Acquisition,0022-04-07T00:00:00.000Z,30,Construction,1,AUS8321418,AUSTIN UNDERGROUND INC,N/A,IFB,6100,CLMC865,2026-05-11T00:00:00.000Z,CT6100220404004865AUS8321418
CT,6100,23092200767,1,STARLINE DRIVE AND LAWNDALE DRIVE PRESSURE ZONE CONVERSION,Contract and Land Management Department,unknown,unknown,1450995,1450995,0,2023-09-25T00:00:00.000Z,,10,Competitive Acquisition,0023-09-21T00:00:00.000Z,40,Construction,1,FAC8317993,FACILITIES REHABILITATION INC,N/A,IFB,6100,CLMC990,2026-05-11T00:00:00.000Z,CT6100230922007671FAC8317993
MA,6100,PA210000039,3,2021 ROOFING & WATERPROOFING CONSULTANT SERVICES RL,Capital Contracting Office,unknown,unknown,1400000,447909.15,197858.56,2021-02-12T00:00:00.000Z,2024-12-31T00:00:00.000Z,10,Competitive Acquisition,0020-12-10T00:00:00.000Z,1,Professional Services,7,WIS7088500,"WISS, JANNEY, ELSTNER  ASSOCIATES INC",N/A,RFQS,6100,CLMP307,2026-05-11T00:00:00.000Z,MA6100PA2100000393WIS7088500
MA,6100,PA210000039,3,2021 ROOFING & WATERPROOFING CONSULTANT SERVICES RL,Capital Contracting Office,unknown,unknown,1400000,447909.15,197858.56,2021-02-12T00:00:00.000Z,2024-12-31T00:00:00.000Z,10,Competitive Acquisition,0020-12-10T00:00:00.000Z,1,Professional Services,3,VS0000031778,"ENGINEERED EXTERIORS, LLC",N/A,RFQS,6100,CLMP307,2026-05-11T00:00:00.000Z,MA6100PA2100000393VS0000031778
MA,6100,PA210000039,3,2021 ROOFING & WATERPROOFING CONSULTANT SERVICES RL,Capital Contracting Office,unknown,unknown,1400000,447909.15,197858.56,2021-02-12T00:00:00.000Z,2024-12-31T00:00:00.000Z,10,Competitive Acquisition,0020-12-10T00:00:00.000Z,1,Professional Services,1,V00000943082,"AMTECH SOLUTIONS, INC.",N/A,RFQS,6100,CLMP307,2026-05-11T00:00:00.000Z,MA6100PA2100000393V00000943082
MA,6100,PA210000039,3,2021 ROOFING & WATERPROOFING CONSULTANT SERVICES RL,Capital Contracting Office,unknown,unknown,1400000,447909.15,197858.56,2021-02-12T00:00:00.000Z,2024-12-31T00:00:00.000Z,10,Competitive Acquisition,0020-12-10T00:00:00.000Z,1,Professional Services,4,V00000931367,KITCHELL CORPORATION,KITCHELL CEM,RFQS,6100,CLMP307,2026-05-11T00:00:00.000Z,MA6100PA2100000393V00000931367
MA,6100,PA210000039,3,2021 ROOFING & WATERPROOFING CONSULTANT SERVICES RL,Capital Contracting Office,unknown,unknown,1400000,447909.15,197858.56,2021-02-12T00:00:00.000Z,2024-12-31T00:00:00.000Z,10,Competitive Acquisition,0020-12-10T00:00:00.000Z,1,Professional Services,2,V00000926156,BRAUN INTERTEC CORPORATION,N/A,RFQS,6100,CLMP307,2026-05-11T00:00:00.000Z,MA6100PA2100000393V00000926156
MA,6100,PA210000039,3,2021 ROOFING & WATERPROOFING CONSULTANT SERVICES RL,Capital Contracting Office,unknown,unknown,1400000,447909.15,197858.56,2021-02-12T00:00:00.000Z,2024-12-31T00:00:00.000Z,10,Competitive Acquisition,0020-12-10T00:00:00.000Z,1,Professional Services,5,V00000908557,"PBK ARCHITECTS, INC.",PBK OR BEAM PROFESSIONALS,RFQS,6100,CLMP307,2026-05-11T00:00:00.000Z,MA6100PA2100000393V00000908557
MA,6100,PA210000039,3,2021 ROOFING & WATERPROOFING CONSULTANT SERVICES RL,Capital Contracting Office,unknown,unknown,1400000,447909.15,197858.56,2021-02-12T00:00:00.000Z,2024-12-31T00:00:00.000Z,10,Competitive Acquisition,0020-12-10T00:00:00.000Z,1,Professional Services,6,RAB3833500,"RABA KISTNER, INC.",N/A,RFQS,6100,CLMP307,2026-05-11T00:00:00.000Z,MA6100PA2100000393RAB3833500
MA,6100,SA210000016,2,COLONY PARK AND GIVENS DISTRICT PARKS AQUATIC FACILITIES,Capital Contracting Office,unknown,unknown,1374018.83,1374018.83,1369221.49,2021-04-06T00:00:00.000Z,2023-12-31T00:00:00.000Z,55,Pers / Prof / Plan Svcs (252),0020-09-03T00:00:00.000Z,2,Sole and Single Source,1,V00000925215,"MARMON MOK, LP",MARMON MOK,RFQS,6100,CLMP279,2026-05-11T00:00:00.000Z,MA6100SA2100000162V00000925215
CT,6100,23031300283,4,DUNCAN NEIGHBORHOOD PARK,Contract and Land Management Department,unknown,unknown,1359046.71,1359046.71,959437.38,2023-06-30T00:00:00.000Z,,10,Competitive Acquisition,0023-03-23T00:00:00.000Z,28,Construction,1,MUN7143465,MUNIZ CONCRETE & CONTRACTING INC,N/A,IFB,6100,CLMC945,2026-05-11T00:00:00.000Z,CT6100230313002834MUN7143465
CT,6100,22090800882,1,DOWNTOWN WAYFINDING IMPLEMENTATION 2.0,Contract and Land Management Department,unknown,unknown,1251216,1251216,0,2022-09-09T00:00:00.000Z,,10,Competitive Acquisition,0022-09-01T00:00:00.000Z,35,Non-Professional Services,1,V00000914992,"COLOR-AD, INC",N/A,IFB,6100,CLMC929,2026-05-11T00:00:00.000Z,CT6100220908008821V00000914992
MA,6100,SA220000015,1,"CIVIL ENGINEERING SERVICES, STREET REHABILITATION PROGRAM",Capital Contracting Office,unknown,unknown,1249530.32,1249530.32,0,2022-07-14T00:00:00.000Z,2024-07-14T00:00:00.000Z,55,Pers / Prof / Plan Svcs (252),0022-03-03T00:00:00.000Z,4,Sole and Single Source,1,HVJ2459750,HVJ ASSOCIATES INC,N/A,RFQS,6100,CLMP325,2026-05-11T00:00:00.000Z,MA6100SA2200000151HVJ2459750
MA,7400,PA230000017,5,DEVELOPMENT ADVISOR,Central Purchasing Office Receptionist,(512) 974-2500,purchinfo@austintexas.gov,1243000,1109000,60000,2022-11-10T00:00:00.000Z,2026-11-09T00:00:00.000Z,10,Competitive Acquisition,0023-03-03T00:00:00.000Z,13,Professional Services,1,V00000904379,CBRE INC,"CBRE, INC.",RFQS,7400,JTH4013,2026-05-11T00:00:00.000Z,MA7400PA2300000175V00000904379
MA,2200,GA230000023,1,LIQUID AMMONIUM SULFATE,Central Purchasing Office Receptionist,(512) 974-2500,purchinfo@austintexas.gov,1200000,170905,98625,2023-04-03T00:00:00.000Z,2028-04-02T00:00:00.000Z,10,Competitive Acquisition,0023-03-23T00:00:00.000Z,9,Commodities (Goods),1,GEN7159710,CHEMTRADE CHEMICALS CORPORATION,CHEMTRADE CHEMICALS US LLC,IFB,2200,WJT1022,2026-05-11T00:00:00.000Z,MA2200GA2300000231GEN7159710
MA,8500,NA190000243,6,SECURITY & FIRE ALARM SYSTEMS MONITORING/MAINTENANCE/REPAIR,Central Purchasing Office Receptionist,(512) 974-2500,purchinfo@austintexas.gov,1200000,401429.16,352936.01,2019-10-16T00:00:00.000Z,2024-10-15T00:00:00.000Z,10,Competitive Acquisition,0019-10-03T00:00:00.000Z,26,Non-Professional Services,1,CON8321260,CONVERGINT TECHNOLOGIES L L C,N/A,IFB,8500,JOG1001,2026-05-11T00:00:00.000Z,MA8500NA1900002436CON8321260
CT,6100,22090800881,2,GOVALLE SITE DOMESTIC WASTEWATER SERVICE IMPROVEMENTS,Contract and Land Management Department,unknown,unknown,1199428,1199428,0,2023-08-15T00:00:00.000Z,,10,Competitive Acquisition,0022-09-01T00:00:00.000Z,27,Commodities (Goods),1,V00000976701,"UDELHOVEN, INC.",N/A,IFB,6100,CLMC918A,2026-05-11T00:00:00.000Z,CT6100220908008812V00000976701
MA,6100,SA220000007,2,MONTOPOLIS AND NORTHWEST DISTRICT PARK POOL REPLACEMENTS,Capital Contracting Office,unknown,unknown,1162314.15,1162314.15,657335.83,2022-03-01T00:00:00.000Z,2024-02-28T00:00:00.000Z,55,Pers / Prof / Plan Svcs (252),0021-09-30T00:00:00.000Z,17,Sole and Single Source,1,V00000925215,MARMON MOK LLP,MARMON MOK,RFQS,6100,CLMP314,2026-05-11T00:00:00.000Z,MA6100SA2200000072V00000925215
CT,6100,22060800624,5,PUBLIC SAFETY TRAINING CAMPUS RUNNING TRACK,Contract and Land Management Department,unknown,unknown,1116560.58,1116560.58,1116560.27,2022-11-17T00:00:00.000Z,,10,Competitive Acquisition,0022-06-09T00:00:00.000Z,24,Construction,1,SOU7167450,RS ELLIS INC,SOUTHWEST CORPORATION,IFB,6100,CLMC817,2026-05-11T00:00:00.000Z,CT6100220608006245SOU7167450
CT,6100,21050700551,11,RED RIVER ENHANCEMENT,Contract and Land Management Department,unknown,unknown,1103175.55,1103175.55,1099280.76,2021-05-07T00:00:00.000Z,,10,Competitive Acquisition,0021-04-22T00:00:00.000Z,11,Construction,1,ASD7048240,ASD CONSULTANTS INC,N/A,IFB,6100,CLMC837,2026-05-11T00:00:00.000Z,CT61002105070055111ASD7048240
MA,9100,NA190000111,15,TOBACCO PREVENTION AND CHRONIC DISEASE MEDIA INITIATIVE,Central Purchasing Office Receptionist,(512) 974-2500,purchinfo@austintexas.gov,1092500,1065131.24,973728.23,2019-05-09T00:00:00.000Z,2024-05-08T00:00:00.000Z,10,Competitive Acquisition,0019-05-09T00:00:00.000Z,15,Non-Professional Services,1,LBJ6121890,WATERLOO MEDIA GROUP LP,WATERLOO MEDIA OR INCITE,RFP,9100,LNH3005,2026-05-11T00:00:00.000Z,MA9100NA19000011115LBJ6121890
MA,8100,NA220000188,2,"EV CHARGING STATIONS - MAINTENANCE, REPAIRS, AND SERVICE",Central Purchasing Office Receptionist,(512) 974-2500,purchinfo@austintexas.gov,1050000,38425.16,4511.88,2022-09-06T00:00:00.000Z,2027-09-05T00:00:00.000Z,10,Competitive Acquisition,0022-09-01T00:00:00.000Z,45,Non-Professional Services,2,V00000916286,"SMART CHARGE RESIDENTIAL, LLC",SMART CHARGE AMERICA,IFB,8100,SLW1058,2026-05-11T00:00:00.000Z,MA8100NA2200001882V00000916286
MA,8100,NA220000188,2,"EV CHARGING STATIONS - MAINTENANCE, REPAIRS, AND SERVICE",Central Purchasing Office Receptionist,(512) 974-2500,purchinfo@austintexas.gov,1050000,38425.16,4511.88,2022-09-06T00:00:00.000Z,2027-09-05T00:00:00.000Z,10,Competitive Acquisition,0022-09-01T00:00:00.000Z,45,Non-Professional Services,1,ELK1712500,ELK ELECTRIC INC,N/A,IFB,8100,SLW1058,2026-05-11T00:00:00.000Z,MA8100NA2200001882ELK1712500
CT,6100,21102200055,5,HANDCOX WATER TREATMENT PLANT PROCESS BLDG HVAC IMPR PROJECT,Contract and Land Management Department,unknown,unknown,1038603.29,1038603.29,899677.36,2022-11-04T00:00:00.000Z,,10,Competitive Acquisition,0021-10-21T00:00:00.000Z,6,Construction,1,V00000956852,"PGC GENERAL CONTRACTORS, LLC",PEABODY GENERAL CONTRACTORS,IFB,6100,CLMC856A,2026-05-11T00:00:00.000Z,CT6100211022000555V00000956852
MA,9300,NS220000116,2,EMERGENCY PATIENT EQUIPMENT REPAIR AND MAINTENANCE SERVICES,Central Purchasing Office Receptionist,(512) 974-2500,purchinfo@austintexas.gov,1030000,139416.49,91399.99,2022-12-13T00:00:00.000Z,2025-12-12T00:00:00.000Z,80,Sole Source > $5000,0022-12-08T00:00:00.000Z,20,Sole and Single Source,1,V00000975836,HOWMEDICA OSTEONICS CORP,STRYKER SALES LLC OR STRYKER MEDICAL,IFB,9300,JRH1048,2026-05-11T00:00:00.000Z,MA9300NS2200001162V00000975836
MA,6100,SA210000017,4,AUSTIN WATER BARON SOCO RECLAIMED WATER MAIN,Capital Contracting Office,unknown,unknown,1029977.88,1029977.88,356474.09,2021-04-29T00:00:00.000Z,2024-04-28T00:00:00.000Z,55,Pers / Prof / Plan Svcs (252),0020-04-23T00:00:00.000Z,7,Sole and Single Source,2,V00000914694,"H.W. LOCHNER, INC.","K FRIESE & ASSOCIATES, LLC",RFQS,6100,CLMP289,2026-05-11T00:00:00.000Z,MA6100SA2100000174V00000914694
MA,6100,SA210000017,4,AUSTIN WATER BARON SOCO RECLAIMED WATER MAIN,Capital Contracting Office,unknown,unknown,1029977.88,1029977.88,356474.09,2021-04-29T00:00:00.000Z,2024-04-28T00:00:00.000Z,55,Pers / Prof / Plan Svcs (252),0020-04-23T00:00:00.000Z,7,Sole and Single Source,1,KFR8309453,K FRIESE & ASSOC INC,N/A,RFQS,6100,CLMP289,2026-05-11T00:00:00.000Z,MA6100SA2100000174KFR8309453
MA,5800,NA230000149,1,EXECUTIVE RECRUITMENT,Central Purchasing Office Receptionist,(512) 974-2500,purchinfo@austintexas.gov,1000000,56500,31068,2023-07-21T00:00:00.000Z,2025-07-20T00:00:00.000Z,10,Competitive Acquisition,0023-07-20T00:00:00.000Z,42,Non-Professional Services,3,VS0000025979,GOVHR USA LLC,GOVHR USA,RFQS,5800,ALD4006,2026-05-11T00:00:00.000Z,MA5800NA2300001491VS0000025979
MA,5800,NA230000149,1,EXECUTIVE RECRUITMENT,Central Purchasing Office Receptionist,(512) 974-2500,purchinfo@austintexas.gov,1000000,56500,31068,2023-07-21T00:00:00.000Z,2025-07-20T00:00:00.000Z,10,Competitive Acquisition,0023-07-20T00:00:00.000Z,42,Non-Professional Services,6,VS0000028339,POLIHIRE STRATEGY LLC,POLIHIRE,RFQS,5800,ALD4006,2026-05-11T00:00:00.000Z,MA5800NA2300001491VS0000028339
MA,5800,NA230000149,1,EXECUTIVE RECRUITMENT,Central Purchasing Office Receptionist,(512) 974-2500,purchinfo@austintexas.gov,1000000,56500,31068,2023-07-21T00:00:00.000Z,2025-07-20T00:00:00.000Z,10,Competitive Acquisition,0023-07-20T00:00:00.000Z,42,Non-Professional Services,1,VS0000020811,"22ND CENTURY TECHNOLOGIES, INC",N/A,RFQS,5800,ALD4006,2026-05-11T00:00:00.000Z,MA5800NA2300001491VS0000020811
MA,5800,NA230000149,1,EXECUTIVE RECRUITMENT,Central Purchasing Office Receptionist,(512) 974-2500,purchinfo@austintexas.gov,1000000,56500,31068,2023-07-21T00:00:00.000Z,2025-07-20T00:00:00.000Z,10,Competitive Acquisition,0023-07-20T00:00:00.000Z,42,Non-Professional Services,7,VS0000005894,"RAFTELIS FINANCIAL CONSULTANTS, INC.",RAFTELIS,RFQS,5800,ALD4006,2026-05-11T00:00:00.000Z,MA5800NA2300001491VS0000005894
MA,5800,NA230000149,1,EXECUTIVE RECRUITMENT,Central Purchasing Office Receptionist,(512) 974-2500,purchinfo@austintexas.gov,1000000,56500,31068,2023-07-21T00:00:00.000Z,2025-07-20T00:00:00.000Z,10,Competitive Acquisition,0023-07-20T00:00:00.000Z,42,Non-Professional Services,5,V00000981790,MOSAIC PUBLIC PARTNERS LLC,N/A,RFQS,5800,ALD4006,2026-05-11T00:00:00.000Z,MA5800NA2300001491V00000981790
MA,5800,NA230000149,1,EXECUTIVE RECRUITMENT,Central Purchasing Office Receptionist,(512) 974-2500,purchinfo@austintexas.gov,1000000,56500,31068,2023-07-21T00:00:00.000Z,2025-07-20T00:00:00.000Z,10,Competitive Acquisition,0023-07-20T00:00:00.000Z,42,Non-Professional Services,9,V00000972781,"ZRG PARTNERS, LLC",N/A,RFQS,5800,ALD4006,2026-05-11T00:00:00.000Z,MA5800NA2300001491V00000972781
MA,5800,NA230000149,1,EXECUTIVE RECRUITMENT,Central Purchasing Office Receptionist,(512) 974-2500,purchinfo@austintexas.gov,1000000,56500,31068,2023-07-21T00:00:00.000Z,2025-07-20T00:00:00.000Z,10,Competitive Acquisition,0023-07-20T00:00:00.000Z,42,Non-Professional Services,4,V00000946475,LINCOLN LEADERSHIP ADVISORS LLC,N/A,RFQS,5800,ALD4006,2026-05-11T00:00:00.000Z,MA5800NA2300001491V00000946475
MA,5800,NA230000149,1,EXECUTIVE RECRUITMENT,Central Purchasing Office Receptionist,(512) 974-2500,purchinfo@austintexas.gov,1000000,56500,31068,2023-07-21T00:00:00.000Z,2025-07-20T00:00:00.000Z,10,Competitive Acquisition,0023-07-20T00:00:00.000Z,42,Non-Professional Services,8,RAL8313700,RALPH ANDERSEN & ASSOCIATES,N/A,RFQS,5800,ALD4006,2026-05-11T00:00:00.000Z,MA5800NA2300001491RAL8313700
MA,5800,NA230000149,1,EXECUTIVE RECRUITMENT,Central Purchasing Office Receptionist,(512) 974-2500,purchinfo@austintexas.gov,1000000,56500,31068,2023-07-21T00:00:00.000Z,2025-07-20T00:00:00.000Z,10,Competitive Acquisition,0023-07-20T00:00:00.000Z,42,Non-Professional Services,2,VIR8311645,"BAKER TILLY US, LLP",BAKER TILLY VIRCHOW KRAUSE LLP,RFQS,5800,ALD4006,2026-05-11T00:00:00.000Z,MA5800NA2300001491VIR8311645
MA,6100,23052600026,1,ELECTRIFICATION INFRASTRUCTURE PHASE 4 IDIQ,Capital Contracting Office,unknown,unknown,1000000,290383.23,0,2023-05-26T00:00:00.000Z,2024-05-26T00:00:00.000Z,10,Competitive Acquisition,0023-05-18T00:00:00.000Z,20,Construction,1,WES5125100,WESTON SOLUTIONS INC,"WESTON SOLUTIONS, INC.",IFB,6100,CLMC943,2026-05-11T00:00:00.000Z,MA6100230526000261WES5125100
MA,9100,NG190000034,17,MOBILE PRODUCE MARKET SERVICES,Central Purchasing Office Receptionist,(512) 974-2500,purchinfo@austintexas.gov,987320.2,987320.2,795820.2,2019-10-01T00:00:00.000Z,2024-09-30T00:00:00.000Z,10,Competitive Acquisition,0019-08-22T00:00:00.000Z,55,Non-Professional Services,1,V00000920900,FARMSHARE AUSTIN,N/A,RFP,9100,JRH3004,2026-05-11T00:00:00.000Z,MA9100NG19000003417V00000920900
CT,6100,21081200843,7,ST. ELMO SERVICE CENTER 8 RENOVATIONS,Contract and Land Management Department,unknown,unknown,966200.55,966200.55,649880.73,2021-08-18T00:00:00.000Z,,10,Competitive Acquisition,0021-07-29T00:00:00.000Z,20,Construction,1,BAR7111710,RODRIGUEZ BARR INC,THE BARR CO AIA,IFB,6100,CLMC858,2026-05-11T00:00:00.000Z,CT6100210812008437BAR7111710
MA,7800,NA230000173,1,"OEM PARTS, REPAIRS, & PM FOR STREET MAINTENANCE EQUIPMENT",Central Purchasing Office Receptionist,(512) 974-2500,purchinfo@austintexas.gov,960000,146500,11887.88,2023-09-14T00:00:00.000Z,2028-09-13T00:00:00.000Z,10,Competitive Acquisition,0023-09-14T00:00:00.000Z,28,Non-Professional Services,1,COO1290250,COOPER EQUIPMENT CO INC,COOPER EQUIPMENT CO,IFB,7800,BRS1066,2026-05-11T00:00:00.000Z,MA7800NA2300001731COO1290250
CT,6100,23061200480,1,PED. SAFETY & TRANSIT CONNECTIONS- CAMPO-PHB REBID,Contract and Land Management Department,unknown,unknown,929029.5,929029.5,0,2023-06-13T00:00:00.000Z,,10,Competitive Acquisition,0023-06-01T00:00:00.000Z,21,Construction,1,VS0000030988,EAR TELECOMMUNICATIONS LLC,EARTC,IFB,6100,CLMC810A,2026-05-11T00:00:00.000Z,CT6100230612004801VS0000030988
CT,6100,21090800955,6,BEVERLY ROAD WATER AND WASTEWATER PIPELINE RENEWAL,Contract and Land Management Department,unknown,unknown,924062.32,924062.32,877859.21,2022-09-09T00:00:00.000Z,,10,Competitive Acquisition,0021-07-29T00:00:00.000Z,18,Construction,1,V00000919925,UNDERGROUND WATER SOLUTIONS CO.,N/A,IFB,6100,CLMC845,2026-05-11T00:00:00.000Z,CT6100210908009556V00000919925
MA,5000,NA220000114,2,GRAFFITI REMOVAL SERVICES,Central Purchasing Office Receptionist,(512) 974-2500,purchinfo@austintexas.gov,920000,383898.93,185898.93,2022-05-09T00:00:00.000Z,2027-05-08T00:00:00.000Z,10,Competitive Acquisition,0022-05-05T00:00:00.000Z,18,Non-Professional Services,1,VS0000015683,"ALEON PROPERTIES, INC.",N/A,IFB,7500,SLW1066,2026-05-11T00:00:00.000Z,MA5000NA2200001142VS0000015683
