Rank,Stop Name,Total Calls,SR Number,Complaint Description,Category,Responsible Party,Year,Status,Created Date
1,1609 Lavaca/17th (Midblock),142,SR23000000,Riders getting wet at 1609 Lavaca/17th (Midblock) during rain,Weather Exposure,CapMetro,2024,Open,02/25/2024 12:00:00 AM
1,1609 Lavaca/17th (Midblock),142,SR23000001,Riders have nowhere to sit at 1609 Lavaca/17th (Midblock),Other,TBD,2024,Open,06/28/2024 12:00:00 AM
1,1609 Lavaca/17th (Midblock),142,SR23000002,Transit stop 1609 Lavaca/17th (Midblock) needs shelter for rider protection,Missing Shelter,CapMetro,2023,Closed,08/18/2023 12:00:00 AM
1,1609 Lavaca/17th (Midblock),142,SR23000003,Missing seating at 1609 Lavaca/17th (Midblock) transit stop,Missing Benches,CapMetro,2023,Open,08/07/2023 12:00:00 AM
1,1609 Lavaca/17th (Midblock),142,SR23000004,Bus stop at 1609 Lavaca/17th (Midblock) missing shelter - riders exposed to weather,Missing Shelter,CapMetro,2026,Open,02/12/2026 12:00:00 AM
1,1609 Lavaca/17th (Midblock),142,SR23000005,No shelter at 1609 Lavaca/17th (Midblock) transit stop,Missing Shelter,CapMetro,2025,Closed,02/12/2025 12:00:00 AM
1,1609 Lavaca/17th (Midblock),142,SR23000006,Bus stop at 1609 Lavaca/17th (Midblock) missing shelter - riders exposed to weather,Missing Shelter,CapMetro,2026,Open,02/15/2026 12:00:00 AM
1,1609 Lavaca/17th (Midblock),142,SR23000007,Request shelter installation at 1609 Lavaca/17th (Midblock),Missing Shelter,CapMetro,2024,Open,06/14/2024 12:00:00 AM
1,1609 Lavaca/17th (Midblock),142,SR23000008,Transit stop 1609 Lavaca/17th (Midblock) needs weather shelter,Missing Shelter,CapMetro,2023,Open,10/15/2023 12:00:00 AM
1,1609 Lavaca/17th (Midblock),142,SR23000009,Bus stop 1609 Lavaca/17th (Midblock) exposed to extreme heat/sun,Weather Exposure,CapMetro,2023,Open,05/07/2023 12:00:00 AM
1,1609 Lavaca/17th (Midblock),142,SR23000010,Request bench installation at 1609 Lavaca/17th (Midblock),Missing Benches,CapMetro,2026,Open,02/18/2026 12:00:00 AM
1,1609 Lavaca/17th (Midblock),142,SR23000011,No shelter at 1609 Lavaca/17th (Midblock) transit stop,Missing Shelter,CapMetro,2023,Open,11/21/2023 12:00:00 AM
1,1609 Lavaca/17th (Midblock),142,SR23000012,Missing seating at 1609 Lavaca/17th (Midblock) transit stop,Missing Benches,CapMetro,2024,Open,01/13/2024 12:00:00 AM
1,1609 Lavaca/17th (Midblock),142,SR23000013,Feeling unsafe waiting at 1609 Lavaca/17th (Midblock),Safety Concerns,City of Austin / CapMetro,2025,Open,01/01/2025 12:00:00 AM
1,1609 Lavaca/17th (Midblock),142,SR23000014,Riders have nowhere to sit at 1609 Lavaca/17th (Midblock),Other,TBD,2023,Open,02/01/2023 12:00:00 AM
1,1609 Lavaca/17th (Midblock),142,SR23000015,Safety concerns at 1609 Lavaca/17th (Midblock) bus stop after dark,Safety (Lighting),City of Austin,2024,Open,04/14/2024 12:00:00 AM
1,1609 Lavaca/17th (Midblock),142,SR23000016,Safety concerns at 1609 Lavaca/17th (Midblock) bus stop after dark,Safety (Lighting),City of Austin,2025,Open,06/13/2025 12:00:00 AM
1,1609 Lavaca/17th (Midblock),142,SR23000017,Transit stop 1609 Lavaca/17th (Midblock) needs weather shelter,Missing Shelter,CapMetro,2024,Open,08/20/2024 12:00:00 AM
1,1609 Lavaca/17th (Midblock),142,SR23000018,Riders have nowhere to sit at 1609 Lavaca/17th (Midblock),Other,TBD,2025,Open,11/09/2025 12:00:00 AM
1,1609 Lavaca/17th (Midblock),142,SR23000019,No shelter at 1609 Lavaca/17th (Midblock) transit stop,Missing Shelter,CapMetro,2024,Open,12/03/2024 12:00:00 AM
1,1609 Lavaca/17th (Midblock),142,SR23000020,Transit stop 1609 Lavaca/17th (Midblock) needs better lighting,Safety (Lighting),City of Austin,2024,Open,06/02/2024 12:00:00 AM
1,1609 Lavaca/17th (Midblock),142,SR23000021,Bus stop 1609 Lavaca/17th (Midblock) exposed to extreme heat/sun,Weather Exposure,CapMetro,2024,Closed,07/18/2024 12:00:00 AM
1,1609 Lavaca/17th (Midblock),142,SR23000022,Request shelter installation at 1609 Lavaca/17th (Midblock),Missing Shelter,CapMetro,2026,Open,03/25/2026 12:00:00 AM
1,1609 Lavaca/17th (Midblock),142,SR23000023,Request shelter installation at 1609 Lavaca/17th (Midblock),Missing Shelter,CapMetro,2024,Open,08/22/2024 12:00:00 AM
1,1609 Lavaca/17th (Midblock),142,SR23000024,Bus stop at 1609 Lavaca/17th (Midblock) missing shelter - riders exposed to weather,Missing Shelter,CapMetro,2025,Closed,03/05/2025 12:00:00 AM
1,1609 Lavaca/17th (Midblock),142,SR23000025,Bus stop at 1609 Lavaca/17th (Midblock) missing shelter - riders exposed to weather,Missing Shelter,CapMetro,2024,Open,11/09/2024 12:00:00 AM
1,1609 Lavaca/17th (Midblock),142,SR23000026,Transit stop 1609 Lavaca/17th (Midblock) needs better lighting,Safety (Lighting),City of Austin,2024,Open,06/03/2024 12:00:00 AM
1,1609 Lavaca/17th (Midblock),142,SR23000027,Request shelter installation at 1609 Lavaca/17th (Midblock),Missing Shelter,CapMetro,2025,Closed,02/10/2025 12:00:00 AM
1,1609 Lavaca/17th (Midblock),142,SR23000028,Bus stop 1609 Lavaca/17th (Midblock) exposed to extreme heat/sun,Weather Exposure,CapMetro,2023,Open,09/22/2023 12:00:00 AM
1,1609 Lavaca/17th (Midblock),142,SR23000029,Riders getting wet at 1609 Lavaca/17th (Midblock) during rain,Weather Exposure,CapMetro,2023,Open,05/09/2023 12:00:00 AM
1,1609 Lavaca/17th (Midblock),142,SR23000030,Request shelter installation at 1609 Lavaca/17th (Midblock),Missing Shelter,CapMetro,2025,Closed,04/10/2025 12:00:00 AM
1,1609 Lavaca/17th (Midblock),142,SR23000031,Safety concerns at 1609 Lavaca/17th (Midblock) bus stop after dark,Safety (Lighting),City of Austin,2024,Open,05/10/2024 12:00:00 AM
1,1609 Lavaca/17th (Midblock),142,SR23000032,Request bench installation at 1609 Lavaca/17th (Midblock),Missing Benches,CapMetro,2025,Open,12/24/2025 12:00:00 AM
1,1609 Lavaca/17th (Midblock),142,SR23000033,Bus stop at 1609 Lavaca/17th (Midblock) missing shelter - riders exposed to weather,Missing Shelter,CapMetro,2025,Open,06/08/2025 12:00:00 AM
1,1609 Lavaca/17th (Midblock),142,SR23000034,Transit stop 1609 Lavaca/17th (Midblock) needs better lighting,Safety (Lighting),City of Austin,2024,Open,01/20/2024 12:00:00 AM
1,1609 Lavaca/17th (Midblock),142,SR23000035,Request shelter installation at 1609 Lavaca/17th (Midblock),Missing Shelter,CapMetro,2025,Open,06/08/2025 12:00:00 AM
1,1609 Lavaca/17th (Midblock),142,SR23000036,Request shelter installation at 1609 Lavaca/17th (Midblock),Missing Shelter,CapMetro,2025,Closed,10/11/2025 12:00:00 AM
1,1609 Lavaca/17th (Midblock),142,SR23000037,Request bench installation at 1609 Lavaca/17th (Midblock),Missing Benches,CapMetro,2026,Open,02/22/2026 12:00:00 AM
1,1609 Lavaca/17th (Midblock),142,SR23000038,Riders have nowhere to sit at 1609 Lavaca/17th (Midblock),Other,TBD,2025,Open,12/02/2025 12:00:00 AM
1,1609 Lavaca/17th (Midblock),142,SR23000039,Riders getting wet at 1609 Lavaca/17th (Midblock) during rain,Weather Exposure,CapMetro,2023,Open,04/09/2023 12:00:00 AM
1,1609 Lavaca/17th (Midblock),142,SR23000040,No benches at 1609 Lavaca/17th (Midblock) bus stop,Missing Benches,CapMetro,2025,Open,01/22/2025 12:00:00 AM
1,1609 Lavaca/17th (Midblock),142,SR23000041,Request shelter installation at 1609 Lavaca/17th (Midblock),Missing Shelter,CapMetro,2025,Closed,01/01/2025 12:00:00 AM
1,1609 Lavaca/17th (Midblock),142,SR23000042,Bus stop at 1609 Lavaca/17th (Midblock) missing shelter - riders exposed to weather,Missing Shelter,CapMetro,2025,Open,09/28/2025 12:00:00 AM
1,1609 Lavaca/17th (Midblock),142,SR23000043,No shelter at 1609 Lavaca/17th (Midblock) transit stop,Missing Shelter,CapMetro,2023,Open,01/31/2023 12:00:00 AM
1,1609 Lavaca/17th (Midblock),142,SR23000044,Request bench installation at 1609 Lavaca/17th (Midblock),Missing Benches,CapMetro,2024,Closed,04/10/2024 12:00:00 AM
1,1609 Lavaca/17th (Midblock),142,SR23000045,Transit stop 1609 Lavaca/17th (Midblock) needs weather shelter,Missing Shelter,CapMetro,2023,Closed,12/20/2023 12:00:00 AM
1,1609 Lavaca/17th (Midblock),142,SR23000046,Transit stop 1609 Lavaca/17th (Midblock) needs shelter for rider protection,Missing Shelter,CapMetro,2023,Open,12/03/2023 12:00:00 AM
1,1609 Lavaca/17th (Midblock),142,SR23000047,Request bench installation at 1609 Lavaca/17th (Midblock),Missing Benches,CapMetro,2023,Open,08/08/2023 12:00:00 AM
1,1609 Lavaca/17th (Midblock),142,SR23000048,Bus stop 1609 Lavaca/17th (Midblock) exposed to extreme heat/sun,Weather Exposure,CapMetro,2025,Open,07/25/2025 12:00:00 AM
1,1609 Lavaca/17th (Midblock),142,SR23000049,Bus stop at 1609 Lavaca/17th (Midblock) missing shelter - riders exposed to weather,Missing Shelter,CapMetro,2025,Closed,06/14/2025 12:00:00 AM
1,1609 Lavaca/17th (Midblock),142,SR23000050,Riders getting wet at 1609 Lavaca/17th (Midblock) during rain,Weather Exposure,CapMetro,2023,Open,09/07/2023 12:00:00 AM
1,1609 Lavaca/17th (Midblock),142,SR23000051,No benches at 1609 Lavaca/17th (Midblock) bus stop,Missing Benches,CapMetro,2025,Closed,03/01/2025 12:00:00 AM
1,1609 Lavaca/17th (Midblock),142,SR23000052,Request shelter installation at 1609 Lavaca/17th (Midblock),Missing Shelter,CapMetro,2023,Open,03/03/2023 12:00:00 AM
1,1609 Lavaca/17th (Midblock),142,SR23000053,No shelter at 1609 Lavaca/17th (Midblock) transit stop,Missing Shelter,CapMetro,2023,Open,04/02/2023 12:00:00 AM
1,1609 Lavaca/17th (Midblock),142,SR23000054,Missing seating at 1609 Lavaca/17th (Midblock) transit stop,Missing Benches,CapMetro,2023,Open,07/15/2023 12:00:00 AM
1,1609 Lavaca/17th (Midblock),142,SR23000055,Bus stop at 1609 Lavaca/17th (Midblock) missing shelter - riders exposed to weather,Missing Shelter,CapMetro,2024,Open,03/11/2024 12:00:00 AM
1,1609 Lavaca/17th (Midblock),142,SR23000056,Request bench installation at 1609 Lavaca/17th (Midblock),Missing Benches,CapMetro,2026,Open,02/10/2026 12:00:00 AM
1,1609 Lavaca/17th (Midblock),142,SR23000057,Riders have nowhere to sit at 1609 Lavaca/17th (Midblock),Other,TBD,2023,Open,03/06/2023 12:00:00 AM
1,1609 Lavaca/17th (Midblock),142,SR23000058,Request safety improvements at 1609 Lavaca/17th (Midblock) stop,Safety Concerns,City of Austin / CapMetro,2024,Closed,07/26/2024 12:00:00 AM
1,1609 Lavaca/17th (Midblock),142,SR23000059,Bus stop 1609 Lavaca/17th (Midblock) exposed to extreme heat/sun,Weather Exposure,CapMetro,2026,Open,03/18/2026 12:00:00 AM
1,1609 Lavaca/17th (Midblock),142,SR23000060,Riders have nowhere to sit at 1609 Lavaca/17th (Midblock),Other,TBD,2024,Open,04/16/2024 12:00:00 AM
1,1609 Lavaca/17th (Midblock),142,SR23000061,Request shelter installation at 1609 Lavaca/17th (Midblock),Missing Shelter,CapMetro,2024,Open,09/30/2024 12:00:00 AM
1,1609 Lavaca/17th (Midblock),142,SR23000062,No benches at 1609 Lavaca/17th (Midblock) bus stop,Missing Benches,CapMetro,2025,Open,03/07/2025 12:00:00 AM
1,1609 Lavaca/17th (Midblock),142,SR23000063,Transit stop 1609 Lavaca/17th (Midblock) needs weather shelter,Missing Shelter,CapMetro,2023,Open,07/19/2023 12:00:00 AM
1,1609 Lavaca/17th (Midblock),142,SR23000064,Request bench installation at 1609 Lavaca/17th (Midblock),Missing Benches,CapMetro,2025,Closed,07/06/2025 12:00:00 AM
1,1609 Lavaca/17th (Midblock),142,SR23000065,Transit stop 1609 Lavaca/17th (Midblock) needs weather shelter,Missing Shelter,CapMetro,2023,Open,06/23/2023 12:00:00 AM
1,1609 Lavaca/17th (Midblock),142,SR23000066,Request bench installation at 1609 Lavaca/17th (Midblock),Missing Benches,CapMetro,2025,Open,09/18/2025 12:00:00 AM
1,1609 Lavaca/17th (Midblock),142,SR23000067,No shelter at 1609 Lavaca/17th (Midblock) transit stop,Missing Shelter,CapMetro,2023,Closed,03/19/2023 12:00:00 AM
1,1609 Lavaca/17th (Midblock),142,SR23000068,Bus stop at 1609 Lavaca/17th (Midblock) missing shelter - riders exposed to weather,Missing Shelter,CapMetro,2023,Closed,03/18/2023 12:00:00 AM
1,1609 Lavaca/17th (Midblock),142,SR23000069,Missing seating at 1609 Lavaca/17th (Midblock) transit stop,Missing Benches,CapMetro,2023,Closed,07/13/2023 12:00:00 AM
1,1609 Lavaca/17th (Midblock),142,SR23000070,Safety concerns at 1609 Lavaca/17th (Midblock) bus stop after dark,Safety (Lighting),City of Austin,2024,Open,04/10/2024 12:00:00 AM
1,1609 Lavaca/17th (Midblock),142,SR23000071,Missing seating at 1609 Lavaca/17th (Midblock) transit stop,Missing Benches,CapMetro,2023,Closed,03/25/2023 12:00:00 AM
1,1609 Lavaca/17th (Midblock),142,SR23000072,Request shelter installation at 1609 Lavaca/17th (Midblock),Missing Shelter,CapMetro,2023,Open,08/03/2023 12:00:00 AM
1,1609 Lavaca/17th (Midblock),142,SR23000073,Missing seating at 1609 Lavaca/17th (Midblock) transit stop,Missing Benches,CapMetro,2023,Open,11/02/2023 12:00:00 AM
1,1609 Lavaca/17th (Midblock),142,SR23000074,No benches at 1609 Lavaca/17th (Midblock) bus stop,Missing Benches,CapMetro,2025,Open,12/31/2025 12:00:00 AM
1,1609 Lavaca/17th (Midblock),142,SR23000075,Request bench installation at 1609 Lavaca/17th (Midblock),Missing Benches,CapMetro,2023,Open,02/14/2023 12:00:00 AM
1,1609 Lavaca/17th (Midblock),142,SR23000076,Request shelter installation at 1609 Lavaca/17th (Midblock),Missing Shelter,CapMetro,2024,Open,08/08/2024 12:00:00 AM
1,1609 Lavaca/17th (Midblock),142,SR23000077,Feeling unsafe waiting at 1609 Lavaca/17th (Midblock),Safety Concerns,City of Austin / CapMetro,2025,Open,01/29/2025 12:00:00 AM
1,1609 Lavaca/17th (Midblock),142,SR23000078,Request shelter installation at 1609 Lavaca/17th (Midblock),Missing Shelter,CapMetro,2026,Open,01/30/2026 12:00:00 AM
1,1609 Lavaca/17th (Midblock),142,SR23000079,Transit stop 1609 Lavaca/17th (Midblock) needs weather shelter,Missing Shelter,CapMetro,2025,Open,12/18/2025 12:00:00 AM
1,1609 Lavaca/17th (Midblock),142,SR23000080,Request shelter installation at 1609 Lavaca/17th (Midblock),Missing Shelter,CapMetro,2023,Open,10/04/2023 12:00:00 AM
1,1609 Lavaca/17th (Midblock),142,SR23000081,Riders have nowhere to sit at 1609 Lavaca/17th (Midblock),Other,TBD,2024,Open,11/18/2024 12:00:00 AM
1,1609 Lavaca/17th (Midblock),142,SR23000082,Bus stop at 1609 Lavaca/17th (Midblock) missing shelter - riders exposed to weather,Missing Shelter,CapMetro,2025,Open,06/05/2025 12:00:00 AM
1,1609 Lavaca/17th (Midblock),142,SR23000083,No shelter at 1609 Lavaca/17th (Midblock) transit stop,Missing Shelter,CapMetro,2025,Open,11/21/2025 12:00:00 AM
1,1609 Lavaca/17th (Midblock),142,SR23000084,Bus stop at 1609 Lavaca/17th (Midblock) missing shelter - riders exposed to weather,Missing Shelter,CapMetro,2025,Open,01/03/2025 12:00:00 AM
1,1609 Lavaca/17th (Midblock),142,SR23000085,Transit stop 1609 Lavaca/17th (Midblock) needs shelter for rider protection,Missing Shelter,CapMetro,2023,Open,01/13/2023 12:00:00 AM
1,1609 Lavaca/17th (Midblock),142,SR23000086,Riders have nowhere to sit at 1609 Lavaca/17th (Midblock),Other,TBD,2025,Open,02/03/2025 12:00:00 AM
1,1609 Lavaca/17th (Midblock),142,SR23000087,Request shelter installation at 1609 Lavaca/17th (Midblock),Missing Shelter,CapMetro,2024,Closed,10/12/2024 12:00:00 AM
1,1609 Lavaca/17th (Midblock),142,SR23000088,Safety concerns at 1609 Lavaca/17th (Midblock) bus stop after dark,Safety (Lighting),City of Austin,2025,Open,04/18/2025 12:00:00 AM
1,1609 Lavaca/17th (Midblock),142,SR23000089,No weather protection at 1609 Lavaca/17th (Midblock) transit stop,Missing Shelter,CapMetro,2024,Open,07/15/2024 12:00:00 AM
1,1609 Lavaca/17th (Midblock),142,SR23000090,Transit stop 1609 Lavaca/17th (Midblock) needs shelter for rider protection,Missing Shelter,CapMetro,2025,Closed,10/22/2025 12:00:00 AM
1,1609 Lavaca/17th (Midblock),142,SR23000091,No shelter at 1609 Lavaca/17th (Midblock) transit stop,Missing Shelter,CapMetro,2023,Open,11/02/2023 12:00:00 AM
1,1609 Lavaca/17th (Midblock),142,SR23000092,Request safety improvements at 1609 Lavaca/17th (Midblock) stop,Safety Concerns,City of Austin / CapMetro,2023,Open,10/02/2023 12:00:00 AM
1,1609 Lavaca/17th (Midblock),142,SR23000093,Request bench installation at 1609 Lavaca/17th (Midblock),Missing Benches,CapMetro,2025,Open,01/08/2025 12:00:00 AM
1,1609 Lavaca/17th (Midblock),142,SR23000094,Bus stop at 1609 Lavaca/17th (Midblock) missing shelter - riders exposed to weather,Missing Shelter,CapMetro,2025,Open,10/28/2025 12:00:00 AM
1,1609 Lavaca/17th (Midblock),142,SR23000095,Transit stop 1609 Lavaca/17th (Midblock) needs weather shelter,Missing Shelter,CapMetro,2026,Closed,01/07/2026 12:00:00 AM
1,1609 Lavaca/17th (Midblock),142,SR23000096,No benches at 1609 Lavaca/17th (Midblock) bus stop,Missing Benches,CapMetro,2024,Open,11/15/2024 12:00:00 AM
1,1609 Lavaca/17th (Midblock),142,SR23000097,Bus stop 1609 Lavaca/17th (Midblock) exposed to extreme heat/sun,Weather Exposure,CapMetro,2024,Open,05/11/2024 12:00:00 AM
1,1609 Lavaca/17th (Midblock),142,SR23000098,Transit stop 1609 Lavaca/17th (Midblock) needs shelter for rider protection,Missing Shelter,CapMetro,2023,Open,05/30/2023 12:00:00 AM
1,1609 Lavaca/17th (Midblock),142,SR23000099,Transit stop 1609 Lavaca/17th (Midblock) needs shelter for rider protection,Missing Shelter,CapMetro,2025,Open,10/10/2025 12:00:00 AM
1,1609 Lavaca/17th (Midblock),142,SR23000100,Request shelter installation at 1609 Lavaca/17th (Midblock),Missing Shelter,CapMetro,2025,Open,11/13/2025 12:00:00 AM
1,1609 Lavaca/17th (Midblock),142,SR23000101,Riders have nowhere to sit at 1609 Lavaca/17th (Midblock),Other,TBD,2024,Open,12/20/2024 12:00:00 AM
1,1609 Lavaca/17th (Midblock),142,SR23000102,Bus stop at 1609 Lavaca/17th (Midblock) missing shelter - riders exposed to weather,Missing Shelter,CapMetro,2023,Open,11/06/2023 12:00:00 AM
1,1609 Lavaca/17th (Midblock),142,SR23000103,Transit stop 1609 Lavaca/17th (Midblock) needs better lighting,Safety (Lighting),City of Austin,2024,Open,03/22/2024 12:00:00 AM
1,1609 Lavaca/17th (Midblock),142,SR23000104,Transit stop 1609 Lavaca/17th (Midblock) needs better lighting,Safety (Lighting),City of Austin,2025,Open,06/19/2025 12:00:00 AM
1,1609 Lavaca/17th (Midblock),142,SR23000105,No weather protection at 1609 Lavaca/17th (Midblock) transit stop,Missing Shelter,CapMetro,2024,Open,12/15/2024 12:00:00 AM
1,1609 Lavaca/17th (Midblock),142,SR23000106,Riders have nowhere to sit at 1609 Lavaca/17th (Midblock),Other,TBD,2024,Closed,09/28/2024 12:00:00 AM
1,1609 Lavaca/17th (Midblock),142,SR23000107,Transit stop 1609 Lavaca/17th (Midblock) needs shelter for rider protection,Missing Shelter,CapMetro,2026,Closed,01/14/2026 12:00:00 AM
1,1609 Lavaca/17th (Midblock),142,SR23000108,No shelter at 1609 Lavaca/17th (Midblock) transit stop,Missing Shelter,CapMetro,2024,Open,08/15/2024 12:00:00 AM
1,1609 Lavaca/17th (Midblock),142,SR23000109,Request safety improvements at 1609 Lavaca/17th (Midblock) stop,Safety Concerns,City of Austin / CapMetro,2025,Closed,09/25/2025 12:00:00 AM
1,1609 Lavaca/17th (Midblock),142,SR23000110,No weather protection at 1609 Lavaca/17th (Midblock) transit stop,Missing Shelter,CapMetro,2025,Open,03/27/2025 12:00:00 AM
1,1609 Lavaca/17th (Midblock),142,SR23000111,Request shelter installation at 1609 Lavaca/17th (Midblock),Missing Shelter,CapMetro,2023,Open,01/17/2023 12:00:00 AM
1,1609 Lavaca/17th (Midblock),142,SR23000112,Transit stop 1609 Lavaca/17th (Midblock) needs shelter for rider protection,Missing Shelter,CapMetro,2025,Open,02/05/2025 12:00:00 AM
1,1609 Lavaca/17th (Midblock),142,SR23000113,Request bench installation at 1609 Lavaca/17th (Midblock),Missing Benches,CapMetro,2025,Open,01/16/2025 12:00:00 AM
1,1609 Lavaca/17th (Midblock),142,SR23000114,Riders getting wet at 1609 Lavaca/17th (Midblock) during rain,Weather Exposure,CapMetro,2025,Open,04/14/2025 12:00:00 AM
1,1609 Lavaca/17th (Midblock),142,SR23000115,Bus stop at 1609 Lavaca/17th (Midblock) missing shelter - riders exposed to weather,Missing Shelter,CapMetro,2024,Open,01/09/2024 12:00:00 AM
1,1609 Lavaca/17th (Midblock),142,SR23000116,Bus stop at 1609 Lavaca/17th (Midblock) missing shelter - riders exposed to weather,Missing Shelter,CapMetro,2025,Open,06/17/2025 12:00:00 AM
1,1609 Lavaca/17th (Midblock),142,SR23000117,Missing seating at 1609 Lavaca/17th (Midblock) transit stop,Missing Benches,CapMetro,2025,Open,01/05/2025 12:00:00 AM
1,1609 Lavaca/17th (Midblock),142,SR23000118,Riders have nowhere to sit at 1609 Lavaca/17th (Midblock),Other,TBD,2023,Open,07/31/2023 12:00:00 AM
1,1609 Lavaca/17th (Midblock),142,SR23000119,Request safety improvements at 1609 Lavaca/17th (Midblock) stop,Safety Concerns,City of Austin / CapMetro,2024,Closed,07/19/2024 12:00:00 AM
1,1609 Lavaca/17th (Midblock),142,SR23000120,Request safety improvements at 1609 Lavaca/17th (Midblock) stop,Safety Concerns,City of Austin / CapMetro,2024,Open,03/30/2024 12:00:00 AM
1,1609 Lavaca/17th (Midblock),142,SR23000121,Request bench installation at 1609 Lavaca/17th (Midblock),Missing Benches,CapMetro,2023,Open,10/23/2023 12:00:00 AM
1,1609 Lavaca/17th (Midblock),142,SR23000122,Request bench installation at 1609 Lavaca/17th (Midblock),Missing Benches,CapMetro,2025,Closed,02/24/2025 12:00:00 AM
1,1609 Lavaca/17th (Midblock),142,SR23000123,Bus stop at 1609 Lavaca/17th (Midblock) missing shelter - riders exposed to weather,Missing Shelter,CapMetro,2025,Open,01/14/2025 12:00:00 AM
1,1609 Lavaca/17th (Midblock),142,SR23000124,Bus stop at 1609 Lavaca/17th (Midblock) missing shelter - riders exposed to weather,Missing Shelter,CapMetro,2025,Open,01/14/2025 12:00:00 AM
1,1609 Lavaca/17th (Midblock),142,SR23000125,Request shelter installation at 1609 Lavaca/17th (Midblock),Missing Shelter,CapMetro,2024,Closed,01/16/2024 12:00:00 AM
1,1609 Lavaca/17th (Midblock),142,SR23000126,Bus stop 1609 Lavaca/17th (Midblock) exposed to extreme heat/sun,Weather Exposure,CapMetro,2025,Open,10/17/2025 12:00:00 AM
1,1609 Lavaca/17th (Midblock),142,SR23000127,Request safety improvements at 1609 Lavaca/17th (Midblock) stop,Safety Concerns,City of Austin / CapMetro,2025,Open,06/19/2025 12:00:00 AM
1,1609 Lavaca/17th (Midblock),142,SR23000128,Riders getting wet at 1609 Lavaca/17th (Midblock) during rain,Weather Exposure,CapMetro,2025,Open,11/14/2025 12:00:00 AM
1,1609 Lavaca/17th (Midblock),142,SR23000129,Bus stop 1609 Lavaca/17th (Midblock) exposed to extreme heat/sun,Weather Exposure,CapMetro,2023,Open,07/29/2023 12:00:00 AM
1,1609 Lavaca/17th (Midblock),142,SR23000130,Request shelter installation at 1609 Lavaca/17th (Midblock),Missing Shelter,CapMetro,2025,Open,05/13/2025 12:00:00 AM
1,1609 Lavaca/17th (Midblock),142,SR23000131,Request bench installation at 1609 Lavaca/17th (Midblock),Missing Benches,CapMetro,2024,Open,05/10/2024 12:00:00 AM
1,1609 Lavaca/17th (Midblock),142,SR23000132,Request shelter installation at 1609 Lavaca/17th (Midblock),Missing Shelter,CapMetro,2024,Open,10/14/2024 12:00:00 AM
1,1609 Lavaca/17th (Midblock),142,SR23000133,Request shelter installation at 1609 Lavaca/17th (Midblock),Missing Shelter,CapMetro,2025,Open,01/18/2025 12:00:00 AM
1,1609 Lavaca/17th (Midblock),142,SR23000134,Request bench installation at 1609 Lavaca/17th (Midblock),Missing Benches,CapMetro,2026,Open,01/01/2026 12:00:00 AM
1,1609 Lavaca/17th (Midblock),142,SR23000135,Transit stop 1609 Lavaca/17th (Midblock) needs shelter for rider protection,Missing Shelter,CapMetro,2024,Open,09/16/2024 12:00:00 AM
1,1609 Lavaca/17th (Midblock),142,SR23000136,Feeling unsafe waiting at 1609 Lavaca/17th (Midblock),Safety Concerns,City of Austin / CapMetro,2025,Closed,10/03/2025 12:00:00 AM
1,1609 Lavaca/17th (Midblock),142,SR23000137,Request shelter installation at 1609 Lavaca/17th (Midblock),Missing Shelter,CapMetro,2024,Open,06/09/2024 12:00:00 AM
1,1609 Lavaca/17th (Midblock),142,SR23000138,Transit stop 1609 Lavaca/17th (Midblock) needs shelter for rider protection,Missing Shelter,CapMetro,2025,Closed,03/10/2025 12:00:00 AM
1,1609 Lavaca/17th (Midblock),142,SR23000139,Bus stop at 1609 Lavaca/17th (Midblock) missing shelter - riders exposed to weather,Missing Shelter,CapMetro,2024,Open,03/03/2024 12:00:00 AM
1,1609 Lavaca/17th (Midblock),142,SR23000140,Bus stop at 1609 Lavaca/17th (Midblock) missing shelter - riders exposed to weather,Missing Shelter,CapMetro,2023,Open,01/14/2023 12:00:00 AM
1,1609 Lavaca/17th (Midblock),142,SR23000141,No shelter at 1609 Lavaca/17th (Midblock) transit stop,Missing Shelter,CapMetro,2024,Open,09/26/2024 12:00:00 AM
2,Guadalupe/16th Street,138,SR23000142,Missing seating at Guadalupe/16th Street transit stop,Missing Benches,CapMetro,2025,Closed,11/20/2025 12:00:00 AM
2,Guadalupe/16th Street,138,SR23000143,Request shelter installation at Guadalupe/16th Street,Missing Shelter,CapMetro,2023,Closed,09/15/2023 12:00:00 AM
2,Guadalupe/16th Street,138,SR23000144,Bus stop at Guadalupe/16th Street missing shelter - riders exposed to weather,Missing Shelter,CapMetro,2023,Open,07/14/2023 12:00:00 AM
2,Guadalupe/16th Street,138,SR23000145,Request shelter installation at Guadalupe/16th Street,Missing Shelter,CapMetro,2024,Open,04/04/2024 12:00:00 AM
2,Guadalupe/16th Street,138,SR23000146,Transit stop Guadalupe/16th Street needs weather shelter,Missing Shelter,CapMetro,2025,Open,07/05/2025 12:00:00 AM
2,Guadalupe/16th Street,138,SR23000147,Request bench installation at Guadalupe/16th Street,Missing Benches,CapMetro,2024,Open,01/17/2024 12:00:00 AM
2,Guadalupe/16th Street,138,SR23000148,No shelter at Guadalupe/16th Street transit stop,Missing Shelter,CapMetro,2025,Open,07/15/2025 12:00:00 AM
2,Guadalupe/16th Street,138,SR23000149,Riders have nowhere to sit at Guadalupe/16th Street,Sidewalk/ADA,City of Austin,2023,Open,11/04/2023 12:00:00 AM
2,Guadalupe/16th Street,138,SR23000150,Transit stop Guadalupe/16th Street needs shelter for rider protection,Missing Shelter,CapMetro,2026,Open,01/09/2026 12:00:00 AM
2,Guadalupe/16th Street,138,SR23000151,No shelter at Guadalupe/16th Street transit stop,Missing Shelter,CapMetro,2026,Open,02/11/2026 12:00:00 AM
2,Guadalupe/16th Street,138,SR23000152,Bus stop at Guadalupe/16th Street missing shelter - riders exposed to weather,Missing Shelter,CapMetro,2023,Open,11/12/2023 12:00:00 AM
2,Guadalupe/16th Street,138,SR23000153,Missing seating at Guadalupe/16th Street transit stop,Missing Benches,CapMetro,2025,Closed,06/21/2025 12:00:00 AM
2,Guadalupe/16th Street,138,SR23000154,Request shelter installation at Guadalupe/16th Street,Missing Shelter,CapMetro,2025,Open,02/19/2025 12:00:00 AM
2,Guadalupe/16th Street,138,SR23000155,Transit stop Guadalupe/16th Street needs shelter for rider protection,Missing Shelter,CapMetro,2023,Open,08/09/2023 12:00:00 AM
2,Guadalupe/16th Street,138,SR23000156,Bus stop Guadalupe/16th Street exposed to extreme heat/sun,Weather Exposure,CapMetro,2025,Closed,04/24/2025 12:00:00 AM
2,Guadalupe/16th Street,138,SR23000157,Bus stop at Guadalupe/16th Street missing shelter - riders exposed to weather,Missing Shelter,CapMetro,2024,Open,05/12/2024 12:00:00 AM
2,Guadalupe/16th Street,138,SR23000158,Request shelter installation at Guadalupe/16th Street,Missing Shelter,CapMetro,2024,Open,06/02/2024 12:00:00 AM
2,Guadalupe/16th Street,138,SR23000159,Request shelter installation at Guadalupe/16th Street,Missing Shelter,CapMetro,2023,Closed,01/25/2023 12:00:00 AM
2,Guadalupe/16th Street,138,SR23000160,Missing seating at Guadalupe/16th Street transit stop,Missing Benches,CapMetro,2026,Open,03/25/2026 12:00:00 AM
2,Guadalupe/16th Street,138,SR23000161,Riders have nowhere to sit at Guadalupe/16th Street,Sidewalk/ADA,City of Austin,2023,Open,02/10/2023 12:00:00 AM
2,Guadalupe/16th Street,138,SR23000162,Transit stop Guadalupe/16th Street needs shelter for rider protection,Missing Shelter,CapMetro,2023,Open,03/09/2023 12:00:00 AM
2,Guadalupe/16th Street,138,SR23000163,Transit stop Guadalupe/16th Street needs weather shelter,Missing Shelter,CapMetro,2023,Open,06/22/2023 12:00:00 AM
2,Guadalupe/16th Street,138,SR23000164,Transit stop Guadalupe/16th Street needs better lighting,Safety (Lighting),City of Austin,2025,Open,09/17/2025 12:00:00 AM
2,Guadalupe/16th Street,138,SR23000165,Riders have nowhere to sit at Guadalupe/16th Street,Sidewalk/ADA,City of Austin,2024,Open,01/01/2024 12:00:00 AM
2,Guadalupe/16th Street,138,SR23000166,No weather protection at Guadalupe/16th Street transit stop,Missing Shelter,CapMetro,2023,Open,12/13/2023 12:00:00 AM
2,Guadalupe/16th Street,138,SR23000167,Request safety improvements at Guadalupe/16th Street stop,Safety Concerns,City of Austin / CapMetro,2024,Open,07/07/2024 12:00:00 AM
2,Guadalupe/16th Street,138,SR23000168,No benches at Guadalupe/16th Street bus stop,Missing Benches,CapMetro,2024,Open,07/03/2024 12:00:00 AM
2,Guadalupe/16th Street,138,SR23000169,Request safety improvements at Guadalupe/16th Street stop,Safety Concerns,City of Austin / CapMetro,2024,Open,04/26/2024 12:00:00 AM
2,Guadalupe/16th Street,138,SR23000170,Riders have nowhere to sit at Guadalupe/16th Street,Sidewalk/ADA,City of Austin,2023,Open,11/26/2023 12:00:00 AM
2,Guadalupe/16th Street,138,SR23000171,Transit stop Guadalupe/16th Street needs weather shelter,Missing Shelter,CapMetro,2023,Open,04/20/2023 12:00:00 AM
2,Guadalupe/16th Street,138,SR23000172,Riders have nowhere to sit at Guadalupe/16th Street,Sidewalk/ADA,City of Austin,2024,Open,02/19/2024 12:00:00 AM
2,Guadalupe/16th Street,138,SR23000173,Bus stop Guadalupe/16th Street exposed to extreme heat/sun,Weather Exposure,CapMetro,2023,Open,08/28/2023 12:00:00 AM
2,Guadalupe/16th Street,138,SR23000174,Transit stop Guadalupe/16th Street needs shelter for rider protection,Missing Shelter,CapMetro,2025,Open,04/07/2025 12:00:00 AM
2,Guadalupe/16th Street,138,SR23000175,Missing seating at Guadalupe/16th Street transit stop,Missing Benches,CapMetro,2023,Open,01/18/2023 12:00:00 AM
2,Guadalupe/16th Street,138,SR23000176,Bus stop at Guadalupe/16th Street missing shelter - riders exposed to weather,Missing Shelter,CapMetro,2023,Open,07/24/2023 12:00:00 AM
2,Guadalupe/16th Street,138,SR23000177,Request bench installation at Guadalupe/16th Street,Missing Benches,CapMetro,2024,Open,05/23/2024 12:00:00 AM
2,Guadalupe/16th Street,138,SR23000178,No shelter at Guadalupe/16th Street transit stop,Missing Shelter,CapMetro,2024,Open,10/01/2024 12:00:00 AM
2,Guadalupe/16th Street,138,SR23000179,Transit stop Guadalupe/16th Street needs shelter for rider protection,Missing Shelter,CapMetro,2024,Open,06/28/2024 12:00:00 AM
2,Guadalupe/16th Street,138,SR23000180,Bus stop at Guadalupe/16th Street missing shelter - riders exposed to weather,Missing Shelter,CapMetro,2026,Open,01/21/2026 12:00:00 AM
2,Guadalupe/16th Street,138,SR23000181,Missing seating at Guadalupe/16th Street transit stop,Missing Benches,CapMetro,2025,Open,05/25/2025 12:00:00 AM
2,Guadalupe/16th Street,138,SR23000182,Bus stop at Guadalupe/16th Street missing shelter - riders exposed to weather,Missing Shelter,CapMetro,2023,Open,10/13/2023 12:00:00 AM
2,Guadalupe/16th Street,138,SR23000183,Bus stop at Guadalupe/16th Street missing shelter - riders exposed to weather,Missing Shelter,CapMetro,2024,Open,03/26/2024 12:00:00 AM
2,Guadalupe/16th Street,138,SR23000184,No benches at Guadalupe/16th Street bus stop,Missing Benches,CapMetro,2023,Closed,10/10/2023 12:00:00 AM
2,Guadalupe/16th Street,138,SR23000185,Request shelter installation at Guadalupe/16th Street,Missing Shelter,CapMetro,2023,Open,06/05/2023 12:00:00 AM
2,Guadalupe/16th Street,138,SR23000186,Bus stop at Guadalupe/16th Street missing shelter - riders exposed to weather,Missing Shelter,CapMetro,2024,Open,02/07/2024 12:00:00 AM
2,Guadalupe/16th Street,138,SR23000187,No benches at Guadalupe/16th Street bus stop,Missing Benches,CapMetro,2023,Open,07/05/2023 12:00:00 AM
2,Guadalupe/16th Street,138,SR23000188,No benches at Guadalupe/16th Street bus stop,Missing Benches,CapMetro,2025,Open,07/17/2025 12:00:00 AM
2,Guadalupe/16th Street,138,SR23000189,Transit stop Guadalupe/16th Street needs better lighting,Safety (Lighting),City of Austin,2024,Open,04/12/2024 12:00:00 AM
2,Guadalupe/16th Street,138,SR23000190,No shelter at Guadalupe/16th Street transit stop,Missing Shelter,CapMetro,2025,Open,08/26/2025 12:00:00 AM
2,Guadalupe/16th Street,138,SR23000191,Request shelter installation at Guadalupe/16th Street,Missing Shelter,CapMetro,2023,Open,06/17/2023 12:00:00 AM
2,Guadalupe/16th Street,138,SR23000192,No shelter at Guadalupe/16th Street transit stop,Missing Shelter,CapMetro,2024,Open,09/08/2024 12:00:00 AM
2,Guadalupe/16th Street,138,SR23000193,Missing seating at Guadalupe/16th Street transit stop,Missing Benches,CapMetro,2023,Open,03/01/2023 12:00:00 AM
2,Guadalupe/16th Street,138,SR23000194,No benches at Guadalupe/16th Street bus stop,Missing Benches,CapMetro,2024,Open,07/18/2024 12:00:00 AM
2,Guadalupe/16th Street,138,SR23000195,Bus stop at Guadalupe/16th Street missing shelter - riders exposed to weather,Missing Shelter,CapMetro,2024,Open,10/05/2024 12:00:00 AM
2,Guadalupe/16th Street,138,SR23000196,No weather protection at Guadalupe/16th Street transit stop,Missing Shelter,CapMetro,2023,Open,06/19/2023 12:00:00 AM
2,Guadalupe/16th Street,138,SR23000197,No shelter at Guadalupe/16th Street transit stop,Missing Shelter,CapMetro,2024,Open,09/19/2024 12:00:00 AM
2,Guadalupe/16th Street,138,SR23000198,Riders getting wet at Guadalupe/16th Street during rain,Weather Exposure,CapMetro,2023,Closed,02/15/2023 12:00:00 AM
2,Guadalupe/16th Street,138,SR23000199,Transit stop Guadalupe/16th Street needs better lighting,Safety (Lighting),City of Austin,2025,Open,02/06/2025 12:00:00 AM
2,Guadalupe/16th Street,138,SR23000200,Request shelter installation at Guadalupe/16th Street,Missing Shelter,CapMetro,2024,Open,03/16/2024 12:00:00 AM
2,Guadalupe/16th Street,138,SR23000201,Feeling unsafe waiting at Guadalupe/16th Street,Safety Concerns,City of Austin / CapMetro,2025,Open,10/06/2025 12:00:00 AM
2,Guadalupe/16th Street,138,SR23000202,No shelter at Guadalupe/16th Street transit stop,Missing Shelter,CapMetro,2024,Closed,08/05/2024 12:00:00 AM
2,Guadalupe/16th Street,138,SR23000203,No benches at Guadalupe/16th Street bus stop,Missing Benches,CapMetro,2025,Open,05/13/2025 12:00:00 AM
2,Guadalupe/16th Street,138,SR23000204,Request shelter installation at Guadalupe/16th Street,Missing Shelter,CapMetro,2026,Open,03/13/2026 12:00:00 AM
2,Guadalupe/16th Street,138,SR23000205,Bus stop at Guadalupe/16th Street missing shelter - riders exposed to weather,Missing Shelter,CapMetro,2025,Closed,09/04/2025 12:00:00 AM
2,Guadalupe/16th Street,138,SR23000206,Request safety improvements at Guadalupe/16th Street stop,Safety Concerns,City of Austin / CapMetro,2024,Open,09/04/2024 12:00:00 AM
2,Guadalupe/16th Street,138,SR23000207,No shelter at Guadalupe/16th Street transit stop,Missing Shelter,CapMetro,2023,Open,12/17/2023 12:00:00 AM
2,Guadalupe/16th Street,138,SR23000208,Transit stop Guadalupe/16th Street needs shelter for rider protection,Missing Shelter,CapMetro,2024,Open,12/09/2024 12:00:00 AM
2,Guadalupe/16th Street,138,SR23000209,No weather protection at Guadalupe/16th Street transit stop,Missing Shelter,CapMetro,2026,Open,01/18/2026 12:00:00 AM
2,Guadalupe/16th Street,138,SR23000210,No shelter at Guadalupe/16th Street transit stop,Missing Shelter,CapMetro,2025,Open,06/18/2025 12:00:00 AM
2,Guadalupe/16th Street,138,SR23000211,Bus stop at Guadalupe/16th Street missing shelter - riders exposed to weather,Missing Shelter,CapMetro,2023,Open,01/19/2023 12:00:00 AM
2,Guadalupe/16th Street,138,SR23000212,Transit stop Guadalupe/16th Street needs shelter for rider protection,Missing Shelter,CapMetro,2024,Open,02/07/2024 12:00:00 AM
2,Guadalupe/16th Street,138,SR23000213,Missing seating at Guadalupe/16th Street transit stop,Missing Benches,CapMetro,2025,Open,11/02/2025 12:00:00 AM
2,Guadalupe/16th Street,138,SR23000214,No shelter at Guadalupe/16th Street transit stop,Missing Shelter,CapMetro,2025,Open,11/01/2025 12:00:00 AM
2,Guadalupe/16th Street,138,SR23000215,Riders have nowhere to sit at Guadalupe/16th Street,Sidewalk/ADA,City of Austin,2025,Open,02/11/2025 12:00:00 AM
2,Guadalupe/16th Street,138,SR23000216,No shelter at Guadalupe/16th Street transit stop,Missing Shelter,CapMetro,2024,Closed,04/27/2024 12:00:00 AM
2,Guadalupe/16th Street,138,SR23000217,Missing seating at Guadalupe/16th Street transit stop,Missing Benches,CapMetro,2024,Open,03/03/2024 12:00:00 AM
2,Guadalupe/16th Street,138,SR23000218,Bus stop Guadalupe/16th Street exposed to extreme heat/sun,Weather Exposure,CapMetro,2024,Open,05/15/2024 12:00:00 AM
2,Guadalupe/16th Street,138,SR23000219,Request bench installation at Guadalupe/16th Street,Missing Benches,CapMetro,2024,Open,04/03/2024 12:00:00 AM
2,Guadalupe/16th Street,138,SR23000220,Missing seating at Guadalupe/16th Street transit stop,Missing Benches,CapMetro,2023,Open,11/14/2023 12:00:00 AM
2,Guadalupe/16th Street,138,SR23000221,Riders getting wet at Guadalupe/16th Street during rain,Weather Exposure,CapMetro,2023,Open,02/19/2023 12:00:00 AM
2,Guadalupe/16th Street,138,SR23000222,Bus stop Guadalupe/16th Street exposed to extreme heat/sun,Weather Exposure,CapMetro,2025,Closed,02/01/2025 12:00:00 AM
2,Guadalupe/16th Street,138,SR23000223,No benches at Guadalupe/16th Street bus stop,Missing Benches,CapMetro,2023,Closed,05/31/2023 12:00:00 AM
2,Guadalupe/16th Street,138,SR23000224,Transit stop Guadalupe/16th Street needs shelter for rider protection,Missing Shelter,CapMetro,2025,Open,03/27/2025 12:00:00 AM
2,Guadalupe/16th Street,138,SR23000225,Transit stop Guadalupe/16th Street needs shelter for rider protection,Missing Shelter,CapMetro,2026,Open,02/05/2026 12:00:00 AM
2,Guadalupe/16th Street,138,SR23000226,Bus stop at Guadalupe/16th Street missing shelter - riders exposed to weather,Missing Shelter,CapMetro,2023,Closed,12/18/2023 12:00:00 AM
2,Guadalupe/16th Street,138,SR23000227,Feeling unsafe waiting at Guadalupe/16th Street,Safety Concerns,City of Austin / CapMetro,2025,Open,02/08/2025 12:00:00 AM
2,Guadalupe/16th Street,138,SR23000228,Riders have nowhere to sit at Guadalupe/16th Street,Sidewalk/ADA,City of Austin,2024,Open,02/06/2024 12:00:00 AM
2,Guadalupe/16th Street,138,SR23000229,No benches at Guadalupe/16th Street bus stop,Missing Benches,CapMetro,2026,Open,01/28/2026 12:00:00 AM
2,Guadalupe/16th Street,138,SR23000230,Bus stop at Guadalupe/16th Street missing shelter - riders exposed to weather,Missing Shelter,CapMetro,2024,Open,06/17/2024 12:00:00 AM
2,Guadalupe/16th Street,138,SR23000231,Request bench installation at Guadalupe/16th Street,Missing Benches,CapMetro,2024,Open,09/18/2024 12:00:00 AM
2,Guadalupe/16th Street,138,SR23000232,Transit stop Guadalupe/16th Street needs better lighting,Safety (Lighting),City of Austin,2025,Open,01/14/2025 12:00:00 AM
2,Guadalupe/16th Street,138,SR23000233,Transit stop Guadalupe/16th Street needs shelter for rider protection,Missing Shelter,CapMetro,2024,Open,08/11/2024 12:00:00 AM
2,Guadalupe/16th Street,138,SR23000234,No benches at Guadalupe/16th Street bus stop,Missing Benches,CapMetro,2025,Open,05/31/2025 12:00:00 AM
2,Guadalupe/16th Street,138,SR23000235,Missing seating at Guadalupe/16th Street transit stop,Missing Benches,CapMetro,2024,Open,07/07/2024 12:00:00 AM
2,Guadalupe/16th Street,138,SR23000236,Request shelter installation at Guadalupe/16th Street,Missing Shelter,CapMetro,2023,Open,07/03/2023 12:00:00 AM
2,Guadalupe/16th Street,138,SR23000237,No shelter at Guadalupe/16th Street transit stop,Missing Shelter,CapMetro,2025,Open,12/01/2025 12:00:00 AM
2,Guadalupe/16th Street,138,SR23000238,Transit stop Guadalupe/16th Street needs shelter for rider protection,Missing Shelter,CapMetro,2025,Open,08/02/2025 12:00:00 AM
2,Guadalupe/16th Street,138,SR23000239,Feeling unsafe waiting at Guadalupe/16th Street,Safety Concerns,City of Austin / CapMetro,2024,Open,11/14/2024 12:00:00 AM
2,Guadalupe/16th Street,138,SR23000240,Request safety improvements at Guadalupe/16th Street stop,Safety Concerns,City of Austin / CapMetro,2023,Open,07/22/2023 12:00:00 AM
2,Guadalupe/16th Street,138,SR23000241,Riders have nowhere to sit at Guadalupe/16th Street,Sidewalk/ADA,City of Austin,2026,Open,03/29/2026 12:00:00 AM
2,Guadalupe/16th Street,138,SR23000242,Transit stop Guadalupe/16th Street needs shelter for rider protection,Missing Shelter,CapMetro,2023,Open,07/30/2023 12:00:00 AM
2,Guadalupe/16th Street,138,SR23000243,Transit stop Guadalupe/16th Street needs weather shelter,Missing Shelter,CapMetro,2025,Open,03/05/2025 12:00:00 AM
2,Guadalupe/16th Street,138,SR23000244,Transit stop Guadalupe/16th Street needs better lighting,Safety (Lighting),City of Austin,2025,Closed,01/03/2025 12:00:00 AM
2,Guadalupe/16th Street,138,SR23000245,No shelter at Guadalupe/16th Street transit stop,Missing Shelter,CapMetro,2026,Open,02/23/2026 12:00:00 AM
2,Guadalupe/16th Street,138,SR23000246,Bus stop at Guadalupe/16th Street missing shelter - riders exposed to weather,Missing Shelter,CapMetro,2023,Closed,11/01/2023 12:00:00 AM
2,Guadalupe/16th Street,138,SR23000247,Request safety improvements at Guadalupe/16th Street stop,Safety Concerns,City of Austin / CapMetro,2025,Open,08/28/2025 12:00:00 AM
2,Guadalupe/16th Street,138,SR23000248,No benches at Guadalupe/16th Street bus stop,Missing Benches,CapMetro,2025,Open,04/07/2025 12:00:00 AM
2,Guadalupe/16th Street,138,SR23000249,Request bench installation at Guadalupe/16th Street,Missing Benches,CapMetro,2024,Closed,11/18/2024 12:00:00 AM
2,Guadalupe/16th Street,138,SR23000250,Missing seating at Guadalupe/16th Street transit stop,Missing Benches,CapMetro,2024,Open,11/11/2024 12:00:00 AM
2,Guadalupe/16th Street,138,SR23000251,Missing seating at Guadalupe/16th Street transit stop,Missing Benches,CapMetro,2024,Open,09/13/2024 12:00:00 AM
2,Guadalupe/16th Street,138,SR23000252,Transit stop Guadalupe/16th Street needs weather shelter,Missing Shelter,CapMetro,2025,Open,03/30/2025 12:00:00 AM
2,Guadalupe/16th Street,138,SR23000253,Request shelter installation at Guadalupe/16th Street,Missing Shelter,CapMetro,2025,Open,01/07/2025 12:00:00 AM
2,Guadalupe/16th Street,138,SR23000254,Request bench installation at Guadalupe/16th Street,Missing Benches,CapMetro,2026,Open,01/18/2026 12:00:00 AM
2,Guadalupe/16th Street,138,SR23000255,No shelter at Guadalupe/16th Street transit stop,Missing Shelter,CapMetro,2026,Closed,01/27/2026 12:00:00 AM
2,Guadalupe/16th Street,138,SR23000256,Request bench installation at Guadalupe/16th Street,Missing Benches,CapMetro,2023,Closed,12/13/2023 12:00:00 AM
2,Guadalupe/16th Street,138,SR23000257,Bus stop at Guadalupe/16th Street missing shelter - riders exposed to weather,Missing Shelter,CapMetro,2025,Open,07/08/2025 12:00:00 AM
2,Guadalupe/16th Street,138,SR23000258,No shelter at Guadalupe/16th Street transit stop,Missing Shelter,CapMetro,2023,Open,03/21/2023 12:00:00 AM
2,Guadalupe/16th Street,138,SR23000259,No shelter at Guadalupe/16th Street transit stop,Missing Shelter,CapMetro,2024,Open,10/29/2024 12:00:00 AM
2,Guadalupe/16th Street,138,SR23000260,Transit stop Guadalupe/16th Street needs shelter for rider protection,Missing Shelter,CapMetro,2024,Closed,01/05/2024 12:00:00 AM
2,Guadalupe/16th Street,138,SR23000261,No shelter at Guadalupe/16th Street transit stop,Missing Shelter,CapMetro,2023,Open,10/06/2023 12:00:00 AM
2,Guadalupe/16th Street,138,SR23000262,Request bench installation at Guadalupe/16th Street,Missing Benches,CapMetro,2024,Open,04/12/2024 12:00:00 AM
2,Guadalupe/16th Street,138,SR23000263,No shelter at Guadalupe/16th Street transit stop,Missing Shelter,CapMetro,2025,Closed,09/21/2025 12:00:00 AM
2,Guadalupe/16th Street,138,SR23000264,Transit stop Guadalupe/16th Street needs shelter for rider protection,Missing Shelter,CapMetro,2023,Open,10/02/2023 12:00:00 AM
2,Guadalupe/16th Street,138,SR23000265,Request shelter installation at Guadalupe/16th Street,Missing Shelter,CapMetro,2024,Open,08/14/2024 12:00:00 AM
2,Guadalupe/16th Street,138,SR23000266,Transit stop Guadalupe/16th Street needs weather shelter,Missing Shelter,CapMetro,2024,Open,09/27/2024 12:00:00 AM
2,Guadalupe/16th Street,138,SR23000267,Transit stop Guadalupe/16th Street needs weather shelter,Missing Shelter,CapMetro,2025,Open,06/18/2025 12:00:00 AM
2,Guadalupe/16th Street,138,SR23000268,Request bench installation at Guadalupe/16th Street,Missing Benches,CapMetro,2025,Open,11/25/2025 12:00:00 AM
2,Guadalupe/16th Street,138,SR23000269,Safety concerns at Guadalupe/16th Street bus stop after dark,Safety (Lighting),City of Austin,2026,Open,03/21/2026 12:00:00 AM
2,Guadalupe/16th Street,138,SR23000270,Transit stop Guadalupe/16th Street needs shelter for rider protection,Missing Shelter,CapMetro,2025,Open,09/07/2025 12:00:00 AM
2,Guadalupe/16th Street,138,SR23000271,Bus stop at Guadalupe/16th Street missing shelter - riders exposed to weather,Missing Shelter,CapMetro,2024,Open,04/16/2024 12:00:00 AM
2,Guadalupe/16th Street,138,SR23000272,Transit stop Guadalupe/16th Street needs better lighting,Safety (Lighting),City of Austin,2023,Open,02/22/2023 12:00:00 AM
2,Guadalupe/16th Street,138,SR23000273,Transit stop Guadalupe/16th Street needs weather shelter,Missing Shelter,CapMetro,2025,Open,09/18/2025 12:00:00 AM
2,Guadalupe/16th Street,138,SR23000274,Bus stop at Guadalupe/16th Street missing shelter - riders exposed to weather,Missing Shelter,CapMetro,2023,Closed,04/08/2023 12:00:00 AM
2,Guadalupe/16th Street,138,SR23000275,No benches at Guadalupe/16th Street bus stop,Missing Benches,CapMetro,2024,Open,08/16/2024 12:00:00 AM
2,Guadalupe/16th Street,138,SR23000276,Request safety improvements at Guadalupe/16th Street stop,Safety Concerns,City of Austin / CapMetro,2024,Open,06/09/2024 12:00:00 AM
2,Guadalupe/16th Street,138,SR23000277,Transit stop Guadalupe/16th Street needs shelter for rider protection,Missing Shelter,CapMetro,2023,Open,11/28/2023 12:00:00 AM
2,Guadalupe/16th Street,138,SR23000278,Request shelter installation at Guadalupe/16th Street,Missing Shelter,CapMetro,2023,Open,01/31/2023 12:00:00 AM
2,Guadalupe/16th Street,138,SR23000279,Bus stop at Guadalupe/16th Street missing shelter - riders exposed to weather,Missing Shelter,CapMetro,2026,Closed,04/01/2026 12:00:00 AM
3,Lavaca/4th,135,SR23000280,Riders have nowhere to sit at Lavaca/4th,Other,TBD,2024,Open,03/01/2024 12:00:00 AM
3,Lavaca/4th,135,SR23000281,No weather protection at Lavaca/4th transit stop,Missing Shelter,CapMetro,2024,Open,03/13/2024 12:00:00 AM
3,Lavaca/4th,135,SR23000282,No shelter at Lavaca/4th transit stop,Missing Shelter,CapMetro,2025,Open,12/09/2025 12:00:00 AM
3,Lavaca/4th,135,SR23000283,Riders have nowhere to sit at Lavaca/4th,Other,TBD,2024,Open,10/01/2024 12:00:00 AM
3,Lavaca/4th,135,SR23000284,Transit stop Lavaca/4th needs shelter for rider protection,Missing Shelter,CapMetro,2023,Open,08/20/2023 12:00:00 AM
3,Lavaca/4th,135,SR23000285,No benches at Lavaca/4th bus stop,Missing Benches,CapMetro,2025,Open,09/03/2025 12:00:00 AM
3,Lavaca/4th,135,SR23000286,Request safety improvements at Lavaca/4th stop,Safety Concerns,City of Austin / CapMetro,2023,Open,11/15/2023 12:00:00 AM
3,Lavaca/4th,135,SR23000287,Riders getting wet at Lavaca/4th during rain,Weather Exposure,CapMetro,2023,Closed,09/05/2023 12:00:00 AM
3,Lavaca/4th,135,SR23000288,No shelter at Lavaca/4th transit stop,Missing Shelter,CapMetro,2025,Closed,02/17/2025 12:00:00 AM
3,Lavaca/4th,135,SR23000289,Riders getting wet at Lavaca/4th during rain,Weather Exposure,CapMetro,2023,Open,07/26/2023 12:00:00 AM
3,Lavaca/4th,135,SR23000290,No benches at Lavaca/4th bus stop,Missing Benches,CapMetro,2023,Closed,07/14/2023 12:00:00 AM
3,Lavaca/4th,135,SR23000291,Safety concerns at Lavaca/4th bus stop after dark,Safety (Lighting),City of Austin,2023,Open,01/11/2023 12:00:00 AM
3,Lavaca/4th,135,SR23000292,Transit stop Lavaca/4th needs shelter for rider protection,Missing Shelter,CapMetro,2023,Open,02/21/2023 12:00:00 AM
3,Lavaca/4th,135,SR23000293,Missing seating at Lavaca/4th transit stop,Missing Benches,CapMetro,2025,Open,04/09/2025 12:00:00 AM
3,Lavaca/4th,135,SR23000294,Bus stop at Lavaca/4th missing shelter - riders exposed to weather,Missing Shelter,CapMetro,2023,Open,02/28/2023 12:00:00 AM
3,Lavaca/4th,135,SR23000295,Bus stop at Lavaca/4th missing shelter - riders exposed to weather,Missing Shelter,CapMetro,2024,Open,05/08/2024 12:00:00 AM
3,Lavaca/4th,135,SR23000296,Riders have nowhere to sit at Lavaca/4th,Other,TBD,2023,Open,01/08/2023 12:00:00 AM
3,Lavaca/4th,135,SR23000297,Transit stop Lavaca/4th needs shelter for rider protection,Missing Shelter,CapMetro,2025,Open,05/27/2025 12:00:00 AM
3,Lavaca/4th,135,SR23000298,Transit stop Lavaca/4th needs shelter for rider protection,Missing Shelter,CapMetro,2025,Open,05/20/2025 12:00:00 AM
3,Lavaca/4th,135,SR23000299,No benches at Lavaca/4th bus stop,Missing Benches,CapMetro,2023,Open,05/03/2023 12:00:00 AM
3,Lavaca/4th,135,SR23000300,No benches at Lavaca/4th bus stop,Missing Benches,CapMetro,2024,Open,06/21/2024 12:00:00 AM
3,Lavaca/4th,135,SR23000301,No benches at Lavaca/4th bus stop,Missing Benches,CapMetro,2025,Open,12/22/2025 12:00:00 AM
3,Lavaca/4th,135,SR23000302,No weather protection at Lavaca/4th transit stop,Missing Shelter,CapMetro,2025,Open,06/22/2025 12:00:00 AM
3,Lavaca/4th,135,SR23000303,Request shelter installation at Lavaca/4th,Missing Shelter,CapMetro,2024,Open,10/29/2024 12:00:00 AM
3,Lavaca/4th,135,SR23000304,Request shelter installation at Lavaca/4th,Missing Shelter,CapMetro,2024,Open,08/20/2024 12:00:00 AM
3,Lavaca/4th,135,SR23000305,No weather protection at Lavaca/4th transit stop,Missing Shelter,CapMetro,2023,Open,05/11/2023 12:00:00 AM
3,Lavaca/4th,135,SR23000306,Riders getting wet at Lavaca/4th during rain,Weather Exposure,CapMetro,2023,Open,05/31/2023 12:00:00 AM
3,Lavaca/4th,135,SR23000307,No shelter at Lavaca/4th transit stop,Missing Shelter,CapMetro,2025,Open,08/12/2025 12:00:00 AM
3,Lavaca/4th,135,SR23000308,No shelter at Lavaca/4th transit stop,Missing Shelter,CapMetro,2025,Closed,12/06/2025 12:00:00 AM
3,Lavaca/4th,135,SR23000309,Transit stop Lavaca/4th needs shelter for rider protection,Missing Shelter,CapMetro,2023,Open,05/19/2023 12:00:00 AM
3,Lavaca/4th,135,SR23000310,Bus stop Lavaca/4th exposed to extreme heat/sun,Weather Exposure,CapMetro,2025,Open,06/19/2025 12:00:00 AM
3,Lavaca/4th,135,SR23000311,Transit stop Lavaca/4th needs shelter for rider protection,Missing Shelter,CapMetro,2026,Open,01/09/2026 12:00:00 AM
3,Lavaca/4th,135,SR23000312,Transit stop Lavaca/4th needs shelter for rider protection,Missing Shelter,CapMetro,2023,Open,08/06/2023 12:00:00 AM
3,Lavaca/4th,135,SR23000313,Request safety improvements at Lavaca/4th stop,Safety Concerns,City of Austin / CapMetro,2025,Open,06/01/2025 12:00:00 AM
3,Lavaca/4th,135,SR23000314,Transit stop Lavaca/4th needs weather shelter,Missing Shelter,CapMetro,2025,Open,12/23/2025 12:00:00 AM
3,Lavaca/4th,135,SR23000315,Riders have nowhere to sit at Lavaca/4th,Other,TBD,2026,Closed,03/03/2026 12:00:00 AM
3,Lavaca/4th,135,SR23000316,No weather protection at Lavaca/4th transit stop,Missing Shelter,CapMetro,2024,Open,09/17/2024 12:00:00 AM
3,Lavaca/4th,135,SR23000317,Transit stop Lavaca/4th needs weather shelter,Missing Shelter,CapMetro,2025,Open,01/14/2025 12:00:00 AM
3,Lavaca/4th,135,SR23000318,No benches at Lavaca/4th bus stop,Missing Benches,CapMetro,2023,Open,07/24/2023 12:00:00 AM
3,Lavaca/4th,135,SR23000319,Request shelter installation at Lavaca/4th,Missing Shelter,CapMetro,2025,Open,07/26/2025 12:00:00 AM
3,Lavaca/4th,135,SR23000320,Request shelter installation at Lavaca/4th,Missing Shelter,CapMetro,2023,Open,06/23/2023 12:00:00 AM
3,Lavaca/4th,135,SR23000321,No weather protection at Lavaca/4th transit stop,Missing Shelter,CapMetro,2024,Open,04/10/2024 12:00:00 AM
3,Lavaca/4th,135,SR23000322,No shelter at Lavaca/4th transit stop,Missing Shelter,CapMetro,2025,Open,08/22/2025 12:00:00 AM
3,Lavaca/4th,135,SR23000323,Feeling unsafe waiting at Lavaca/4th,Safety Concerns,City of Austin / CapMetro,2026,Open,01/17/2026 12:00:00 AM
3,Lavaca/4th,135,SR23000324,No benches at Lavaca/4th bus stop,Missing Benches,CapMetro,2025,Open,10/09/2025 12:00:00 AM
3,Lavaca/4th,135,SR23000325,Transit stop Lavaca/4th needs weather shelter,Missing Shelter,CapMetro,2023,Closed,08/27/2023 12:00:00 AM
3,Lavaca/4th,135,SR23000326,Transit stop Lavaca/4th needs shelter for rider protection,Missing Shelter,CapMetro,2023,Closed,01/29/2023 12:00:00 AM
3,Lavaca/4th,135,SR23000327,No weather protection at Lavaca/4th transit stop,Missing Shelter,CapMetro,2025,Open,10/01/2025 12:00:00 AM
3,Lavaca/4th,135,SR23000328,No weather protection at Lavaca/4th transit stop,Missing Shelter,CapMetro,2025,Open,04/12/2025 12:00:00 AM
3,Lavaca/4th,135,SR23000329,Bus stop Lavaca/4th exposed to extreme heat/sun,Weather Exposure,CapMetro,2025,Open,07/04/2025 12:00:00 AM
3,Lavaca/4th,135,SR23000330,Request shelter installation at Lavaca/4th,Missing Shelter,CapMetro,2024,Open,11/04/2024 12:00:00 AM
3,Lavaca/4th,135,SR23000331,Safety concerns at Lavaca/4th bus stop after dark,Safety (Lighting),City of Austin,2024,Open,01/11/2024 12:00:00 AM
3,Lavaca/4th,135,SR23000332,Missing seating at Lavaca/4th transit stop,Missing Benches,CapMetro,2025,Open,09/17/2025 12:00:00 AM
3,Lavaca/4th,135,SR23000333,Riders have nowhere to sit at Lavaca/4th,Other,TBD,2024,Open,05/06/2024 12:00:00 AM
3,Lavaca/4th,135,SR23000334,No shelter at Lavaca/4th transit stop,Missing Shelter,CapMetro,2025,Closed,09/08/2025 12:00:00 AM
3,Lavaca/4th,135,SR23000335,Riders getting wet at Lavaca/4th during rain,Weather Exposure,CapMetro,2026,Open,02/05/2026 12:00:00 AM
3,Lavaca/4th,135,SR23000336,Bus stop at Lavaca/4th missing shelter - riders exposed to weather,Missing Shelter,CapMetro,2025,Open,01/06/2025 12:00:00 AM
3,Lavaca/4th,135,SR23000337,Riders have nowhere to sit at Lavaca/4th,Other,TBD,2023,Closed,10/29/2023 12:00:00 AM
3,Lavaca/4th,135,SR23000338,Bus stop at Lavaca/4th missing shelter - riders exposed to weather,Missing Shelter,CapMetro,2024,Open,11/27/2024 12:00:00 AM
3,Lavaca/4th,135,SR23000339,No benches at Lavaca/4th bus stop,Missing Benches,CapMetro,2023,Open,05/18/2023 12:00:00 AM
3,Lavaca/4th,135,SR23000340,No shelter at Lavaca/4th transit stop,Missing Shelter,CapMetro,2023,Open,07/26/2023 12:00:00 AM
3,Lavaca/4th,135,SR23000341,Bus stop at Lavaca/4th missing shelter - riders exposed to weather,Missing Shelter,CapMetro,2024,Open,02/08/2024 12:00:00 AM
3,Lavaca/4th,135,SR23000342,Request shelter installation at Lavaca/4th,Missing Shelter,CapMetro,2025,Closed,10/04/2025 12:00:00 AM
3,Lavaca/4th,135,SR23000343,Riders getting wet at Lavaca/4th during rain,Weather Exposure,CapMetro,2024,Open,10/08/2024 12:00:00 AM
3,Lavaca/4th,135,SR23000344,Transit stop Lavaca/4th needs shelter for rider protection,Missing Shelter,CapMetro,2024,Open,04/08/2024 12:00:00 AM
3,Lavaca/4th,135,SR23000345,Request bench installation at Lavaca/4th,Missing Benches,CapMetro,2024,Open,04/02/2024 12:00:00 AM
3,Lavaca/4th,135,SR23000346,No benches at Lavaca/4th bus stop,Missing Benches,CapMetro,2023,Open,10/29/2023 12:00:00 AM
3,Lavaca/4th,135,SR23000347,Request shelter installation at Lavaca/4th,Missing Shelter,CapMetro,2024,Open,01/07/2024 12:00:00 AM
3,Lavaca/4th,135,SR23000348,Safety concerns at Lavaca/4th bus stop after dark,Safety (Lighting),City of Austin,2025,Open,02/20/2025 12:00:00 AM
3,Lavaca/4th,135,SR23000349,Transit stop Lavaca/4th needs shelter for rider protection,Missing Shelter,CapMetro,2025,Open,10/03/2025 12:00:00 AM
3,Lavaca/4th,135,SR23000350,Riders have nowhere to sit at Lavaca/4th,Other,TBD,2023,Open,12/08/2023 12:00:00 AM
3,Lavaca/4th,135,SR23000351,Bus stop at Lavaca/4th missing shelter - riders exposed to weather,Missing Shelter,CapMetro,2024,Closed,11/16/2024 12:00:00 AM
3,Lavaca/4th,135,SR23000352,Transit stop Lavaca/4th needs shelter for rider protection,Missing Shelter,CapMetro,2025,Closed,10/10/2025 12:00:00 AM
3,Lavaca/4th,135,SR23000353,Transit stop Lavaca/4th needs shelter for rider protection,Missing Shelter,CapMetro,2023,Open,02/20/2023 12:00:00 AM
3,Lavaca/4th,135,SR23000354,Request bench installation at Lavaca/4th,Missing Benches,CapMetro,2024,Closed,11/16/2024 12:00:00 AM
3,Lavaca/4th,135,SR23000355,No benches at Lavaca/4th bus stop,Missing Benches,CapMetro,2023,Closed,05/22/2023 12:00:00 AM
3,Lavaca/4th,135,SR23000356,Riders have nowhere to sit at Lavaca/4th,Other,TBD,2025,Closed,10/25/2025 12:00:00 AM
3,Lavaca/4th,135,SR23000357,Request safety improvements at Lavaca/4th stop,Safety Concerns,City of Austin / CapMetro,2025,Open,12/22/2025 12:00:00 AM
3,Lavaca/4th,135,SR23000358,Bus stop at Lavaca/4th missing shelter - riders exposed to weather,Missing Shelter,CapMetro,2023,Open,05/08/2023 12:00:00 AM
3,Lavaca/4th,135,SR23000359,Safety concerns at Lavaca/4th bus stop after dark,Safety (Lighting),City of Austin,2024,Open,09/21/2024 12:00:00 AM
3,Lavaca/4th,135,SR23000360,Missing seating at Lavaca/4th transit stop,Missing Benches,CapMetro,2026,Closed,03/24/2026 12:00:00 AM
3,Lavaca/4th,135,SR23000361,Transit stop Lavaca/4th needs shelter for rider protection,Missing Shelter,CapMetro,2025,Closed,01/24/2025 12:00:00 AM
3,Lavaca/4th,135,SR23000362,Request bench installation at Lavaca/4th,Missing Benches,CapMetro,2023,Open,01/11/2023 12:00:00 AM
3,Lavaca/4th,135,SR23000363,Request shelter installation at Lavaca/4th,Missing Shelter,CapMetro,2026,Open,03/14/2026 12:00:00 AM
3,Lavaca/4th,135,SR23000364,Riders getting wet at Lavaca/4th during rain,Weather Exposure,CapMetro,2023,Open,03/06/2023 12:00:00 AM
3,Lavaca/4th,135,SR23000365,Transit stop Lavaca/4th needs shelter for rider protection,Missing Shelter,CapMetro,2025,Open,11/28/2025 12:00:00 AM
3,Lavaca/4th,135,SR23000366,Transit stop Lavaca/4th needs shelter for rider protection,Missing Shelter,CapMetro,2023,Closed,05/28/2023 12:00:00 AM
3,Lavaca/4th,135,SR23000367,Request shelter installation at Lavaca/4th,Missing Shelter,CapMetro,2025,Closed,12/08/2025 12:00:00 AM
3,Lavaca/4th,135,SR23000368,No shelter at Lavaca/4th transit stop,Missing Shelter,CapMetro,2025,Open,01/08/2025 12:00:00 AM
3,Lavaca/4th,135,SR23000369,Bus stop Lavaca/4th exposed to extreme heat/sun,Weather Exposure,CapMetro,2024,Open,02/24/2024 12:00:00 AM
3,Lavaca/4th,135,SR23000370,Bus stop at Lavaca/4th missing shelter - riders exposed to weather,Missing Shelter,CapMetro,2023,Closed,02/10/2023 12:00:00 AM
3,Lavaca/4th,135,SR23000371,Request shelter installation at Lavaca/4th,Missing Shelter,CapMetro,2025,Closed,08/29/2025 12:00:00 AM
3,Lavaca/4th,135,SR23000372,Bus stop at Lavaca/4th missing shelter - riders exposed to weather,Missing Shelter,CapMetro,2025,Closed,03/17/2025 12:00:00 AM
3,Lavaca/4th,135,SR23000373,Safety concerns at Lavaca/4th bus stop after dark,Safety (Lighting),City of Austin,2024,Open,02/19/2024 12:00:00 AM
3,Lavaca/4th,135,SR23000374,No shelter at Lavaca/4th transit stop,Missing Shelter,CapMetro,2023,Open,07/07/2023 12:00:00 AM
3,Lavaca/4th,135,SR23000375,Riders have nowhere to sit at Lavaca/4th,Other,TBD,2023,Open,12/10/2023 12:00:00 AM
3,Lavaca/4th,135,SR23000376,No weather protection at Lavaca/4th transit stop,Missing Shelter,CapMetro,2025,Open,11/04/2025 12:00:00 AM
3,Lavaca/4th,135,SR23000377,Missing seating at Lavaca/4th transit stop,Missing Benches,CapMetro,2023,Open,01/02/2023 12:00:00 AM
3,Lavaca/4th,135,SR23000378,Request bench installation at Lavaca/4th,Missing Benches,CapMetro,2025,Open,09/18/2025 12:00:00 AM
3,Lavaca/4th,135,SR23000379,Transit stop Lavaca/4th needs shelter for rider protection,Missing Shelter,CapMetro,2023,Open,08/27/2023 12:00:00 AM
3,Lavaca/4th,135,SR23000380,No shelter at Lavaca/4th transit stop,Missing Shelter,CapMetro,2025,Open,07/22/2025 12:00:00 AM
3,Lavaca/4th,135,SR23000381,Bus stop at Lavaca/4th missing shelter - riders exposed to weather,Missing Shelter,CapMetro,2025,Closed,01/21/2025 12:00:00 AM
3,Lavaca/4th,135,SR23000382,Bus stop Lavaca/4th exposed to extreme heat/sun,Weather Exposure,CapMetro,2023,Open,12/01/2023 12:00:00 AM
3,Lavaca/4th,135,SR23000383,Bus stop at Lavaca/4th missing shelter - riders exposed to weather,Missing Shelter,CapMetro,2024,Open,02/10/2024 12:00:00 AM
3,Lavaca/4th,135,SR23000384,Riders getting wet at Lavaca/4th during rain,Weather Exposure,CapMetro,2024,Open,04/02/2024 12:00:00 AM
3,Lavaca/4th,135,SR23000385,No shelter at Lavaca/4th transit stop,Missing Shelter,CapMetro,2024,Open,11/15/2024 12:00:00 AM
3,Lavaca/4th,135,SR23000386,Request bench installation at Lavaca/4th,Missing Benches,CapMetro,2023,Open,07/29/2023 12:00:00 AM
3,Lavaca/4th,135,SR23000387,Missing seating at Lavaca/4th transit stop,Missing Benches,CapMetro,2023,Open,08/10/2023 12:00:00 AM
3,Lavaca/4th,135,SR23000388,Request safety improvements at Lavaca/4th stop,Safety Concerns,City of Austin / CapMetro,2023,Open,02/17/2023 12:00:00 AM
3,Lavaca/4th,135,SR23000389,Bus stop at Lavaca/4th missing shelter - riders exposed to weather,Missing Shelter,CapMetro,2023,Open,11/29/2023 12:00:00 AM
3,Lavaca/4th,135,SR23000390,Riders getting wet at Lavaca/4th during rain,Weather Exposure,CapMetro,2025,Open,07/29/2025 12:00:00 AM
3,Lavaca/4th,135,SR23000391,Request bench installation at Lavaca/4th,Missing Benches,CapMetro,2025,Open,12/29/2025 12:00:00 AM
3,Lavaca/4th,135,SR23000392,No benches at Lavaca/4th bus stop,Missing Benches,CapMetro,2025,Open,07/11/2025 12:00:00 AM
3,Lavaca/4th,135,SR23000393,No weather protection at Lavaca/4th transit stop,Missing Shelter,CapMetro,2023,Open,05/15/2023 12:00:00 AM
3,Lavaca/4th,135,SR23000394,Request shelter installation at Lavaca/4th,Missing Shelter,CapMetro,2025,Open,07/16/2025 12:00:00 AM
3,Lavaca/4th,135,SR23000395,Riders getting wet at Lavaca/4th during rain,Weather Exposure,CapMetro,2023,Open,02/05/2023 12:00:00 AM
3,Lavaca/4th,135,SR23000396,Transit stop Lavaca/4th needs shelter for rider protection,Missing Shelter,CapMetro,2024,Open,05/11/2024 12:00:00 AM
3,Lavaca/4th,135,SR23000397,Bus stop at Lavaca/4th missing shelter - riders exposed to weather,Missing Shelter,CapMetro,2025,Closed,05/29/2025 12:00:00 AM
3,Lavaca/4th,135,SR23000398,No shelter at Lavaca/4th transit stop,Missing Shelter,CapMetro,2025,Open,05/11/2025 12:00:00 AM
3,Lavaca/4th,135,SR23000399,No benches at Lavaca/4th bus stop,Missing Benches,CapMetro,2023,Open,04/18/2023 12:00:00 AM
3,Lavaca/4th,135,SR23000400,No shelter at Lavaca/4th transit stop,Missing Shelter,CapMetro,2025,Open,03/19/2025 12:00:00 AM
3,Lavaca/4th,135,SR23000401,Bus stop at Lavaca/4th missing shelter - riders exposed to weather,Missing Shelter,CapMetro,2025,Open,02/15/2025 12:00:00 AM
3,Lavaca/4th,135,SR23000402,No weather protection at Lavaca/4th transit stop,Missing Shelter,CapMetro,2025,Open,10/11/2025 12:00:00 AM
3,Lavaca/4th,135,SR23000403,Request shelter installation at Lavaca/4th,Missing Shelter,CapMetro,2025,Open,08/05/2025 12:00:00 AM
3,Lavaca/4th,135,SR23000404,Missing seating at Lavaca/4th transit stop,Missing Benches,CapMetro,2023,Closed,07/18/2023 12:00:00 AM
3,Lavaca/4th,135,SR23000405,Transit stop Lavaca/4th needs better lighting,Safety (Lighting),City of Austin,2024,Open,10/02/2024 12:00:00 AM
3,Lavaca/4th,135,SR23000406,Missing seating at Lavaca/4th transit stop,Missing Benches,CapMetro,2025,Closed,10/03/2025 12:00:00 AM
3,Lavaca/4th,135,SR23000407,Transit stop Lavaca/4th needs shelter for rider protection,Missing Shelter,CapMetro,2025,Open,05/29/2025 12:00:00 AM
3,Lavaca/4th,135,SR23000408,No weather protection at Lavaca/4th transit stop,Missing Shelter,CapMetro,2025,Closed,07/16/2025 12:00:00 AM
3,Lavaca/4th,135,SR23000409,Riders getting wet at Lavaca/4th during rain,Weather Exposure,CapMetro,2026,Open,04/08/2026 12:00:00 AM
3,Lavaca/4th,135,SR23000410,Riders have nowhere to sit at Lavaca/4th,Other,TBD,2024,Open,03/20/2024 12:00:00 AM
3,Lavaca/4th,135,SR23000411,Missing seating at Lavaca/4th transit stop,Missing Benches,CapMetro,2025,Open,05/19/2025 12:00:00 AM
3,Lavaca/4th,135,SR23000412,No shelter at Lavaca/4th transit stop,Missing Shelter,CapMetro,2025,Open,05/23/2025 12:00:00 AM
3,Lavaca/4th,135,SR23000413,Transit stop Lavaca/4th needs better lighting,Safety (Lighting),City of Austin,2023,Closed,11/01/2023 12:00:00 AM
3,Lavaca/4th,135,SR23000414,No benches at Lavaca/4th bus stop,Missing Benches,CapMetro,2023,Closed,11/14/2023 12:00:00 AM
4,Guadalupe/W. 21st Street,112,SR23000415,Riders have nowhere to sit at Guadalupe/W. 21st Street,Sidewalk/ADA,City of Austin,2023,Open,03/22/2023 12:00:00 AM
4,Guadalupe/W. 21st Street,112,SR23000416,Request safety improvements at Guadalupe/W. 21st Street stop,Safety Concerns,City of Austin / CapMetro,2023,Closed,10/03/2023 12:00:00 AM
4,Guadalupe/W. 21st Street,112,SR23000417,Transit stop Guadalupe/W. 21st Street needs better lighting,Safety (Lighting),City of Austin,2024,Open,04/26/2024 12:00:00 AM
4,Guadalupe/W. 21st Street,112,SR23000418,No shelter at Guadalupe/W. 21st Street transit stop,Missing Shelter,CapMetro,2023,Open,08/08/2023 12:00:00 AM
4,Guadalupe/W. 21st Street,112,SR23000419,Riders getting wet at Guadalupe/W. 21st Street during rain,Weather Exposure,CapMetro,2023,Open,08/10/2023 12:00:00 AM
4,Guadalupe/W. 21st Street,112,SR23000420,Missing seating at Guadalupe/W. 21st Street transit stop,Missing Benches,CapMetro,2026,Open,03/08/2026 12:00:00 AM
4,Guadalupe/W. 21st Street,112,SR23000421,Request shelter installation at Guadalupe/W. 21st Street,Missing Shelter,CapMetro,2025,Open,03/19/2025 12:00:00 AM
4,Guadalupe/W. 21st Street,112,SR23000422,No shelter at Guadalupe/W. 21st Street transit stop,Missing Shelter,CapMetro,2023,Open,08/31/2023 12:00:00 AM
4,Guadalupe/W. 21st Street,112,SR23000423,Request bench installation at Guadalupe/W. 21st Street,Missing Benches,CapMetro,2023,Closed,01/28/2023 12:00:00 AM
4,Guadalupe/W. 21st Street,112,SR23000424,Missing seating at Guadalupe/W. 21st Street transit stop,Missing Benches,CapMetro,2025,Open,01/18/2025 12:00:00 AM
4,Guadalupe/W. 21st Street,112,SR23000425,No benches at Guadalupe/W. 21st Street bus stop,Missing Benches,CapMetro,2023,Open,07/19/2023 12:00:00 AM
4,Guadalupe/W. 21st Street,112,SR23000426,No shelter at Guadalupe/W. 21st Street transit stop,Missing Shelter,CapMetro,2024,Open,09/09/2024 12:00:00 AM
4,Guadalupe/W. 21st Street,112,SR23000427,No shelter at Guadalupe/W. 21st Street transit stop,Missing Shelter,CapMetro,2024,Open,12/23/2024 12:00:00 AM
4,Guadalupe/W. 21st Street,112,SR23000428,Request shelter installation at Guadalupe/W. 21st Street,Missing Shelter,CapMetro,2023,Open,02/28/2023 12:00:00 AM
4,Guadalupe/W. 21st Street,112,SR23000429,Riders have nowhere to sit at Guadalupe/W. 21st Street,Sidewalk/ADA,City of Austin,2024,Closed,12/29/2024 12:00:00 AM
4,Guadalupe/W. 21st Street,112,SR23000430,Bus stop Guadalupe/W. 21st Street exposed to extreme heat/sun,Weather Exposure,CapMetro,2024,Open,08/11/2024 12:00:00 AM
4,Guadalupe/W. 21st Street,112,SR23000431,Request safety improvements at Guadalupe/W. 21st Street stop,Safety Concerns,City of Austin / CapMetro,2026,Open,02/06/2026 12:00:00 AM
4,Guadalupe/W. 21st Street,112,SR23000432,Riders have nowhere to sit at Guadalupe/W. 21st Street,Sidewalk/ADA,City of Austin,2025,Open,06/14/2025 12:00:00 AM
4,Guadalupe/W. 21st Street,112,SR23000433,No shelter at Guadalupe/W. 21st Street transit stop,Missing Shelter,CapMetro,2026,Open,01/02/2026 12:00:00 AM
4,Guadalupe/W. 21st Street,112,SR23000434,No weather protection at Guadalupe/W. 21st Street transit stop,Missing Shelter,CapMetro,2025,Open,03/01/2025 12:00:00 AM
4,Guadalupe/W. 21st Street,112,SR23000435,No weather protection at Guadalupe/W. 21st Street transit stop,Missing Shelter,CapMetro,2023,Open,08/15/2023 12:00:00 AM
4,Guadalupe/W. 21st Street,112,SR23000436,Bus stop at Guadalupe/W. 21st Street missing shelter - riders exposed to weather,Missing Shelter,CapMetro,2024,Open,12/04/2024 12:00:00 AM
4,Guadalupe/W. 21st Street,112,SR23000437,No weather protection at Guadalupe/W. 21st Street transit stop,Missing Shelter,CapMetro,2023,Open,01/31/2023 12:00:00 AM
4,Guadalupe/W. 21st Street,112,SR23000438,Riders getting wet at Guadalupe/W. 21st Street during rain,Weather Exposure,CapMetro,2025,Closed,10/20/2025 12:00:00 AM
4,Guadalupe/W. 21st Street,112,SR23000439,Missing seating at Guadalupe/W. 21st Street transit stop,Missing Benches,CapMetro,2023,Closed,08/31/2023 12:00:00 AM
4,Guadalupe/W. 21st Street,112,SR23000440,No shelter at Guadalupe/W. 21st Street transit stop,Missing Shelter,CapMetro,2024,Open,07/14/2024 12:00:00 AM
4,Guadalupe/W. 21st Street,112,SR23000441,Feeling unsafe waiting at Guadalupe/W. 21st Street,Safety Concerns,City of Austin / CapMetro,2026,Open,01/13/2026 12:00:00 AM
4,Guadalupe/W. 21st Street,112,SR23000442,Transit stop Guadalupe/W. 21st Street needs shelter for rider protection,Missing Shelter,CapMetro,2024,Open,08/16/2024 12:00:00 AM
4,Guadalupe/W. 21st Street,112,SR23000443,Riders have nowhere to sit at Guadalupe/W. 21st Street,Sidewalk/ADA,City of Austin,2023,Open,06/11/2023 12:00:00 AM
4,Guadalupe/W. 21st Street,112,SR23000444,No weather protection at Guadalupe/W. 21st Street transit stop,Missing Shelter,CapMetro,2024,Open,12/04/2024 12:00:00 AM
4,Guadalupe/W. 21st Street,112,SR23000445,Transit stop Guadalupe/W. 21st Street needs better lighting,Safety (Lighting),City of Austin,2024,Open,11/03/2024 12:00:00 AM
4,Guadalupe/W. 21st Street,112,SR23000446,Bus stop Guadalupe/W. 21st Street exposed to extreme heat/sun,Weather Exposure,CapMetro,2024,Open,03/09/2024 12:00:00 AM
4,Guadalupe/W. 21st Street,112,SR23000447,No shelter at Guadalupe/W. 21st Street transit stop,Missing Shelter,CapMetro,2025,Open,04/26/2025 12:00:00 AM
4,Guadalupe/W. 21st Street,112,SR23000448,Missing seating at Guadalupe/W. 21st Street transit stop,Missing Benches,CapMetro,2023,Open,05/14/2023 12:00:00 AM
4,Guadalupe/W. 21st Street,112,SR23000449,Safety concerns at Guadalupe/W. 21st Street bus stop after dark,Safety (Lighting),City of Austin,2025,Open,05/06/2025 12:00:00 AM
4,Guadalupe/W. 21st Street,112,SR23000450,Bus stop Guadalupe/W. 21st Street exposed to extreme heat/sun,Weather Exposure,CapMetro,2023,Open,08/09/2023 12:00:00 AM
4,Guadalupe/W. 21st Street,112,SR23000451,Transit stop Guadalupe/W. 21st Street needs shelter for rider protection,Missing Shelter,CapMetro,2025,Open,11/24/2025 12:00:00 AM
4,Guadalupe/W. 21st Street,112,SR23000452,Riders getting wet at Guadalupe/W. 21st Street during rain,Weather Exposure,CapMetro,2024,Open,05/23/2024 12:00:00 AM
4,Guadalupe/W. 21st Street,112,SR23000453,Transit stop Guadalupe/W. 21st Street needs shelter for rider protection,Missing Shelter,CapMetro,2023,Open,12/04/2023 12:00:00 AM
4,Guadalupe/W. 21st Street,112,SR23000454,Request bench installation at Guadalupe/W. 21st Street,Missing Benches,CapMetro,2025,Closed,08/01/2025 12:00:00 AM
4,Guadalupe/W. 21st Street,112,SR23000455,Bus stop Guadalupe/W. 21st Street exposed to extreme heat/sun,Weather Exposure,CapMetro,2023,Open,01/28/2023 12:00:00 AM
4,Guadalupe/W. 21st Street,112,SR23000456,Bus stop Guadalupe/W. 21st Street exposed to extreme heat/sun,Weather Exposure,CapMetro,2025,Open,11/12/2025 12:00:00 AM
4,Guadalupe/W. 21st Street,112,SR23000457,Transit stop Guadalupe/W. 21st Street needs shelter for rider protection,Missing Shelter,CapMetro,2025,Open,07/31/2025 12:00:00 AM
4,Guadalupe/W. 21st Street,112,SR23000458,Bus stop at Guadalupe/W. 21st Street missing shelter - riders exposed to weather,Missing Shelter,CapMetro,2025,Open,03/19/2025 12:00:00 AM
4,Guadalupe/W. 21st Street,112,SR23000459,Transit stop Guadalupe/W. 21st Street needs shelter for rider protection,Missing Shelter,CapMetro,2026,Open,04/03/2026 12:00:00 AM
4,Guadalupe/W. 21st Street,112,SR23000460,Feeling unsafe waiting at Guadalupe/W. 21st Street,Safety Concerns,City of Austin / CapMetro,2026,Open,03/05/2026 12:00:00 AM
4,Guadalupe/W. 21st Street,112,SR23000461,Request safety improvements at Guadalupe/W. 21st Street stop,Safety Concerns,City of Austin / CapMetro,2024,Open,12/06/2024 12:00:00 AM
4,Guadalupe/W. 21st Street,112,SR23000462,Request bench installation at Guadalupe/W. 21st Street,Missing Benches,CapMetro,2023,Open,08/22/2023 12:00:00 AM
4,Guadalupe/W. 21st Street,112,SR23000463,No shelter at Guadalupe/W. 21st Street transit stop,Missing Shelter,CapMetro,2023,Open,12/02/2023 12:00:00 AM
4,Guadalupe/W. 21st Street,112,SR23000464,No benches at Guadalupe/W. 21st Street bus stop,Missing Benches,CapMetro,2026,Closed,01/21/2026 12:00:00 AM
4,Guadalupe/W. 21st Street,112,SR23000465,Request safety improvements at Guadalupe/W. 21st Street stop,Safety Concerns,City of Austin / CapMetro,2025,Open,10/19/2025 12:00:00 AM
4,Guadalupe/W. 21st Street,112,SR23000466,No weather protection at Guadalupe/W. 21st Street transit stop,Missing Shelter,CapMetro,2024,Closed,05/02/2024 12:00:00 AM
4,Guadalupe/W. 21st Street,112,SR23000467,No benches at Guadalupe/W. 21st Street bus stop,Missing Benches,CapMetro,2024,Open,04/18/2024 12:00:00 AM
4,Guadalupe/W. 21st Street,112,SR23000468,No benches at Guadalupe/W. 21st Street bus stop,Missing Benches,CapMetro,2023,Open,12/13/2023 12:00:00 AM
4,Guadalupe/W. 21st Street,112,SR23000469,Riders have nowhere to sit at Guadalupe/W. 21st Street,Sidewalk/ADA,City of Austin,2024,Open,07/09/2024 12:00:00 AM
4,Guadalupe/W. 21st Street,112,SR23000470,Transit stop Guadalupe/W. 21st Street needs shelter for rider protection,Missing Shelter,CapMetro,2024,Open,02/12/2024 12:00:00 AM
4,Guadalupe/W. 21st Street,112,SR23000471,Transit stop Guadalupe/W. 21st Street needs shelter for rider protection,Missing Shelter,CapMetro,2025,Open,10/22/2025 12:00:00 AM
4,Guadalupe/W. 21st Street,112,SR23000472,No weather protection at Guadalupe/W. 21st Street transit stop,Missing Shelter,CapMetro,2024,Closed,08/08/2024 12:00:00 AM
4,Guadalupe/W. 21st Street,112,SR23000473,Bus stop at Guadalupe/W. 21st Street missing shelter - riders exposed to weather,Missing Shelter,CapMetro,2025,Open,11/02/2025 12:00:00 AM
4,Guadalupe/W. 21st Street,112,SR23000474,No benches at Guadalupe/W. 21st Street bus stop,Missing Benches,CapMetro,2025,Open,03/17/2025 12:00:00 AM
4,Guadalupe/W. 21st Street,112,SR23000475,No shelter at Guadalupe/W. 21st Street transit stop,Missing Shelter,CapMetro,2023,Open,04/20/2023 12:00:00 AM
4,Guadalupe/W. 21st Street,112,SR23000476,Transit stop Guadalupe/W. 21st Street needs shelter for rider protection,Missing Shelter,CapMetro,2024,Open,06/28/2024 12:00:00 AM
4,Guadalupe/W. 21st Street,112,SR23000477,Transit stop Guadalupe/W. 21st Street needs better lighting,Safety (Lighting),City of Austin,2025,Open,01/01/2025 12:00:00 AM
4,Guadalupe/W. 21st Street,112,SR23000478,Missing seating at Guadalupe/W. 21st Street transit stop,Missing Benches,CapMetro,2023,Open,10/07/2023 12:00:00 AM
4,Guadalupe/W. 21st Street,112,SR23000479,Riders getting wet at Guadalupe/W. 21st Street during rain,Weather Exposure,CapMetro,2024,Open,02/14/2024 12:00:00 AM
4,Guadalupe/W. 21st Street,112,SR23000480,Bus stop Guadalupe/W. 21st Street exposed to extreme heat/sun,Weather Exposure,CapMetro,2025,Open,12/14/2025 12:00:00 AM
4,Guadalupe/W. 21st Street,112,SR23000481,Transit stop Guadalupe/W. 21st Street needs shelter for rider protection,Missing Shelter,CapMetro,2025,Open,11/13/2025 12:00:00 AM
4,Guadalupe/W. 21st Street,112,SR23000482,Request shelter installation at Guadalupe/W. 21st Street,Missing Shelter,CapMetro,2023,Open,05/15/2023 12:00:00 AM
4,Guadalupe/W. 21st Street,112,SR23000483,Request bench installation at Guadalupe/W. 21st Street,Missing Benches,CapMetro,2023,Open,10/09/2023 12:00:00 AM
4,Guadalupe/W. 21st Street,112,SR23000484,No shelter at Guadalupe/W. 21st Street transit stop,Missing Shelter,CapMetro,2024,Open,08/29/2024 12:00:00 AM
4,Guadalupe/W. 21st Street,112,SR23000485,No shelter at Guadalupe/W. 21st Street transit stop,Missing Shelter,CapMetro,2025,Open,07/09/2025 12:00:00 AM
4,Guadalupe/W. 21st Street,112,SR23000486,Safety concerns at Guadalupe/W. 21st Street bus stop after dark,Safety (Lighting),City of Austin,2023,Closed,07/04/2023 12:00:00 AM
4,Guadalupe/W. 21st Street,112,SR23000487,Riders have nowhere to sit at Guadalupe/W. 21st Street,Sidewalk/ADA,City of Austin,2023,Open,09/23/2023 12:00:00 AM
4,Guadalupe/W. 21st Street,112,SR23000488,Request bench installation at Guadalupe/W. 21st Street,Missing Benches,CapMetro,2023,Open,09/04/2023 12:00:00 AM
4,Guadalupe/W. 21st Street,112,SR23000489,Transit stop Guadalupe/W. 21st Street needs weather shelter,Missing Shelter,CapMetro,2023,Open,12/31/2023 12:00:00 AM
4,Guadalupe/W. 21st Street,112,SR23000490,No weather protection at Guadalupe/W. 21st Street transit stop,Missing Shelter,CapMetro,2025,Open,03/22/2025 12:00:00 AM
4,Guadalupe/W. 21st Street,112,SR23000491,No benches at Guadalupe/W. 21st Street bus stop,Missing Benches,CapMetro,2023,Open,07/20/2023 12:00:00 AM
4,Guadalupe/W. 21st Street,112,SR23000492,No shelter at Guadalupe/W. 21st Street transit stop,Missing Shelter,CapMetro,2025,Closed,12/15/2025 12:00:00 AM
4,Guadalupe/W. 21st Street,112,SR23000493,No shelter at Guadalupe/W. 21st Street transit stop,Missing Shelter,CapMetro,2024,Open,09/16/2024 12:00:00 AM
4,Guadalupe/W. 21st Street,112,SR23000494,No shelter at Guadalupe/W. 21st Street transit stop,Missing Shelter,CapMetro,2024,Open,07/10/2024 12:00:00 AM
4,Guadalupe/W. 21st Street,112,SR23000495,Request bench installation at Guadalupe/W. 21st Street,Missing Benches,CapMetro,2023,Closed,07/02/2023 12:00:00 AM
4,Guadalupe/W. 21st Street,112,SR23000496,No benches at Guadalupe/W. 21st Street bus stop,Missing Benches,CapMetro,2025,Closed,06/04/2025 12:00:00 AM
4,Guadalupe/W. 21st Street,112,SR23000497,Safety concerns at Guadalupe/W. 21st Street bus stop after dark,Safety (Lighting),City of Austin,2025,Open,04/20/2025 12:00:00 AM
4,Guadalupe/W. 21st Street,112,SR23000498,No weather protection at Guadalupe/W. 21st Street transit stop,Missing Shelter,CapMetro,2024,Closed,08/31/2024 12:00:00 AM
4,Guadalupe/W. 21st Street,112,SR23000499,Request shelter installation at Guadalupe/W. 21st Street,Missing Shelter,CapMetro,2024,Open,01/19/2024 12:00:00 AM
4,Guadalupe/W. 21st Street,112,SR23000500,Request shelter installation at Guadalupe/W. 21st Street,Missing Shelter,CapMetro,2025,Open,12/15/2025 12:00:00 AM
4,Guadalupe/W. 21st Street,112,SR23000501,Riders have nowhere to sit at Guadalupe/W. 21st Street,Sidewalk/ADA,City of Austin,2024,Open,07/22/2024 12:00:00 AM
4,Guadalupe/W. 21st Street,112,SR23000502,No shelter at Guadalupe/W. 21st Street transit stop,Missing Shelter,CapMetro,2025,Open,05/18/2025 12:00:00 AM
4,Guadalupe/W. 21st Street,112,SR23000503,Riders getting wet at Guadalupe/W. 21st Street during rain,Weather Exposure,CapMetro,2024,Closed,06/24/2024 12:00:00 AM
4,Guadalupe/W. 21st Street,112,SR23000504,Request shelter installation at Guadalupe/W. 21st Street,Missing Shelter,CapMetro,2023,Open,12/06/2023 12:00:00 AM
4,Guadalupe/W. 21st Street,112,SR23000505,Request bench installation at Guadalupe/W. 21st Street,Missing Benches,CapMetro,2023,Open,02/06/2023 12:00:00 AM
4,Guadalupe/W. 21st Street,112,SR23000506,Bus stop at Guadalupe/W. 21st Street missing shelter - riders exposed to weather,Missing Shelter,CapMetro,2024,Closed,07/07/2024 12:00:00 AM
4,Guadalupe/W. 21st Street,112,SR23000507,Riders have nowhere to sit at Guadalupe/W. 21st Street,Sidewalk/ADA,City of Austin,2023,Open,02/08/2023 12:00:00 AM
4,Guadalupe/W. 21st Street,112,SR23000508,Bus stop Guadalupe/W. 21st Street exposed to extreme heat/sun,Weather Exposure,CapMetro,2023,Open,11/11/2023 12:00:00 AM
4,Guadalupe/W. 21st Street,112,SR23000509,No shelter at Guadalupe/W. 21st Street transit stop,Missing Shelter,CapMetro,2025,Open,06/18/2025 12:00:00 AM
4,Guadalupe/W. 21st Street,112,SR23000510,Request safety improvements at Guadalupe/W. 21st Street stop,Safety Concerns,City of Austin / CapMetro,2024,Closed,12/26/2024 12:00:00 AM
4,Guadalupe/W. 21st Street,112,SR23000511,Riders have nowhere to sit at Guadalupe/W. 21st Street,Sidewalk/ADA,City of Austin,2025,Open,08/29/2025 12:00:00 AM
4,Guadalupe/W. 21st Street,112,SR23000512,Bus stop at Guadalupe/W. 21st Street missing shelter - riders exposed to weather,Missing Shelter,CapMetro,2025,Open,09/27/2025 12:00:00 AM
4,Guadalupe/W. 21st Street,112,SR23000513,No weather protection at Guadalupe/W. 21st Street transit stop,Missing Shelter,CapMetro,2023,Closed,05/27/2023 12:00:00 AM
4,Guadalupe/W. 21st Street,112,SR23000514,No shelter at Guadalupe/W. 21st Street transit stop,Missing Shelter,CapMetro,2023,Open,08/13/2023 12:00:00 AM
4,Guadalupe/W. 21st Street,112,SR23000515,Transit stop Guadalupe/W. 21st Street needs shelter for rider protection,Missing Shelter,CapMetro,2025,Open,02/07/2025 12:00:00 AM
4,Guadalupe/W. 21st Street,112,SR23000516,Transit stop Guadalupe/W. 21st Street needs weather shelter,Missing Shelter,CapMetro,2025,Open,04/29/2025 12:00:00 AM
4,Guadalupe/W. 21st Street,112,SR23000517,No shelter at Guadalupe/W. 21st Street transit stop,Missing Shelter,CapMetro,2025,Open,05/31/2025 12:00:00 AM
4,Guadalupe/W. 21st Street,112,SR23000518,Bus stop at Guadalupe/W. 21st Street missing shelter - riders exposed to weather,Missing Shelter,CapMetro,2024,Open,02/27/2024 12:00:00 AM
4,Guadalupe/W. 21st Street,112,SR23000519,Transit stop Guadalupe/W. 21st Street needs weather shelter,Missing Shelter,CapMetro,2025,Open,08/24/2025 12:00:00 AM
4,Guadalupe/W. 21st Street,112,SR23000520,Request shelter installation at Guadalupe/W. 21st Street,Missing Shelter,CapMetro,2023,Open,04/05/2023 12:00:00 AM
4,Guadalupe/W. 21st Street,112,SR23000521,Transit stop Guadalupe/W. 21st Street needs weather shelter,Missing Shelter,CapMetro,2023,Closed,07/14/2023 12:00:00 AM
4,Guadalupe/W. 21st Street,112,SR23000522,No shelter at Guadalupe/W. 21st Street transit stop,Missing Shelter,CapMetro,2023,Open,05/22/2023 12:00:00 AM
4,Guadalupe/W. 21st Street,112,SR23000523,Riders have nowhere to sit at Guadalupe/W. 21st Street,Sidewalk/ADA,City of Austin,2025,Open,01/14/2025 12:00:00 AM
4,Guadalupe/W. 21st Street,112,SR23000524,No weather protection at Guadalupe/W. 21st Street transit stop,Missing Shelter,CapMetro,2023,Closed,11/19/2023 12:00:00 AM
4,Guadalupe/W. 21st Street,112,SR23000525,Transit stop Guadalupe/W. 21st Street needs shelter for rider protection,Missing Shelter,CapMetro,2024,Closed,11/28/2024 12:00:00 AM
4,Guadalupe/W. 21st Street,112,SR23000526,Bus stop Guadalupe/W. 21st Street exposed to extreme heat/sun,Weather Exposure,CapMetro,2026,Open,02/23/2026 12:00:00 AM
5,UT Dean Keeton Station (NB),98,SR23000527,Request shelter installation at UT Dean Keeton Station (NB),Missing Shelter,CapMetro,2024,Open,02/22/2024 12:00:00 AM
5,UT Dean Keeton Station (NB),98,SR23000528,No shelter at UT Dean Keeton Station (NB) transit stop,Missing Shelter,CapMetro,2024,Open,08/13/2024 12:00:00 AM
5,UT Dean Keeton Station (NB),98,SR23000529,Bus stop at UT Dean Keeton Station (NB) missing shelter - riders exposed to weather,Missing Shelter,CapMetro,2024,Open,02/22/2024 12:00:00 AM
5,UT Dean Keeton Station (NB),98,SR23000530,Feeling unsafe waiting at UT Dean Keeton Station (NB),Safety Concerns,City of Austin / CapMetro,2024,Open,12/06/2024 12:00:00 AM
5,UT Dean Keeton Station (NB),98,SR23000531,Transit stop UT Dean Keeton Station (NB) needs shelter for rider protection,Missing Shelter,CapMetro,2024,Closed,03/05/2024 12:00:00 AM
5,UT Dean Keeton Station (NB),98,SR23000532,Request bench installation at UT Dean Keeton Station (NB),Missing Benches,CapMetro,2023,Closed,07/09/2023 12:00:00 AM
5,UT Dean Keeton Station (NB),98,SR23000533,Request safety improvements at UT Dean Keeton Station (NB) stop,Safety Concerns,City of Austin / CapMetro,2023,Open,03/22/2023 12:00:00 AM
5,UT Dean Keeton Station (NB),98,SR23000534,No benches at UT Dean Keeton Station (NB) bus stop,Missing Benches,CapMetro,2024,Closed,07/23/2024 12:00:00 AM
5,UT Dean Keeton Station (NB),98,SR23000535,Transit stop UT Dean Keeton Station (NB) needs weather shelter,Missing Shelter,CapMetro,2026,Open,04/03/2026 12:00:00 AM
5,UT Dean Keeton Station (NB),98,SR23000536,No shelter at UT Dean Keeton Station (NB) transit stop,Missing Shelter,CapMetro,2026,Open,03/13/2026 12:00:00 AM
5,UT Dean Keeton Station (NB),98,SR23000537,No shelter at UT Dean Keeton Station (NB) transit stop,Missing Shelter,CapMetro,2026,Open,02/03/2026 12:00:00 AM
5,UT Dean Keeton Station (NB),98,SR23000538,No benches at UT Dean Keeton Station (NB) bus stop,Missing Benches,CapMetro,2026,Closed,02/22/2026 12:00:00 AM
5,UT Dean Keeton Station (NB),98,SR23000539,Transit stop UT Dean Keeton Station (NB) needs shelter for rider protection,Missing Shelter,CapMetro,2026,Open,03/08/2026 12:00:00 AM
5,UT Dean Keeton Station (NB),98,SR23000540,No shelter at UT Dean Keeton Station (NB) transit stop,Missing Shelter,CapMetro,2025,Open,06/16/2025 12:00:00 AM
5,UT Dean Keeton Station (NB),98,SR23000541,Bus stop at UT Dean Keeton Station (NB) missing shelter - riders exposed to weather,Missing Shelter,CapMetro,2025,Open,08/16/2025 12:00:00 AM
5,UT Dean Keeton Station (NB),98,SR23000542,Missing seating at UT Dean Keeton Station (NB) transit stop,Missing Benches,CapMetro,2024,Open,12/07/2024 12:00:00 AM
5,UT Dean Keeton Station (NB),98,SR23000543,Bus stop at UT Dean Keeton Station (NB) missing shelter - riders exposed to weather,Missing Shelter,CapMetro,2023,Open,12/13/2023 12:00:00 AM
5,UT Dean Keeton Station (NB),98,SR23000544,Request bench installation at UT Dean Keeton Station (NB),Missing Benches,CapMetro,2025,Closed,03/16/2025 12:00:00 AM
5,UT Dean Keeton Station (NB),98,SR23000545,Request shelter installation at UT Dean Keeton Station (NB),Missing Shelter,CapMetro,2025,Open,09/25/2025 12:00:00 AM
5,UT Dean Keeton Station (NB),98,SR23000546,Bus stop at UT Dean Keeton Station (NB) missing shelter - riders exposed to weather,Missing Shelter,CapMetro,2023,Closed,11/27/2023 12:00:00 AM
5,UT Dean Keeton Station (NB),98,SR23000547,Request shelter installation at UT Dean Keeton Station (NB),Missing Shelter,CapMetro,2024,Closed,08/04/2024 12:00:00 AM
5,UT Dean Keeton Station (NB),98,SR23000548,Transit stop UT Dean Keeton Station (NB) needs shelter for rider protection,Missing Shelter,CapMetro,2025,Closed,01/29/2025 12:00:00 AM
5,UT Dean Keeton Station (NB),98,SR23000549,Bus stop UT Dean Keeton Station (NB) exposed to extreme heat/sun,Weather Exposure,CapMetro,2025,Closed,10/08/2025 12:00:00 AM
5,UT Dean Keeton Station (NB),98,SR23000550,No benches at UT Dean Keeton Station (NB) bus stop,Missing Benches,CapMetro,2024,Open,05/12/2024 12:00:00 AM
5,UT Dean Keeton Station (NB),98,SR23000551,Request safety improvements at UT Dean Keeton Station (NB) stop,Safety Concerns,City of Austin / CapMetro,2026,Open,01/29/2026 12:00:00 AM
5,UT Dean Keeton Station (NB),98,SR23000552,Riders have nowhere to sit at UT Dean Keeton Station (NB),Other,TBD,2023,Open,01/22/2023 12:00:00 AM
5,UT Dean Keeton Station (NB),98,SR23000553,Riders have nowhere to sit at UT Dean Keeton Station (NB),Other,TBD,2026,Closed,03/09/2026 12:00:00 AM
5,UT Dean Keeton Station (NB),98,SR23000554,No benches at UT Dean Keeton Station (NB) bus stop,Missing Benches,CapMetro,2024,Open,11/25/2024 12:00:00 AM
5,UT Dean Keeton Station (NB),98,SR23000555,Transit stop UT Dean Keeton Station (NB) needs shelter for rider protection,Missing Shelter,CapMetro,2025,Open,07/07/2025 12:00:00 AM
5,UT Dean Keeton Station (NB),98,SR23000556,Missing seating at UT Dean Keeton Station (NB) transit stop,Missing Benches,CapMetro,2025,Open,06/12/2025 12:00:00 AM
5,UT Dean Keeton Station (NB),98,SR23000557,Riders have nowhere to sit at UT Dean Keeton Station (NB),Other,TBD,2024,Closed,03/19/2024 12:00:00 AM
5,UT Dean Keeton Station (NB),98,SR23000558,Request bench installation at UT Dean Keeton Station (NB),Missing Benches,CapMetro,2024,Open,06/26/2024 12:00:00 AM
5,UT Dean Keeton Station (NB),98,SR23000559,No weather protection at UT Dean Keeton Station (NB) transit stop,Missing Shelter,CapMetro,2024,Closed,02/01/2024 12:00:00 AM
5,UT Dean Keeton Station (NB),98,SR23000560,Request shelter installation at UT Dean Keeton Station (NB),Missing Shelter,CapMetro,2025,Open,11/13/2025 12:00:00 AM
5,UT Dean Keeton Station (NB),98,SR23000561,No benches at UT Dean Keeton Station (NB) bus stop,Missing Benches,CapMetro,2023,Open,11/24/2023 12:00:00 AM
5,UT Dean Keeton Station (NB),98,SR23000562,Bus stop UT Dean Keeton Station (NB) exposed to extreme heat/sun,Weather Exposure,CapMetro,2025,Open,03/22/2025 12:00:00 AM
5,UT Dean Keeton Station (NB),98,SR23000563,Riders getting wet at UT Dean Keeton Station (NB) during rain,Weather Exposure,CapMetro,2023,Open,09/30/2023 12:00:00 AM
5,UT Dean Keeton Station (NB),98,SR23000564,Bus stop UT Dean Keeton Station (NB) exposed to extreme heat/sun,Weather Exposure,CapMetro,2024,Open,11/17/2024 12:00:00 AM
5,UT Dean Keeton Station (NB),98,SR23000565,No benches at UT Dean Keeton Station (NB) bus stop,Missing Benches,CapMetro,2025,Open,11/29/2025 12:00:00 AM
5,UT Dean Keeton Station (NB),98,SR23000566,Bus stop at UT Dean Keeton Station (NB) missing shelter - riders exposed to weather,Missing Shelter,CapMetro,2026,Open,02/26/2026 12:00:00 AM
5,UT Dean Keeton Station (NB),98,SR23000567,No shelter at UT Dean Keeton Station (NB) transit stop,Missing Shelter,CapMetro,2025,Open,02/19/2025 12:00:00 AM
5,UT Dean Keeton Station (NB),98,SR23000568,Feeling unsafe waiting at UT Dean Keeton Station (NB),Safety Concerns,City of Austin / CapMetro,2026,Open,01/09/2026 12:00:00 AM
5,UT Dean Keeton Station (NB),98,SR23000569,Transit stop UT Dean Keeton Station (NB) needs shelter for rider protection,Missing Shelter,CapMetro,2023,Open,04/17/2023 12:00:00 AM
5,UT Dean Keeton Station (NB),98,SR23000570,Missing seating at UT Dean Keeton Station (NB) transit stop,Missing Benches,CapMetro,2024,Open,07/19/2024 12:00:00 AM
5,UT Dean Keeton Station (NB),98,SR23000571,Transit stop UT Dean Keeton Station (NB) needs shelter for rider protection,Missing Shelter,CapMetro,2025,Open,03/26/2025 12:00:00 AM
5,UT Dean Keeton Station (NB),98,SR23000572,Request bench installation at UT Dean Keeton Station (NB),Missing Benches,CapMetro,2023,Open,10/22/2023 12:00:00 AM
5,UT Dean Keeton Station (NB),98,SR23000573,No benches at UT Dean Keeton Station (NB) bus stop,Missing Benches,CapMetro,2025,Open,12/24/2025 12:00:00 AM
5,UT Dean Keeton Station (NB),98,SR23000574,Request bench installation at UT Dean Keeton Station (NB),Missing Benches,CapMetro,2023,Closed,02/14/2023 12:00:00 AM
5,UT Dean Keeton Station (NB),98,SR23000575,Transit stop UT Dean Keeton Station (NB) needs weather shelter,Missing Shelter,CapMetro,2025,Closed,12/03/2025 12:00:00 AM
5,UT Dean Keeton Station (NB),98,SR23000576,Request shelter installation at UT Dean Keeton Station (NB),Missing Shelter,CapMetro,2024,Closed,09/15/2024 12:00:00 AM
5,UT Dean Keeton Station (NB),98,SR23000577,Transit stop UT Dean Keeton Station (NB) needs shelter for rider protection,Missing Shelter,CapMetro,2024,Open,04/26/2024 12:00:00 AM
5,UT Dean Keeton Station (NB),98,SR23000578,Riders have nowhere to sit at UT Dean Keeton Station (NB),Other,TBD,2024,Open,11/30/2024 12:00:00 AM
5,UT Dean Keeton Station (NB),98,SR23000579,Feeling unsafe waiting at UT Dean Keeton Station (NB),Safety Concerns,City of Austin / CapMetro,2023,Closed,06/29/2023 12:00:00 AM
5,UT Dean Keeton Station (NB),98,SR23000580,Missing seating at UT Dean Keeton Station (NB) transit stop,Missing Benches,CapMetro,2023,Open,04/18/2023 12:00:00 AM
5,UT Dean Keeton Station (NB),98,SR23000581,No shelter at UT Dean Keeton Station (NB) transit stop,Missing Shelter,CapMetro,2023,Open,09/30/2023 12:00:00 AM
5,UT Dean Keeton Station (NB),98,SR23000582,No shelter at UT Dean Keeton Station (NB) transit stop,Missing Shelter,CapMetro,2025,Open,09/30/2025 12:00:00 AM
5,UT Dean Keeton Station (NB),98,SR23000583,Missing seating at UT Dean Keeton Station (NB) transit stop,Missing Benches,CapMetro,2023,Closed,06/17/2023 12:00:00 AM
5,UT Dean Keeton Station (NB),98,SR23000584,No benches at UT Dean Keeton Station (NB) bus stop,Missing Benches,CapMetro,2025,Open,10/28/2025 12:00:00 AM
5,UT Dean Keeton Station (NB),98,SR23000585,No shelter at UT Dean Keeton Station (NB) transit stop,Missing Shelter,CapMetro,2023,Open,07/02/2023 12:00:00 AM
5,UT Dean Keeton Station (NB),98,SR23000586,Transit stop UT Dean Keeton Station (NB) needs shelter for rider protection,Missing Shelter,CapMetro,2025,Open,12/11/2025 12:00:00 AM
5,UT Dean Keeton Station (NB),98,SR23000587,Bus stop UT Dean Keeton Station (NB) exposed to extreme heat/sun,Weather Exposure,CapMetro,2025,Open,02/17/2025 12:00:00 AM
5,UT Dean Keeton Station (NB),98,SR23000588,Transit stop UT Dean Keeton Station (NB) needs shelter for rider protection,Missing Shelter,CapMetro,2024,Open,05/23/2024 12:00:00 AM
5,UT Dean Keeton Station (NB),98,SR23000589,No benches at UT Dean Keeton Station (NB) bus stop,Missing Benches,CapMetro,2026,Closed,02/04/2026 12:00:00 AM
5,UT Dean Keeton Station (NB),98,SR23000590,No benches at UT Dean Keeton Station (NB) bus stop,Missing Benches,CapMetro,2024,Closed,07/02/2024 12:00:00 AM
5,UT Dean Keeton Station (NB),98,SR23000591,No benches at UT Dean Keeton Station (NB) bus stop,Missing Benches,CapMetro,2025,Open,11/27/2025 12:00:00 AM
5,UT Dean Keeton Station (NB),98,SR23000592,Missing seating at UT Dean Keeton Station (NB) transit stop,Missing Benches,CapMetro,2025,Open,12/23/2025 12:00:00 AM
5,UT Dean Keeton Station (NB),98,SR23000593,Bus stop at UT Dean Keeton Station (NB) missing shelter - riders exposed to weather,Missing Shelter,CapMetro,2024,Open,03/29/2024 12:00:00 AM
5,UT Dean Keeton Station (NB),98,SR23000594,Feeling unsafe waiting at UT Dean Keeton Station (NB),Safety Concerns,City of Austin / CapMetro,2025,Closed,04/27/2025 12:00:00 AM
5,UT Dean Keeton Station (NB),98,SR23000595,Missing seating at UT Dean Keeton Station (NB) transit stop,Missing Benches,CapMetro,2024,Closed,08/07/2024 12:00:00 AM
5,UT Dean Keeton Station (NB),98,SR23000596,Request bench installation at UT Dean Keeton Station (NB),Missing Benches,CapMetro,2023,Open,12/02/2023 12:00:00 AM
5,UT Dean Keeton Station (NB),98,SR23000597,Bus stop at UT Dean Keeton Station (NB) missing shelter - riders exposed to weather,Missing Shelter,CapMetro,2026,Open,02/24/2026 12:00:00 AM
5,UT Dean Keeton Station (NB),98,SR23000598,Missing seating at UT Dean Keeton Station (NB) transit stop,Missing Benches,CapMetro,2025,Open,06/06/2025 12:00:00 AM
5,UT Dean Keeton Station (NB),98,SR23000599,No benches at UT Dean Keeton Station (NB) bus stop,Missing Benches,CapMetro,2023,Open,10/01/2023 12:00:00 AM
5,UT Dean Keeton Station (NB),98,SR23000600,Bus stop at UT Dean Keeton Station (NB) missing shelter - riders exposed to weather,Missing Shelter,CapMetro,2023,Closed,09/22/2023 12:00:00 AM
5,UT Dean Keeton Station (NB),98,SR23000601,Request safety improvements at UT Dean Keeton Station (NB) stop,Safety Concerns,City of Austin / CapMetro,2024,Open,07/04/2024 12:00:00 AM
5,UT Dean Keeton Station (NB),98,SR23000602,No weather protection at UT Dean Keeton Station (NB) transit stop,Missing Shelter,CapMetro,2023,Open,08/09/2023 12:00:00 AM
5,UT Dean Keeton Station (NB),98,SR23000603,Missing seating at UT Dean Keeton Station (NB) transit stop,Missing Benches,CapMetro,2024,Open,10/23/2024 12:00:00 AM
5,UT Dean Keeton Station (NB),98,SR23000604,No benches at UT Dean Keeton Station (NB) bus stop,Missing Benches,CapMetro,2024,Open,04/11/2024 12:00:00 AM
5,UT Dean Keeton Station (NB),98,SR23000605,No shelter at UT Dean Keeton Station (NB) transit stop,Missing Shelter,CapMetro,2025,Closed,06/27/2025 12:00:00 AM
5,UT Dean Keeton Station (NB),98,SR23000606,Transit stop UT Dean Keeton Station (NB) needs better lighting,Safety (Lighting),City of Austin,2023,Closed,04/27/2023 12:00:00 AM
5,UT Dean Keeton Station (NB),98,SR23000607,Transit stop UT Dean Keeton Station (NB) needs weather shelter,Missing Shelter,CapMetro,2023,Open,09/12/2023 12:00:00 AM
5,UT Dean Keeton Station (NB),98,SR23000608,Riders have nowhere to sit at UT Dean Keeton Station (NB),Other,TBD,2025,Open,02/26/2025 12:00:00 AM
5,UT Dean Keeton Station (NB),98,SR23000609,Bus stop at UT Dean Keeton Station (NB) missing shelter - riders exposed to weather,Missing Shelter,CapMetro,2023,Closed,05/05/2023 12:00:00 AM
5,UT Dean Keeton Station (NB),98,SR23000610,Request bench installation at UT Dean Keeton Station (NB),Missing Benches,CapMetro,2023,Open,01/19/2023 12:00:00 AM
5,UT Dean Keeton Station (NB),98,SR23000611,Request shelter installation at UT Dean Keeton Station (NB),Missing Shelter,CapMetro,2023,Open,06/20/2023 12:00:00 AM
5,UT Dean Keeton Station (NB),98,SR23000612,Bus stop UT Dean Keeton Station (NB) exposed to extreme heat/sun,Weather Exposure,CapMetro,2025,Open,05/04/2025 12:00:00 AM
5,UT Dean Keeton Station (NB),98,SR23000613,Safety concerns at UT Dean Keeton Station (NB) bus stop after dark,Safety (Lighting),City of Austin,2023,Open,06/27/2023 12:00:00 AM
5,UT Dean Keeton Station (NB),98,SR23000614,Request shelter installation at UT Dean Keeton Station (NB),Missing Shelter,CapMetro,2024,Open,03/19/2024 12:00:00 AM
5,UT Dean Keeton Station (NB),98,SR23000615,No benches at UT Dean Keeton Station (NB) bus stop,Missing Benches,CapMetro,2025,Open,03/24/2025 12:00:00 AM
5,UT Dean Keeton Station (NB),98,SR23000616,Transit stop UT Dean Keeton Station (NB) needs better lighting,Safety (Lighting),City of Austin,2024,Open,11/02/2024 12:00:00 AM
5,UT Dean Keeton Station (NB),98,SR23000617,Request safety improvements at UT Dean Keeton Station (NB) stop,Safety Concerns,City of Austin / CapMetro,2025,Open,06/11/2025 12:00:00 AM
5,UT Dean Keeton Station (NB),98,SR23000618,No shelter at UT Dean Keeton Station (NB) transit stop,Missing Shelter,CapMetro,2023,Open,02/16/2023 12:00:00 AM
5,UT Dean Keeton Station (NB),98,SR23000619,Safety concerns at UT Dean Keeton Station (NB) bus stop after dark,Safety (Lighting),City of Austin,2023,Closed,03/11/2023 12:00:00 AM
5,UT Dean Keeton Station (NB),98,SR23000620,Bus stop UT Dean Keeton Station (NB) exposed to extreme heat/sun,Weather Exposure,CapMetro,2025,Closed,05/28/2025 12:00:00 AM
5,UT Dean Keeton Station (NB),98,SR23000621,Transit stop UT Dean Keeton Station (NB) needs better lighting,Safety (Lighting),City of Austin,2024,Open,04/11/2024 12:00:00 AM
5,UT Dean Keeton Station (NB),98,SR23000622,Bus stop at UT Dean Keeton Station (NB) missing shelter - riders exposed to weather,Missing Shelter,CapMetro,2026,Closed,02/08/2026 12:00:00 AM
5,UT Dean Keeton Station (NB),98,SR23000623,Request bench installation at UT Dean Keeton Station (NB),Missing Benches,CapMetro,2025,Open,07/03/2025 12:00:00 AM
5,UT Dean Keeton Station (NB),98,SR23000624,No weather protection at UT Dean Keeton Station (NB) transit stop,Missing Shelter,CapMetro,2026,Open,03/04/2026 12:00:00 AM
6,Vic Mathias/Auditorium Shores (SB),95,SR23000625,Riders have nowhere to sit at Vic Mathias/Auditorium Shores (SB),Other,TBD,2024,Open,09/30/2024 12:00:00 AM
6,Vic Mathias/Auditorium Shores (SB),95,SR23000626,Riders have nowhere to sit at Vic Mathias/Auditorium Shores (SB),Other,TBD,2024,Closed,04/24/2024 12:00:00 AM
6,Vic Mathias/Auditorium Shores (SB),95,SR23000627,No benches at Vic Mathias/Auditorium Shores (SB) bus stop,Missing Benches,CapMetro,2025,Open,11/28/2025 12:00:00 AM
6,Vic Mathias/Auditorium Shores (SB),95,SR23000628,No shelter at Vic Mathias/Auditorium Shores (SB) transit stop,Missing Shelter,CapMetro,2023,Open,07/17/2023 12:00:00 AM
6,Vic Mathias/Auditorium Shores (SB),95,SR23000629,No shelter at Vic Mathias/Auditorium Shores (SB) transit stop,Missing Shelter,CapMetro,2024,Closed,09/22/2024 12:00:00 AM
6,Vic Mathias/Auditorium Shores (SB),95,SR23000630,Bus stop at Vic Mathias/Auditorium Shores (SB) missing shelter - riders exposed to weather,Missing Shelter,CapMetro,2023,Open,12/28/2023 12:00:00 AM
6,Vic Mathias/Auditorium Shores (SB),95,SR23000631,Request shelter installation at Vic Mathias/Auditorium Shores (SB),Missing Shelter,CapMetro,2025,Open,09/26/2025 12:00:00 AM
6,Vic Mathias/Auditorium Shores (SB),95,SR23000632,No shelter at Vic Mathias/Auditorium Shores (SB) transit stop,Missing Shelter,CapMetro,2023,Open,11/07/2023 12:00:00 AM
6,Vic Mathias/Auditorium Shores (SB),95,SR23000633,Safety concerns at Vic Mathias/Auditorium Shores (SB) bus stop after dark,Safety (Lighting),City of Austin,2025,Closed,04/07/2025 12:00:00 AM
6,Vic Mathias/Auditorium Shores (SB),95,SR23000634,Transit stop Vic Mathias/Auditorium Shores (SB) needs shelter for rider protection,Missing Shelter,CapMetro,2024,Closed,04/19/2024 12:00:00 AM
6,Vic Mathias/Auditorium Shores (SB),95,SR23000635,Bus stop Vic Mathias/Auditorium Shores (SB) exposed to extreme heat/sun,Weather Exposure,CapMetro,2025,Open,09/25/2025 12:00:00 AM
6,Vic Mathias/Auditorium Shores (SB),95,SR23000636,Request safety improvements at Vic Mathias/Auditorium Shores (SB) stop,Safety Concerns,City of Austin / CapMetro,2025,Open,06/09/2025 12:00:00 AM
6,Vic Mathias/Auditorium Shores (SB),95,SR23000637,Request bench installation at Vic Mathias/Auditorium Shores (SB),Missing Benches,CapMetro,2026,Open,02/22/2026 12:00:00 AM
6,Vic Mathias/Auditorium Shores (SB),95,SR23000638,Bus stop Vic Mathias/Auditorium Shores (SB) exposed to extreme heat/sun,Weather Exposure,CapMetro,2024,Open,06/30/2024 12:00:00 AM
6,Vic Mathias/Auditorium Shores (SB),95,SR23000639,Transit stop Vic Mathias/Auditorium Shores (SB) needs weather shelter,Missing Shelter,CapMetro,2023,Open,07/06/2023 12:00:00 AM
6,Vic Mathias/Auditorium Shores (SB),95,SR23000640,Riders getting wet at Vic Mathias/Auditorium Shores (SB) during rain,Weather Exposure,CapMetro,2023,Open,07/30/2023 12:00:00 AM
6,Vic Mathias/Auditorium Shores (SB),95,SR23000641,Transit stop Vic Mathias/Auditorium Shores (SB) needs weather shelter,Missing Shelter,CapMetro,2023,Open,09/25/2023 12:00:00 AM
6,Vic Mathias/Auditorium Shores (SB),95,SR23000642,No benches at Vic Mathias/Auditorium Shores (SB) bus stop,Missing Benches,CapMetro,2024,Open,10/17/2024 12:00:00 AM
6,Vic Mathias/Auditorium Shores (SB),95,SR23000643,Bus stop Vic Mathias/Auditorium Shores (SB) exposed to extreme heat/sun,Weather Exposure,CapMetro,2024,Open,11/17/2024 12:00:00 AM
6,Vic Mathias/Auditorium Shores (SB),95,SR23000644,Request shelter installation at Vic Mathias/Auditorium Shores (SB),Missing Shelter,CapMetro,2023,Open,04/14/2023 12:00:00 AM
6,Vic Mathias/Auditorium Shores (SB),95,SR23000645,Request shelter installation at Vic Mathias/Auditorium Shores (SB),Missing Shelter,CapMetro,2025,Open,01/26/2025 12:00:00 AM
6,Vic Mathias/Auditorium Shores (SB),95,SR23000646,Riders have nowhere to sit at Vic Mathias/Auditorium Shores (SB),Other,TBD,2024,Closed,09/06/2024 12:00:00 AM
6,Vic Mathias/Auditorium Shores (SB),95,SR23000647,Riders getting wet at Vic Mathias/Auditorium Shores (SB) during rain,Weather Exposure,CapMetro,2023,Closed,01/20/2023 12:00:00 AM
6,Vic Mathias/Auditorium Shores (SB),95,SR23000648,Bus stop at Vic Mathias/Auditorium Shores (SB) missing shelter - riders exposed to weather,Missing Shelter,CapMetro,2023,Closed,01/07/2023 12:00:00 AM
6,Vic Mathias/Auditorium Shores (SB),95,SR23000649,Bus stop at Vic Mathias/Auditorium Shores (SB) missing shelter - riders exposed to weather,Missing Shelter,CapMetro,2023,Open,05/04/2023 12:00:00 AM
6,Vic Mathias/Auditorium Shores (SB),95,SR23000650,Request bench installation at Vic Mathias/Auditorium Shores (SB),Missing Benches,CapMetro,2024,Open,12/05/2024 12:00:00 AM
6,Vic Mathias/Auditorium Shores (SB),95,SR23000651,Bus stop at Vic Mathias/Auditorium Shores (SB) missing shelter - riders exposed to weather,Missing Shelter,CapMetro,2023,Open,10/08/2023 12:00:00 AM
6,Vic Mathias/Auditorium Shores (SB),95,SR23000652,Transit stop Vic Mathias/Auditorium Shores (SB) needs weather shelter,Missing Shelter,CapMetro,2025,Closed,04/20/2025 12:00:00 AM
6,Vic Mathias/Auditorium Shores (SB),95,SR23000653,No shelter at Vic Mathias/Auditorium Shores (SB) transit stop,Missing Shelter,CapMetro,2025,Closed,06/03/2025 12:00:00 AM
6,Vic Mathias/Auditorium Shores (SB),95,SR23000654,Request bench installation at Vic Mathias/Auditorium Shores (SB),Missing Benches,CapMetro,2024,Open,12/28/2024 12:00:00 AM
6,Vic Mathias/Auditorium Shores (SB),95,SR23000655,Transit stop Vic Mathias/Auditorium Shores (SB) needs weather shelter,Missing Shelter,CapMetro,2026,Open,01/06/2026 12:00:00 AM
6,Vic Mathias/Auditorium Shores (SB),95,SR23000656,Bus stop Vic Mathias/Auditorium Shores (SB) exposed to extreme heat/sun,Weather Exposure,CapMetro,2024,Closed,03/02/2024 12:00:00 AM
6,Vic Mathias/Auditorium Shores (SB),95,SR23000657,Request shelter installation at Vic Mathias/Auditorium Shores (SB),Missing Shelter,CapMetro,2025,Closed,01/15/2025 12:00:00 AM
6,Vic Mathias/Auditorium Shores (SB),95,SR23000658,Bus stop at Vic Mathias/Auditorium Shores (SB) missing shelter - riders exposed to weather,Missing Shelter,CapMetro,2023,Closed,05/16/2023 12:00:00 AM
6,Vic Mathias/Auditorium Shores (SB),95,SR23000659,Riders getting wet at Vic Mathias/Auditorium Shores (SB) during rain,Weather Exposure,CapMetro,2024,Open,11/25/2024 12:00:00 AM
6,Vic Mathias/Auditorium Shores (SB),95,SR23000660,No shelter at Vic Mathias/Auditorium Shores (SB) transit stop,Missing Shelter,CapMetro,2024,Open,04/06/2024 12:00:00 AM
6,Vic Mathias/Auditorium Shores (SB),95,SR23000661,No benches at Vic Mathias/Auditorium Shores (SB) bus stop,Missing Benches,CapMetro,2025,Closed,12/27/2025 12:00:00 AM
6,Vic Mathias/Auditorium Shores (SB),95,SR23000662,Request shelter installation at Vic Mathias/Auditorium Shores (SB),Missing Shelter,CapMetro,2025,Open,09/19/2025 12:00:00 AM
6,Vic Mathias/Auditorium Shores (SB),95,SR23000663,No benches at Vic Mathias/Auditorium Shores (SB) bus stop,Missing Benches,CapMetro,2024,Open,04/07/2024 12:00:00 AM
6,Vic Mathias/Auditorium Shores (SB),95,SR23000664,No shelter at Vic Mathias/Auditorium Shores (SB) transit stop,Missing Shelter,CapMetro,2023,Open,02/05/2023 12:00:00 AM
6,Vic Mathias/Auditorium Shores (SB),95,SR23000665,No weather protection at Vic Mathias/Auditorium Shores (SB) transit stop,Missing Shelter,CapMetro,2025,Open,06/01/2025 12:00:00 AM
6,Vic Mathias/Auditorium Shores (SB),95,SR23000666,Bus stop at Vic Mathias/Auditorium Shores (SB) missing shelter - riders exposed to weather,Missing Shelter,CapMetro,2024,Open,05/23/2024 12:00:00 AM
6,Vic Mathias/Auditorium Shores (SB),95,SR23000667,Bus stop at Vic Mathias/Auditorium Shores (SB) missing shelter - riders exposed to weather,Missing Shelter,CapMetro,2023,Closed,01/13/2023 12:00:00 AM
6,Vic Mathias/Auditorium Shores (SB),95,SR23000668,Transit stop Vic Mathias/Auditorium Shores (SB) needs weather shelter,Missing Shelter,CapMetro,2023,Closed,07/26/2023 12:00:00 AM
6,Vic Mathias/Auditorium Shores (SB),95,SR23000669,Transit stop Vic Mathias/Auditorium Shores (SB) needs shelter for rider protection,Missing Shelter,CapMetro,2024,Open,03/27/2024 12:00:00 AM
6,Vic Mathias/Auditorium Shores (SB),95,SR23000670,Transit stop Vic Mathias/Auditorium Shores (SB) needs shelter for rider protection,Missing Shelter,CapMetro,2024,Open,04/04/2024 12:00:00 AM
6,Vic Mathias/Auditorium Shores (SB),95,SR23000671,Riders have nowhere to sit at Vic Mathias/Auditorium Shores (SB),Other,TBD,2024,Open,12/21/2024 12:00:00 AM
6,Vic Mathias/Auditorium Shores (SB),95,SR23000672,No benches at Vic Mathias/Auditorium Shores (SB) bus stop,Missing Benches,CapMetro,2025,Open,08/12/2025 12:00:00 AM
6,Vic Mathias/Auditorium Shores (SB),95,SR23000673,Missing seating at Vic Mathias/Auditorium Shores (SB) transit stop,Missing Benches,CapMetro,2025,Open,11/12/2025 12:00:00 AM
6,Vic Mathias/Auditorium Shores (SB),95,SR23000674,Transit stop Vic Mathias/Auditorium Shores (SB) needs weather shelter,Missing Shelter,CapMetro,2023,Open,01/16/2023 12:00:00 AM
6,Vic Mathias/Auditorium Shores (SB),95,SR23000675,Missing seating at Vic Mathias/Auditorium Shores (SB) transit stop,Missing Benches,CapMetro,2024,Open,01/31/2024 12:00:00 AM
6,Vic Mathias/Auditorium Shores (SB),95,SR23000676,Feeling unsafe waiting at Vic Mathias/Auditorium Shores (SB),Safety Concerns,City of Austin / CapMetro,2025,Open,11/11/2025 12:00:00 AM
6,Vic Mathias/Auditorium Shores (SB),95,SR23000677,Transit stop Vic Mathias/Auditorium Shores (SB) needs shelter for rider protection,Missing Shelter,CapMetro,2025,Open,03/12/2025 12:00:00 AM
6,Vic Mathias/Auditorium Shores (SB),95,SR23000678,Riders have nowhere to sit at Vic Mathias/Auditorium Shores (SB),Other,TBD,2024,Open,05/01/2024 12:00:00 AM
6,Vic Mathias/Auditorium Shores (SB),95,SR23000679,Transit stop Vic Mathias/Auditorium Shores (SB) needs weather shelter,Missing Shelter,CapMetro,2024,Open,04/15/2024 12:00:00 AM
6,Vic Mathias/Auditorium Shores (SB),95,SR23000680,Request shelter installation at Vic Mathias/Auditorium Shores (SB),Missing Shelter,CapMetro,2023,Open,02/02/2023 12:00:00 AM
6,Vic Mathias/Auditorium Shores (SB),95,SR23000681,Bus stop at Vic Mathias/Auditorium Shores (SB) missing shelter - riders exposed to weather,Missing Shelter,CapMetro,2025,Open,03/28/2025 12:00:00 AM
6,Vic Mathias/Auditorium Shores (SB),95,SR23000682,Bus stop at Vic Mathias/Auditorium Shores (SB) missing shelter - riders exposed to weather,Missing Shelter,CapMetro,2023,Open,11/22/2023 12:00:00 AM
6,Vic Mathias/Auditorium Shores (SB),95,SR23000683,No shelter at Vic Mathias/Auditorium Shores (SB) transit stop,Missing Shelter,CapMetro,2023,Open,03/15/2023 12:00:00 AM
6,Vic Mathias/Auditorium Shores (SB),95,SR23000684,No weather protection at Vic Mathias/Auditorium Shores (SB) transit stop,Missing Shelter,CapMetro,2025,Closed,12/29/2025 12:00:00 AM
6,Vic Mathias/Auditorium Shores (SB),95,SR23000685,No benches at Vic Mathias/Auditorium Shores (SB) bus stop,Missing Benches,CapMetro,2023,Open,09/16/2023 12:00:00 AM
6,Vic Mathias/Auditorium Shores (SB),95,SR23000686,Safety concerns at Vic Mathias/Auditorium Shores (SB) bus stop after dark,Safety (Lighting),City of Austin,2023,Closed,07/08/2023 12:00:00 AM
6,Vic Mathias/Auditorium Shores (SB),95,SR23000687,Transit stop Vic Mathias/Auditorium Shores (SB) needs shelter for rider protection,Missing Shelter,CapMetro,2024,Open,06/20/2024 12:00:00 AM
6,Vic Mathias/Auditorium Shores (SB),95,SR23000688,Missing seating at Vic Mathias/Auditorium Shores (SB) transit stop,Missing Benches,CapMetro,2025,Open,09/07/2025 12:00:00 AM
6,Vic Mathias/Auditorium Shores (SB),95,SR23000689,Bus stop at Vic Mathias/Auditorium Shores (SB) missing shelter - riders exposed to weather,Missing Shelter,CapMetro,2024,Open,12/17/2024 12:00:00 AM
6,Vic Mathias/Auditorium Shores (SB),95,SR23000690,Bus stop at Vic Mathias/Auditorium Shores (SB) missing shelter - riders exposed to weather,Missing Shelter,CapMetro,2024,Open,10/30/2024 12:00:00 AM
6,Vic Mathias/Auditorium Shores (SB),95,SR23000691,Riders have nowhere to sit at Vic Mathias/Auditorium Shores (SB),Other,TBD,2023,Open,02/26/2023 12:00:00 AM
6,Vic Mathias/Auditorium Shores (SB),95,SR23000692,No shelter at Vic Mathias/Auditorium Shores (SB) transit stop,Missing Shelter,CapMetro,2024,Closed,05/28/2024 12:00:00 AM
6,Vic Mathias/Auditorium Shores (SB),95,SR23000693,Riders getting wet at Vic Mathias/Auditorium Shores (SB) during rain,Weather Exposure,CapMetro,2026,Open,01/13/2026 12:00:00 AM
6,Vic Mathias/Auditorium Shores (SB),95,SR23000694,Request shelter installation at Vic Mathias/Auditorium Shores (SB),Missing Shelter,CapMetro,2024,Open,10/01/2024 12:00:00 AM
6,Vic Mathias/Auditorium Shores (SB),95,SR23000695,Bus stop at Vic Mathias/Auditorium Shores (SB) missing shelter - riders exposed to weather,Missing Shelter,CapMetro,2024,Open,02/10/2024 12:00:00 AM
6,Vic Mathias/Auditorium Shores (SB),95,SR23000696,Riders have nowhere to sit at Vic Mathias/Auditorium Shores (SB),Other,TBD,2023,Open,08/13/2023 12:00:00 AM
6,Vic Mathias/Auditorium Shores (SB),95,SR23000697,Request bench installation at Vic Mathias/Auditorium Shores (SB),Missing Benches,CapMetro,2024,Open,02/22/2024 12:00:00 AM
6,Vic Mathias/Auditorium Shores (SB),95,SR23000698,Transit stop Vic Mathias/Auditorium Shores (SB) needs weather shelter,Missing Shelter,CapMetro,2025,Open,03/26/2025 12:00:00 AM
6,Vic Mathias/Auditorium Shores (SB),95,SR23000699,Transit stop Vic Mathias/Auditorium Shores (SB) needs shelter for rider protection,Missing Shelter,CapMetro,2023,Closed,12/20/2023 12:00:00 AM
6,Vic Mathias/Auditorium Shores (SB),95,SR23000700,Bus stop at Vic Mathias/Auditorium Shores (SB) missing shelter - riders exposed to weather,Missing Shelter,CapMetro,2026,Closed,03/06/2026 12:00:00 AM
6,Vic Mathias/Auditorium Shores (SB),95,SR23000701,Request bench installation at Vic Mathias/Auditorium Shores (SB),Missing Benches,CapMetro,2025,Closed,12/30/2025 12:00:00 AM
6,Vic Mathias/Auditorium Shores (SB),95,SR23000702,Request shelter installation at Vic Mathias/Auditorium Shores (SB),Missing Shelter,CapMetro,2023,Closed,06/23/2023 12:00:00 AM
6,Vic Mathias/Auditorium Shores (SB),95,SR23000703,Riders getting wet at Vic Mathias/Auditorium Shores (SB) during rain,Weather Exposure,CapMetro,2025,Open,12/27/2025 12:00:00 AM
6,Vic Mathias/Auditorium Shores (SB),95,SR23000704,Riders have nowhere to sit at Vic Mathias/Auditorium Shores (SB),Other,TBD,2023,Open,11/08/2023 12:00:00 AM
6,Vic Mathias/Auditorium Shores (SB),95,SR23000705,Feeling unsafe waiting at Vic Mathias/Auditorium Shores (SB),Safety Concerns,City of Austin / CapMetro,2026,Open,02/03/2026 12:00:00 AM
6,Vic Mathias/Auditorium Shores (SB),95,SR23000706,Safety concerns at Vic Mathias/Auditorium Shores (SB) bus stop after dark,Safety (Lighting),City of Austin,2025,Closed,02/19/2025 12:00:00 AM
6,Vic Mathias/Auditorium Shores (SB),95,SR23000707,Transit stop Vic Mathias/Auditorium Shores (SB) needs shelter for rider protection,Missing Shelter,CapMetro,2025,Open,09/04/2025 12:00:00 AM
6,Vic Mathias/Auditorium Shores (SB),95,SR23000708,Feeling unsafe waiting at Vic Mathias/Auditorium Shores (SB),Safety Concerns,City of Austin / CapMetro,2024,Open,01/27/2024 12:00:00 AM
6,Vic Mathias/Auditorium Shores (SB),95,SR23000709,Riders getting wet at Vic Mathias/Auditorium Shores (SB) during rain,Weather Exposure,CapMetro,2026,Closed,01/22/2026 12:00:00 AM
6,Vic Mathias/Auditorium Shores (SB),95,SR23000710,Request safety improvements at Vic Mathias/Auditorium Shores (SB) stop,Safety Concerns,City of Austin / CapMetro,2023,Open,11/02/2023 12:00:00 AM
6,Vic Mathias/Auditorium Shores (SB),95,SR23000711,Bus stop at Vic Mathias/Auditorium Shores (SB) missing shelter - riders exposed to weather,Missing Shelter,CapMetro,2023,Open,02/07/2023 12:00:00 AM
6,Vic Mathias/Auditorium Shores (SB),95,SR23000712,Request bench installation at Vic Mathias/Auditorium Shores (SB),Missing Benches,CapMetro,2023,Open,05/04/2023 12:00:00 AM
6,Vic Mathias/Auditorium Shores (SB),95,SR23000713,No benches at Vic Mathias/Auditorium Shores (SB) bus stop,Missing Benches,CapMetro,2024,Open,11/26/2024 12:00:00 AM
6,Vic Mathias/Auditorium Shores (SB),95,SR23000714,Request bench installation at Vic Mathias/Auditorium Shores (SB),Missing Benches,CapMetro,2024,Open,08/10/2024 12:00:00 AM
6,Vic Mathias/Auditorium Shores (SB),95,SR23000715,No weather protection at Vic Mathias/Auditorium Shores (SB) transit stop,Missing Shelter,CapMetro,2025,Open,01/11/2025 12:00:00 AM
6,Vic Mathias/Auditorium Shores (SB),95,SR23000716,No weather protection at Vic Mathias/Auditorium Shores (SB) transit stop,Missing Shelter,CapMetro,2024,Open,03/11/2024 12:00:00 AM
6,Vic Mathias/Auditorium Shores (SB),95,SR23000717,Transit stop Vic Mathias/Auditorium Shores (SB) needs shelter for rider protection,Missing Shelter,CapMetro,2023,Open,06/06/2023 12:00:00 AM
6,Vic Mathias/Auditorium Shores (SB),95,SR23000718,Riders have nowhere to sit at Vic Mathias/Auditorium Shores (SB),Other,TBD,2024,Open,02/27/2024 12:00:00 AM
6,Vic Mathias/Auditorium Shores (SB),95,SR23000719,Request shelter installation at Vic Mathias/Auditorium Shores (SB),Missing Shelter,CapMetro,2026,Open,01/17/2026 12:00:00 AM
7,Guadalupe/4th,92,SR23000720,Riders have nowhere to sit at Guadalupe/4th,Sidewalk/ADA,City of Austin,2023,Open,10/22/2023 12:00:00 AM
7,Guadalupe/4th,92,SR23000721,No benches at Guadalupe/4th bus stop,Missing Benches,CapMetro,2024,Open,10/17/2024 12:00:00 AM
7,Guadalupe/4th,92,SR23000722,Missing seating at Guadalupe/4th transit stop,Missing Benches,CapMetro,2023,Open,06/23/2023 12:00:00 AM
7,Guadalupe/4th,92,SR23000723,Request safety improvements at Guadalupe/4th stop,Safety Concerns,City of Austin / CapMetro,2023,Closed,02/05/2023 12:00:00 AM
7,Guadalupe/4th,92,SR23000724,Missing seating at Guadalupe/4th transit stop,Missing Benches,CapMetro,2023,Open,09/05/2023 12:00:00 AM
7,Guadalupe/4th,92,SR23000725,Missing seating at Guadalupe/4th transit stop,Missing Benches,CapMetro,2025,Closed,04/09/2025 12:00:00 AM
7,Guadalupe/4th,92,SR23000726,Feeling unsafe waiting at Guadalupe/4th,Safety Concerns,City of Austin / CapMetro,2026,Closed,02/26/2026 12:00:00 AM
7,Guadalupe/4th,92,SR23000727,Bus stop at Guadalupe/4th missing shelter - riders exposed to weather,Missing Shelter,CapMetro,2023,Open,01/26/2023 12:00:00 AM
7,Guadalupe/4th,92,SR23000728,Transit stop Guadalupe/4th needs shelter for rider protection,Missing Shelter,CapMetro,2023,Open,08/20/2023 12:00:00 AM
7,Guadalupe/4th,92,SR23000729,No benches at Guadalupe/4th bus stop,Missing Benches,CapMetro,2023,Open,01/09/2023 12:00:00 AM
7,Guadalupe/4th,92,SR23000730,Bus stop Guadalupe/4th exposed to extreme heat/sun,Weather Exposure,CapMetro,2026,Open,01/11/2026 12:00:00 AM
7,Guadalupe/4th,92,SR23000731,No shelter at Guadalupe/4th transit stop,Missing Shelter,CapMetro,2025,Open,05/08/2025 12:00:00 AM
7,Guadalupe/4th,92,SR23000732,Riders have nowhere to sit at Guadalupe/4th,Sidewalk/ADA,City of Austin,2026,Open,03/09/2026 12:00:00 AM
7,Guadalupe/4th,92,SR23000733,Request bench installation at Guadalupe/4th,Missing Benches,CapMetro,2025,Open,11/05/2025 12:00:00 AM
7,Guadalupe/4th,92,SR23000734,Request bench installation at Guadalupe/4th,Missing Benches,CapMetro,2025,Open,03/16/2025 12:00:00 AM
7,Guadalupe/4th,92,SR23000735,Transit stop Guadalupe/4th needs weather shelter,Missing Shelter,CapMetro,2023,Open,10/05/2023 12:00:00 AM
7,Guadalupe/4th,92,SR23000736,Missing seating at Guadalupe/4th transit stop,Missing Benches,CapMetro,2024,Open,05/17/2024 12:00:00 AM
7,Guadalupe/4th,92,SR23000737,No weather protection at Guadalupe/4th transit stop,Missing Shelter,CapMetro,2024,Open,05/20/2024 12:00:00 AM
7,Guadalupe/4th,92,SR23000738,Request bench installation at Guadalupe/4th,Missing Benches,CapMetro,2025,Closed,03/31/2025 12:00:00 AM
7,Guadalupe/4th,92,SR23000739,Riders have nowhere to sit at Guadalupe/4th,Sidewalk/ADA,City of Austin,2025,Open,03/02/2025 12:00:00 AM
7,Guadalupe/4th,92,SR23000740,No benches at Guadalupe/4th bus stop,Missing Benches,CapMetro,2023,Open,06/24/2023 12:00:00 AM
7,Guadalupe/4th,92,SR23000741,No benches at Guadalupe/4th bus stop,Missing Benches,CapMetro,2023,Open,01/06/2023 12:00:00 AM
7,Guadalupe/4th,92,SR23000742,Request shelter installation at Guadalupe/4th,Missing Shelter,CapMetro,2026,Open,04/08/2026 12:00:00 AM
7,Guadalupe/4th,92,SR23000743,Bus stop at Guadalupe/4th missing shelter - riders exposed to weather,Missing Shelter,CapMetro,2023,Open,10/23/2023 12:00:00 AM
7,Guadalupe/4th,92,SR23000744,Request bench installation at Guadalupe/4th,Missing Benches,CapMetro,2025,Open,10/09/2025 12:00:00 AM
7,Guadalupe/4th,92,SR23000745,Transit stop Guadalupe/4th needs shelter for rider protection,Missing Shelter,CapMetro,2026,Open,01/16/2026 12:00:00 AM
7,Guadalupe/4th,92,SR23000746,No shelter at Guadalupe/4th transit stop,Missing Shelter,CapMetro,2024,Open,08/23/2024 12:00:00 AM
7,Guadalupe/4th,92,SR23000747,No weather protection at Guadalupe/4th transit stop,Missing Shelter,CapMetro,2024,Open,06/06/2024 12:00:00 AM
7,Guadalupe/4th,92,SR23000748,Missing seating at Guadalupe/4th transit stop,Missing Benches,CapMetro,2025,Open,07/08/2025 12:00:00 AM
7,Guadalupe/4th,92,SR23000749,Transit stop Guadalupe/4th needs weather shelter,Missing Shelter,CapMetro,2025,Closed,07/25/2025 12:00:00 AM
7,Guadalupe/4th,92,SR23000750,Missing seating at Guadalupe/4th transit stop,Missing Benches,CapMetro,2023,Open,12/31/2023 12:00:00 AM
7,Guadalupe/4th,92,SR23000751,Request bench installation at Guadalupe/4th,Missing Benches,CapMetro,2025,Open,06/23/2025 12:00:00 AM
7,Guadalupe/4th,92,SR23000752,No shelter at Guadalupe/4th transit stop,Missing Shelter,CapMetro,2024,Open,07/27/2024 12:00:00 AM
7,Guadalupe/4th,92,SR23000753,Riders have nowhere to sit at Guadalupe/4th,Sidewalk/ADA,City of Austin,2024,Open,02/12/2024 12:00:00 AM
7,Guadalupe/4th,92,SR23000754,Request bench installation at Guadalupe/4th,Missing Benches,CapMetro,2024,Open,05/02/2024 12:00:00 AM
7,Guadalupe/4th,92,SR23000755,Request shelter installation at Guadalupe/4th,Missing Shelter,CapMetro,2025,Open,12/23/2025 12:00:00 AM
7,Guadalupe/4th,92,SR23000756,No benches at Guadalupe/4th bus stop,Missing Benches,CapMetro,2024,Open,07/30/2024 12:00:00 AM
7,Guadalupe/4th,92,SR23000757,Transit stop Guadalupe/4th needs shelter for rider protection,Missing Shelter,CapMetro,2024,Closed,08/16/2024 12:00:00 AM
7,Guadalupe/4th,92,SR23000758,No benches at Guadalupe/4th bus stop,Missing Benches,CapMetro,2023,Open,11/07/2023 12:00:00 AM
7,Guadalupe/4th,92,SR23000759,Bus stop at Guadalupe/4th missing shelter - riders exposed to weather,Missing Shelter,CapMetro,2025,Open,12/22/2025 12:00:00 AM
7,Guadalupe/4th,92,SR23000760,No weather protection at Guadalupe/4th transit stop,Missing Shelter,CapMetro,2024,Open,05/21/2024 12:00:00 AM
7,Guadalupe/4th,92,SR23000761,Safety concerns at Guadalupe/4th bus stop after dark,Safety (Lighting),City of Austin,2025,Open,12/13/2025 12:00:00 AM
7,Guadalupe/4th,92,SR23000762,Riders getting wet at Guadalupe/4th during rain,Weather Exposure,CapMetro,2023,Closed,10/17/2023 12:00:00 AM
7,Guadalupe/4th,92,SR23000763,Bus stop at Guadalupe/4th missing shelter - riders exposed to weather,Missing Shelter,CapMetro,2025,Closed,08/07/2025 12:00:00 AM
7,Guadalupe/4th,92,SR23000764,No shelter at Guadalupe/4th transit stop,Missing Shelter,CapMetro,2025,Open,12/18/2025 12:00:00 AM
7,Guadalupe/4th,92,SR23000765,Riders getting wet at Guadalupe/4th during rain,Weather Exposure,CapMetro,2026,Open,01/30/2026 12:00:00 AM
7,Guadalupe/4th,92,SR23000766,Bus stop at Guadalupe/4th missing shelter - riders exposed to weather,Missing Shelter,CapMetro,2023,Open,05/30/2023 12:00:00 AM
7,Guadalupe/4th,92,SR23000767,No shelter at Guadalupe/4th transit stop,Missing Shelter,CapMetro,2025,Open,06/13/2025 12:00:00 AM
7,Guadalupe/4th,92,SR23000768,Riders have nowhere to sit at Guadalupe/4th,Sidewalk/ADA,City of Austin,2024,Open,05/27/2024 12:00:00 AM
7,Guadalupe/4th,92,SR23000769,Transit stop Guadalupe/4th needs weather shelter,Missing Shelter,CapMetro,2025,Open,04/11/2025 12:00:00 AM
7,Guadalupe/4th,92,SR23000770,Bus stop at Guadalupe/4th missing shelter - riders exposed to weather,Missing Shelter,CapMetro,2024,Closed,04/21/2024 12:00:00 AM
7,Guadalupe/4th,92,SR23000771,Missing seating at Guadalupe/4th transit stop,Missing Benches,CapMetro,2025,Open,06/15/2025 12:00:00 AM
7,Guadalupe/4th,92,SR23000772,Request bench installation at Guadalupe/4th,Missing Benches,CapMetro,2025,Open,06/01/2025 12:00:00 AM
7,Guadalupe/4th,92,SR23000773,Transit stop Guadalupe/4th needs weather shelter,Missing Shelter,CapMetro,2024,Open,01/19/2024 12:00:00 AM
7,Guadalupe/4th,92,SR23000774,Request shelter installation at Guadalupe/4th,Missing Shelter,CapMetro,2025,Open,12/07/2025 12:00:00 AM
7,Guadalupe/4th,92,SR23000775,Riders have nowhere to sit at Guadalupe/4th,Sidewalk/ADA,City of Austin,2024,Open,06/01/2024 12:00:00 AM
7,Guadalupe/4th,92,SR23000776,Missing seating at Guadalupe/4th transit stop,Missing Benches,CapMetro,2023,Closed,08/02/2023 12:00:00 AM
7,Guadalupe/4th,92,SR23000777,Request shelter installation at Guadalupe/4th,Missing Shelter,CapMetro,2024,Closed,09/13/2024 12:00:00 AM
7,Guadalupe/4th,92,SR23000778,Bus stop Guadalupe/4th exposed to extreme heat/sun,Weather Exposure,CapMetro,2025,Open,12/09/2025 12:00:00 AM
7,Guadalupe/4th,92,SR23000779,Transit stop Guadalupe/4th needs weather shelter,Missing Shelter,CapMetro,2023,Open,11/28/2023 12:00:00 AM
7,Guadalupe/4th,92,SR23000780,Request bench installation at Guadalupe/4th,Missing Benches,CapMetro,2026,Open,01/18/2026 12:00:00 AM
7,Guadalupe/4th,92,SR23000781,No shelter at Guadalupe/4th transit stop,Missing Shelter,CapMetro,2023,Open,12/20/2023 12:00:00 AM
7,Guadalupe/4th,92,SR23000782,Bus stop at Guadalupe/4th missing shelter - riders exposed to weather,Missing Shelter,CapMetro,2024,Open,07/06/2024 12:00:00 AM
7,Guadalupe/4th,92,SR23000783,Bus stop Guadalupe/4th exposed to extreme heat/sun,Weather Exposure,CapMetro,2024,Closed,02/09/2024 12:00:00 AM
7,Guadalupe/4th,92,SR23000784,Request shelter installation at Guadalupe/4th,Missing Shelter,CapMetro,2025,Open,03/24/2025 12:00:00 AM
7,Guadalupe/4th,92,SR23000785,Transit stop Guadalupe/4th needs better lighting,Safety (Lighting),City of Austin,2025,Open,02/01/2025 12:00:00 AM
7,Guadalupe/4th,92,SR23000786,Feeling unsafe waiting at Guadalupe/4th,Safety Concerns,City of Austin / CapMetro,2024,Open,10/22/2024 12:00:00 AM
7,Guadalupe/4th,92,SR23000787,Transit stop Guadalupe/4th needs shelter for rider protection,Missing Shelter,CapMetro,2025,Open,08/09/2025 12:00:00 AM
7,Guadalupe/4th,92,SR23000788,Transit stop Guadalupe/4th needs shelter for rider protection,Missing Shelter,CapMetro,2024,Open,11/12/2024 12:00:00 AM
7,Guadalupe/4th,92,SR23000789,Transit stop Guadalupe/4th needs shelter for rider protection,Missing Shelter,CapMetro,2023,Closed,08/22/2023 12:00:00 AM
7,Guadalupe/4th,92,SR23000790,Request bench installation at Guadalupe/4th,Missing Benches,CapMetro,2023,Closed,07/10/2023 12:00:00 AM
7,Guadalupe/4th,92,SR23000791,Request bench installation at Guadalupe/4th,Missing Benches,CapMetro,2023,Open,02/17/2023 12:00:00 AM
7,Guadalupe/4th,92,SR23000792,No shelter at Guadalupe/4th transit stop,Missing Shelter,CapMetro,2025,Open,03/17/2025 12:00:00 AM
7,Guadalupe/4th,92,SR23000793,Transit stop Guadalupe/4th needs shelter for rider protection,Missing Shelter,CapMetro,2023,Open,03/08/2023 12:00:00 AM
7,Guadalupe/4th,92,SR23000794,Request safety improvements at Guadalupe/4th stop,Safety Concerns,City of Austin / CapMetro,2024,Open,08/25/2024 12:00:00 AM
7,Guadalupe/4th,92,SR23000795,Bus stop at Guadalupe/4th missing shelter - riders exposed to weather,Missing Shelter,CapMetro,2024,Open,03/24/2024 12:00:00 AM
7,Guadalupe/4th,92,SR23000796,Safety concerns at Guadalupe/4th bus stop after dark,Safety (Lighting),City of Austin,2025,Open,12/03/2025 12:00:00 AM
7,Guadalupe/4th,92,SR23000797,Request bench installation at Guadalupe/4th,Missing Benches,CapMetro,2025,Open,06/11/2025 12:00:00 AM
7,Guadalupe/4th,92,SR23000798,Transit stop Guadalupe/4th needs weather shelter,Missing Shelter,CapMetro,2025,Open,11/12/2025 12:00:00 AM
7,Guadalupe/4th,92,SR23000799,No shelter at Guadalupe/4th transit stop,Missing Shelter,CapMetro,2025,Open,03/18/2025 12:00:00 AM
7,Guadalupe/4th,92,SR23000800,Riders getting wet at Guadalupe/4th during rain,Weather Exposure,CapMetro,2025,Closed,11/07/2025 12:00:00 AM
7,Guadalupe/4th,92,SR23000801,Transit stop Guadalupe/4th needs better lighting,Safety (Lighting),City of Austin,2025,Open,05/07/2025 12:00:00 AM
7,Guadalupe/4th,92,SR23000802,No shelter at Guadalupe/4th transit stop,Missing Shelter,CapMetro,2026,Closed,01/10/2026 12:00:00 AM
7,Guadalupe/4th,92,SR23000803,Bus stop at Guadalupe/4th missing shelter - riders exposed to weather,Missing Shelter,CapMetro,2025,Closed,05/29/2025 12:00:00 AM
7,Guadalupe/4th,92,SR23000804,Riders getting wet at Guadalupe/4th during rain,Weather Exposure,CapMetro,2025,Open,04/18/2025 12:00:00 AM
7,Guadalupe/4th,92,SR23000805,Request safety improvements at Guadalupe/4th stop,Safety Concerns,City of Austin / CapMetro,2023,Open,03/15/2023 12:00:00 AM
7,Guadalupe/4th,92,SR23000806,Request safety improvements at Guadalupe/4th stop,Safety Concerns,City of Austin / CapMetro,2025,Open,01/19/2025 12:00:00 AM
7,Guadalupe/4th,92,SR23000807,Request bench installation at Guadalupe/4th,Missing Benches,CapMetro,2024,Open,05/08/2024 12:00:00 AM
7,Guadalupe/4th,92,SR23000808,Riders have nowhere to sit at Guadalupe/4th,Sidewalk/ADA,City of Austin,2024,Open,04/30/2024 12:00:00 AM
7,Guadalupe/4th,92,SR23000809,Request shelter installation at Guadalupe/4th,Missing Shelter,CapMetro,2025,Open,03/27/2025 12:00:00 AM
7,Guadalupe/4th,92,SR23000810,No shelter at Guadalupe/4th transit stop,Missing Shelter,CapMetro,2025,Open,07/25/2025 12:00:00 AM
7,Guadalupe/4th,92,SR23000811,Missing seating at Guadalupe/4th transit stop,Missing Benches,CapMetro,2023,Open,06/13/2023 12:00:00 AM
8,115 7Th/Colorado,88,SR23000812,Riders have nowhere to sit at 115 7Th/Colorado,Other,TBD,2025,Open,07/28/2025 12:00:00 AM
8,115 7Th/Colorado,88,SR23000813,Request bench installation at 115 7Th/Colorado,Missing Benches,CapMetro,2023,Open,08/01/2023 12:00:00 AM
8,115 7Th/Colorado,88,SR23000814,Riders have nowhere to sit at 115 7Th/Colorado,Other,TBD,2025,Open,01/26/2025 12:00:00 AM
8,115 7Th/Colorado,88,SR23000815,No shelter at 115 7Th/Colorado transit stop,Missing Shelter,CapMetro,2025,Open,01/16/2025 12:00:00 AM
8,115 7Th/Colorado,88,SR23000816,Missing seating at 115 7Th/Colorado transit stop,Missing Benches,CapMetro,2024,Open,06/23/2024 12:00:00 AM
8,115 7Th/Colorado,88,SR23000817,No benches at 115 7Th/Colorado bus stop,Missing Benches,CapMetro,2025,Closed,08/16/2025 12:00:00 AM
8,115 7Th/Colorado,88,SR23000818,Request safety improvements at 115 7Th/Colorado stop,Safety Concerns,City of Austin / CapMetro,2023,Open,12/29/2023 12:00:00 AM
8,115 7Th/Colorado,88,SR23000819,Transit stop 115 7Th/Colorado needs shelter for rider protection,Missing Shelter,CapMetro,2025,Open,09/29/2025 12:00:00 AM
8,115 7Th/Colorado,88,SR23000820,Transit stop 115 7Th/Colorado needs shelter for rider protection,Missing Shelter,CapMetro,2024,Open,10/30/2024 12:00:00 AM
8,115 7Th/Colorado,88,SR23000821,Riders getting wet at 115 7Th/Colorado during rain,Weather Exposure,CapMetro,2023,Open,02/21/2023 12:00:00 AM
8,115 7Th/Colorado,88,SR23000822,Bus stop at 115 7Th/Colorado missing shelter - riders exposed to weather,Missing Shelter,CapMetro,2025,Open,04/29/2025 12:00:00 AM
8,115 7Th/Colorado,88,SR23000823,Transit stop 115 7Th/Colorado needs shelter for rider protection,Missing Shelter,CapMetro,2024,Open,01/15/2024 12:00:00 AM
8,115 7Th/Colorado,88,SR23000824,Riders have nowhere to sit at 115 7Th/Colorado,Other,TBD,2024,Open,04/05/2024 12:00:00 AM
8,115 7Th/Colorado,88,SR23000825,Transit stop 115 7Th/Colorado needs shelter for rider protection,Missing Shelter,CapMetro,2025,Open,06/23/2025 12:00:00 AM
8,115 7Th/Colorado,88,SR23000826,Riders have nowhere to sit at 115 7Th/Colorado,Other,TBD,2023,Open,08/07/2023 12:00:00 AM
8,115 7Th/Colorado,88,SR23000827,Transit stop 115 7Th/Colorado needs shelter for rider protection,Missing Shelter,CapMetro,2024,Open,08/01/2024 12:00:00 AM
8,115 7Th/Colorado,88,SR23000828,Riders getting wet at 115 7Th/Colorado during rain,Weather Exposure,CapMetro,2024,Open,12/26/2024 12:00:00 AM
8,115 7Th/Colorado,88,SR23000829,No weather protection at 115 7Th/Colorado transit stop,Missing Shelter,CapMetro,2024,Closed,12/31/2024 12:00:00 AM
8,115 7Th/Colorado,88,SR23000830,Riders have nowhere to sit at 115 7Th/Colorado,Other,TBD,2023,Open,07/04/2023 12:00:00 AM
8,115 7Th/Colorado,88,SR23000831,No shelter at 115 7Th/Colorado transit stop,Missing Shelter,CapMetro,2023,Open,05/19/2023 12:00:00 AM
8,115 7Th/Colorado,88,SR23000832,No benches at 115 7Th/Colorado bus stop,Missing Benches,CapMetro,2023,Open,12/26/2023 12:00:00 AM
8,115 7Th/Colorado,88,SR23000833,Transit stop 115 7Th/Colorado needs weather shelter,Missing Shelter,CapMetro,2023,Open,09/05/2023 12:00:00 AM
8,115 7Th/Colorado,88,SR23000834,Bus stop at 115 7Th/Colorado missing shelter - riders exposed to weather,Missing Shelter,CapMetro,2023,Open,09/10/2023 12:00:00 AM
8,115 7Th/Colorado,88,SR23000835,No benches at 115 7Th/Colorado bus stop,Missing Benches,CapMetro,2024,Closed,11/11/2024 12:00:00 AM
8,115 7Th/Colorado,88,SR23000836,No shelter at 115 7Th/Colorado transit stop,Missing Shelter,CapMetro,2024,Open,07/15/2024 12:00:00 AM
8,115 7Th/Colorado,88,SR23000837,Transit stop 115 7Th/Colorado needs shelter for rider protection,Missing Shelter,CapMetro,2023,Open,05/30/2023 12:00:00 AM
8,115 7Th/Colorado,88,SR23000838,No shelter at 115 7Th/Colorado transit stop,Missing Shelter,CapMetro,2024,Open,01/14/2024 12:00:00 AM
8,115 7Th/Colorado,88,SR23000839,No shelter at 115 7Th/Colorado transit stop,Missing Shelter,CapMetro,2024,Open,09/22/2024 12:00:00 AM
8,115 7Th/Colorado,88,SR23000840,Transit stop 115 7Th/Colorado needs weather shelter,Missing Shelter,CapMetro,2023,Open,01/22/2023 12:00:00 AM
8,115 7Th/Colorado,88,SR23000841,Riders have nowhere to sit at 115 7Th/Colorado,Other,TBD,2024,Open,04/08/2024 12:00:00 AM
8,115 7Th/Colorado,88,SR23000842,Bus stop at 115 7Th/Colorado missing shelter - riders exposed to weather,Missing Shelter,CapMetro,2025,Open,11/23/2025 12:00:00 AM
8,115 7Th/Colorado,88,SR23000843,Missing seating at 115 7Th/Colorado transit stop,Missing Benches,CapMetro,2025,Closed,12/05/2025 12:00:00 AM
8,115 7Th/Colorado,88,SR23000844,Bus stop at 115 7Th/Colorado missing shelter - riders exposed to weather,Missing Shelter,CapMetro,2025,Closed,11/29/2025 12:00:00 AM
8,115 7Th/Colorado,88,SR23000845,Request shelter installation at 115 7Th/Colorado,Missing Shelter,CapMetro,2025,Closed,04/18/2025 12:00:00 AM
8,115 7Th/Colorado,88,SR23000846,Bus stop at 115 7Th/Colorado missing shelter - riders exposed to weather,Missing Shelter,CapMetro,2025,Closed,06/04/2025 12:00:00 AM
8,115 7Th/Colorado,88,SR23000847,Request shelter installation at 115 7Th/Colorado,Missing Shelter,CapMetro,2023,Open,01/22/2023 12:00:00 AM
8,115 7Th/Colorado,88,SR23000848,Request bench installation at 115 7Th/Colorado,Missing Benches,CapMetro,2024,Open,06/12/2024 12:00:00 AM
8,115 7Th/Colorado,88,SR23000849,No benches at 115 7Th/Colorado bus stop,Missing Benches,CapMetro,2025,Open,05/10/2025 12:00:00 AM
8,115 7Th/Colorado,88,SR23000850,Transit stop 115 7Th/Colorado needs shelter for rider protection,Missing Shelter,CapMetro,2025,Open,03/20/2025 12:00:00 AM
8,115 7Th/Colorado,88,SR23000851,Request shelter installation at 115 7Th/Colorado,Missing Shelter,CapMetro,2024,Closed,09/02/2024 12:00:00 AM
8,115 7Th/Colorado,88,SR23000852,Bus stop at 115 7Th/Colorado missing shelter - riders exposed to weather,Missing Shelter,CapMetro,2023,Closed,05/19/2023 12:00:00 AM
8,115 7Th/Colorado,88,SR23000853,Bus stop at 115 7Th/Colorado missing shelter - riders exposed to weather,Missing Shelter,CapMetro,2023,Open,10/04/2023 12:00:00 AM
8,115 7Th/Colorado,88,SR23000854,No benches at 115 7Th/Colorado bus stop,Missing Benches,CapMetro,2024,Open,02/09/2024 12:00:00 AM
8,115 7Th/Colorado,88,SR23000855,Bus stop 115 7Th/Colorado exposed to extreme heat/sun,Weather Exposure,CapMetro,2025,Open,12/05/2025 12:00:00 AM
8,115 7Th/Colorado,88,SR23000856,Transit stop 115 7Th/Colorado needs weather shelter,Missing Shelter,CapMetro,2023,Closed,10/03/2023 12:00:00 AM
8,115 7Th/Colorado,88,SR23000857,Request shelter installation at 115 7Th/Colorado,Missing Shelter,CapMetro,2025,Closed,02/10/2025 12:00:00 AM
8,115 7Th/Colorado,88,SR23000858,Riders getting wet at 115 7Th/Colorado during rain,Weather Exposure,CapMetro,2024,Open,09/03/2024 12:00:00 AM
8,115 7Th/Colorado,88,SR23000859,Riders getting wet at 115 7Th/Colorado during rain,Weather Exposure,CapMetro,2023,Open,11/10/2023 12:00:00 AM
8,115 7Th/Colorado,88,SR23000860,Request shelter installation at 115 7Th/Colorado,Missing Shelter,CapMetro,2025,Closed,02/02/2025 12:00:00 AM
8,115 7Th/Colorado,88,SR23000861,Request shelter installation at 115 7Th/Colorado,Missing Shelter,CapMetro,2025,Open,08/17/2025 12:00:00 AM
8,115 7Th/Colorado,88,SR23000862,Transit stop 115 7Th/Colorado needs shelter for rider protection,Missing Shelter,CapMetro,2023,Open,10/20/2023 12:00:00 AM
8,115 7Th/Colorado,88,SR23000863,No shelter at 115 7Th/Colorado transit stop,Missing Shelter,CapMetro,2026,Open,01/23/2026 12:00:00 AM
8,115 7Th/Colorado,88,SR23000864,Request shelter installation at 115 7Th/Colorado,Missing Shelter,CapMetro,2023,Open,12/06/2023 12:00:00 AM
8,115 7Th/Colorado,88,SR23000865,No benches at 115 7Th/Colorado bus stop,Missing Benches,CapMetro,2025,Open,02/13/2025 12:00:00 AM
8,115 7Th/Colorado,88,SR23000866,Feeling unsafe waiting at 115 7Th/Colorado,Safety Concerns,City of Austin / CapMetro,2023,Open,11/11/2023 12:00:00 AM
8,115 7Th/Colorado,88,SR23000867,Transit stop 115 7Th/Colorado needs shelter for rider protection,Missing Shelter,CapMetro,2023,Open,05/17/2023 12:00:00 AM
8,115 7Th/Colorado,88,SR23000868,No shelter at 115 7Th/Colorado transit stop,Missing Shelter,CapMetro,2023,Closed,11/04/2023 12:00:00 AM
8,115 7Th/Colorado,88,SR23000869,Safety concerns at 115 7Th/Colorado bus stop after dark,Safety (Lighting),City of Austin,2023,Open,09/30/2023 12:00:00 AM
8,115 7Th/Colorado,88,SR23000870,Transit stop 115 7Th/Colorado needs shelter for rider protection,Missing Shelter,CapMetro,2023,Open,09/24/2023 12:00:00 AM
8,115 7Th/Colorado,88,SR23000871,Bus stop at 115 7Th/Colorado missing shelter - riders exposed to weather,Missing Shelter,CapMetro,2024,Closed,03/17/2024 12:00:00 AM
8,115 7Th/Colorado,88,SR23000872,Bus stop at 115 7Th/Colorado missing shelter - riders exposed to weather,Missing Shelter,CapMetro,2024,Open,08/16/2024 12:00:00 AM
8,115 7Th/Colorado,88,SR23000873,Transit stop 115 7Th/Colorado needs shelter for rider protection,Missing Shelter,CapMetro,2025,Open,01/03/2025 12:00:00 AM
8,115 7Th/Colorado,88,SR23000874,Request bench installation at 115 7Th/Colorado,Missing Benches,CapMetro,2023,Open,01/26/2023 12:00:00 AM
8,115 7Th/Colorado,88,SR23000875,Riders getting wet at 115 7Th/Colorado during rain,Weather Exposure,CapMetro,2024,Open,08/29/2024 12:00:00 AM
8,115 7Th/Colorado,88,SR23000876,Riders getting wet at 115 7Th/Colorado during rain,Weather Exposure,CapMetro,2023,Open,06/10/2023 12:00:00 AM
8,115 7Th/Colorado,88,SR23000877,Transit stop 115 7Th/Colorado needs shelter for rider protection,Missing Shelter,CapMetro,2025,Closed,07/15/2025 12:00:00 AM
8,115 7Th/Colorado,88,SR23000878,Bus stop 115 7Th/Colorado exposed to extreme heat/sun,Weather Exposure,CapMetro,2025,Open,03/09/2025 12:00:00 AM
8,115 7Th/Colorado,88,SR23000879,No shelter at 115 7Th/Colorado transit stop,Missing Shelter,CapMetro,2024,Open,03/21/2024 12:00:00 AM
8,115 7Th/Colorado,88,SR23000880,Riders getting wet at 115 7Th/Colorado during rain,Weather Exposure,CapMetro,2023,Closed,04/21/2023 12:00:00 AM
8,115 7Th/Colorado,88,SR23000881,No weather protection at 115 7Th/Colorado transit stop,Missing Shelter,CapMetro,2024,Open,08/15/2024 12:00:00 AM
8,115 7Th/Colorado,88,SR23000882,No benches at 115 7Th/Colorado bus stop,Missing Benches,CapMetro,2025,Open,12/30/2025 12:00:00 AM
8,115 7Th/Colorado,88,SR23000883,No benches at 115 7Th/Colorado bus stop,Missing Benches,CapMetro,2023,Open,03/16/2023 12:00:00 AM
8,115 7Th/Colorado,88,SR23000884,Bus stop 115 7Th/Colorado exposed to extreme heat/sun,Weather Exposure,CapMetro,2023,Open,05/17/2023 12:00:00 AM
8,115 7Th/Colorado,88,SR23000885,Bus stop at 115 7Th/Colorado missing shelter - riders exposed to weather,Missing Shelter,CapMetro,2023,Open,12/28/2023 12:00:00 AM
8,115 7Th/Colorado,88,SR23000886,No shelter at 115 7Th/Colorado transit stop,Missing Shelter,CapMetro,2025,Open,06/26/2025 12:00:00 AM
8,115 7Th/Colorado,88,SR23000887,Riders getting wet at 115 7Th/Colorado during rain,Weather Exposure,CapMetro,2024,Open,03/28/2024 12:00:00 AM
8,115 7Th/Colorado,88,SR23000888,Safety concerns at 115 7Th/Colorado bus stop after dark,Safety (Lighting),City of Austin,2023,Open,05/12/2023 12:00:00 AM
8,115 7Th/Colorado,88,SR23000889,Transit stop 115 7Th/Colorado needs shelter for rider protection,Missing Shelter,CapMetro,2023,Closed,04/26/2023 12:00:00 AM
8,115 7Th/Colorado,88,SR23000890,Transit stop 115 7Th/Colorado needs shelter for rider protection,Missing Shelter,CapMetro,2024,Open,12/20/2024 12:00:00 AM
8,115 7Th/Colorado,88,SR23000891,Bus stop 115 7Th/Colorado exposed to extreme heat/sun,Weather Exposure,CapMetro,2025,Closed,07/14/2025 12:00:00 AM
8,115 7Th/Colorado,88,SR23000892,No shelter at 115 7Th/Colorado transit stop,Missing Shelter,CapMetro,2023,Open,10/26/2023 12:00:00 AM
8,115 7Th/Colorado,88,SR23000893,Transit stop 115 7Th/Colorado needs shelter for rider protection,Missing Shelter,CapMetro,2025,Open,09/28/2025 12:00:00 AM
8,115 7Th/Colorado,88,SR23000894,No shelter at 115 7Th/Colorado transit stop,Missing Shelter,CapMetro,2025,Open,12/16/2025 12:00:00 AM
8,115 7Th/Colorado,88,SR23000895,No benches at 115 7Th/Colorado bus stop,Missing Benches,CapMetro,2023,Open,08/26/2023 12:00:00 AM
8,115 7Th/Colorado,88,SR23000896,Riders getting wet at 115 7Th/Colorado during rain,Weather Exposure,CapMetro,2025,Open,07/10/2025 12:00:00 AM
8,115 7Th/Colorado,88,SR23000897,Riders have nowhere to sit at 115 7Th/Colorado,Other,TBD,2025,Closed,07/08/2025 12:00:00 AM
8,115 7Th/Colorado,88,SR23000898,Request shelter installation at 115 7Th/Colorado,Missing Shelter,CapMetro,2023,Closed,05/11/2023 12:00:00 AM
8,115 7Th/Colorado,88,SR23000899,Request bench installation at 115 7Th/Colorado,Missing Benches,CapMetro,2023,Open,07/30/2023 12:00:00 AM
9,501 Pleasant Valley/5th,85,SR23000900,Bus stop at 501 Pleasant Valley/5th missing shelter - riders exposed to weather,Missing Shelter,CapMetro,2023,Closed,12/23/2023 12:00:00 AM
9,501 Pleasant Valley/5th,85,SR23000901,Request shelter installation at 501 Pleasant Valley/5th,Missing Shelter,CapMetro,2026,Open,03/29/2026 12:00:00 AM
9,501 Pleasant Valley/5th,85,SR23000902,Bus stop at 501 Pleasant Valley/5th missing shelter - riders exposed to weather,Missing Shelter,CapMetro,2023,Open,01/21/2023 12:00:00 AM
9,501 Pleasant Valley/5th,85,SR23000903,No shelter at 501 Pleasant Valley/5th transit stop,Missing Shelter,CapMetro,2023,Open,01/19/2023 12:00:00 AM
9,501 Pleasant Valley/5th,85,SR23000904,Bus stop at 501 Pleasant Valley/5th missing shelter - riders exposed to weather,Missing Shelter,CapMetro,2026,Open,03/31/2026 12:00:00 AM
9,501 Pleasant Valley/5th,85,SR23000905,Bus stop at 501 Pleasant Valley/5th missing shelter - riders exposed to weather,Missing Shelter,CapMetro,2023,Open,12/24/2023 12:00:00 AM
9,501 Pleasant Valley/5th,85,SR23000906,Missing seating at 501 Pleasant Valley/5th transit stop,Missing Benches,CapMetro,2024,Closed,11/09/2024 12:00:00 AM
9,501 Pleasant Valley/5th,85,SR23000907,Request bench installation at 501 Pleasant Valley/5th,Missing Benches,CapMetro,2023,Open,04/13/2023 12:00:00 AM
9,501 Pleasant Valley/5th,85,SR23000908,No shelter at 501 Pleasant Valley/5th transit stop,Missing Shelter,CapMetro,2025,Closed,07/15/2025 12:00:00 AM
9,501 Pleasant Valley/5th,85,SR23000909,Request bench installation at 501 Pleasant Valley/5th,Missing Benches,CapMetro,2025,Open,12/24/2025 12:00:00 AM
9,501 Pleasant Valley/5th,85,SR23000910,Request bench installation at 501 Pleasant Valley/5th,Missing Benches,CapMetro,2026,Closed,01/23/2026 12:00:00 AM
9,501 Pleasant Valley/5th,85,SR23000911,Missing seating at 501 Pleasant Valley/5th transit stop,Missing Benches,CapMetro,2024,Closed,12/24/2024 12:00:00 AM
9,501 Pleasant Valley/5th,85,SR23000912,Request bench installation at 501 Pleasant Valley/5th,Missing Benches,CapMetro,2024,Open,12/09/2024 12:00:00 AM
9,501 Pleasant Valley/5th,85,SR23000913,Transit stop 501 Pleasant Valley/5th needs shelter for rider protection,Missing Shelter,CapMetro,2025,Open,06/03/2025 12:00:00 AM
9,501 Pleasant Valley/5th,85,SR23000914,Riders getting wet at 501 Pleasant Valley/5th during rain,Weather Exposure,CapMetro,2023,Closed,07/12/2023 12:00:00 AM
9,501 Pleasant Valley/5th,85,SR23000915,Bus stop 501 Pleasant Valley/5th exposed to extreme heat/sun,Weather Exposure,CapMetro,2023,Open,08/09/2023 12:00:00 AM
9,501 Pleasant Valley/5th,85,SR23000916,Transit stop 501 Pleasant Valley/5th needs better lighting,Safety (Lighting),City of Austin,2025,Open,05/03/2025 12:00:00 AM
9,501 Pleasant Valley/5th,85,SR23000917,Bus stop at 501 Pleasant Valley/5th missing shelter - riders exposed to weather,Missing Shelter,CapMetro,2023,Open,08/25/2023 12:00:00 AM
9,501 Pleasant Valley/5th,85,SR23000918,Bus stop 501 Pleasant Valley/5th exposed to extreme heat/sun,Weather Exposure,CapMetro,2025,Closed,09/26/2025 12:00:00 AM
9,501 Pleasant Valley/5th,85,SR23000919,Feeling unsafe waiting at 501 Pleasant Valley/5th,Safety Concerns,City of Austin / CapMetro,2023,Closed,02/04/2023 12:00:00 AM
9,501 Pleasant Valley/5th,85,SR23000920,Request bench installation at 501 Pleasant Valley/5th,Missing Benches,CapMetro,2025,Open,02/25/2025 12:00:00 AM
9,501 Pleasant Valley/5th,85,SR23000921,Transit stop 501 Pleasant Valley/5th needs shelter for rider protection,Missing Shelter,CapMetro,2025,Open,04/11/2025 12:00:00 AM
9,501 Pleasant Valley/5th,85,SR23000922,Riders getting wet at 501 Pleasant Valley/5th during rain,Weather Exposure,CapMetro,2025,Open,04/04/2025 12:00:00 AM
9,501 Pleasant Valley/5th,85,SR23000923,Missing seating at 501 Pleasant Valley/5th transit stop,Missing Benches,CapMetro,2023,Open,01/03/2023 12:00:00 AM
9,501 Pleasant Valley/5th,85,SR23000924,Bus stop at 501 Pleasant Valley/5th missing shelter - riders exposed to weather,Missing Shelter,CapMetro,2024,Open,09/04/2024 12:00:00 AM
9,501 Pleasant Valley/5th,85,SR23000925,Transit stop 501 Pleasant Valley/5th needs shelter for rider protection,Missing Shelter,CapMetro,2023,Open,10/27/2023 12:00:00 AM
9,501 Pleasant Valley/5th,85,SR23000926,Bus stop at 501 Pleasant Valley/5th missing shelter - riders exposed to weather,Missing Shelter,CapMetro,2024,Open,10/06/2024 12:00:00 AM
9,501 Pleasant Valley/5th,85,SR23000927,Bus stop 501 Pleasant Valley/5th exposed to extreme heat/sun,Weather Exposure,CapMetro,2024,Open,12/28/2024 12:00:00 AM
9,501 Pleasant Valley/5th,85,SR23000928,Riders getting wet at 501 Pleasant Valley/5th during rain,Weather Exposure,CapMetro,2023,Open,04/27/2023 12:00:00 AM
9,501 Pleasant Valley/5th,85,SR23000929,Feeling unsafe waiting at 501 Pleasant Valley/5th,Safety Concerns,City of Austin / CapMetro,2024,Open,05/25/2024 12:00:00 AM
9,501 Pleasant Valley/5th,85,SR23000930,Transit stop 501 Pleasant Valley/5th needs shelter for rider protection,Missing Shelter,CapMetro,2023,Open,03/06/2023 12:00:00 AM
9,501 Pleasant Valley/5th,85,SR23000931,No shelter at 501 Pleasant Valley/5th transit stop,Missing Shelter,CapMetro,2023,Open,03/07/2023 12:00:00 AM
9,501 Pleasant Valley/5th,85,SR23000932,Bus stop 501 Pleasant Valley/5th exposed to extreme heat/sun,Weather Exposure,CapMetro,2024,Open,03/20/2024 12:00:00 AM
9,501 Pleasant Valley/5th,85,SR23000933,No weather protection at 501 Pleasant Valley/5th transit stop,Missing Shelter,CapMetro,2023,Open,12/29/2023 12:00:00 AM
9,501 Pleasant Valley/5th,85,SR23000934,Request bench installation at 501 Pleasant Valley/5th,Missing Benches,CapMetro,2023,Open,11/03/2023 12:00:00 AM
9,501 Pleasant Valley/5th,85,SR23000935,Transit stop 501 Pleasant Valley/5th needs shelter for rider protection,Missing Shelter,CapMetro,2023,Open,03/31/2023 12:00:00 AM
9,501 Pleasant Valley/5th,85,SR23000936,Transit stop 501 Pleasant Valley/5th needs shelter for rider protection,Missing Shelter,CapMetro,2025,Open,12/12/2025 12:00:00 AM
9,501 Pleasant Valley/5th,85,SR23000937,Missing seating at 501 Pleasant Valley/5th transit stop,Missing Benches,CapMetro,2026,Open,03/07/2026 12:00:00 AM
9,501 Pleasant Valley/5th,85,SR23000938,Bus stop at 501 Pleasant Valley/5th missing shelter - riders exposed to weather,Missing Shelter,CapMetro,2024,Closed,11/01/2024 12:00:00 AM
9,501 Pleasant Valley/5th,85,SR23000939,Bus stop at 501 Pleasant Valley/5th missing shelter - riders exposed to weather,Missing Shelter,CapMetro,2025,Open,04/11/2025 12:00:00 AM
9,501 Pleasant Valley/5th,85,SR23000940,No shelter at 501 Pleasant Valley/5th transit stop,Missing Shelter,CapMetro,2025,Open,04/29/2025 12:00:00 AM
9,501 Pleasant Valley/5th,85,SR23000941,Riders have nowhere to sit at 501 Pleasant Valley/5th,Other,TBD,2025,Open,07/24/2025 12:00:00 AM
9,501 Pleasant Valley/5th,85,SR23000942,Transit stop 501 Pleasant Valley/5th needs better lighting,Safety (Lighting),City of Austin,2024,Closed,01/11/2024 12:00:00 AM
9,501 Pleasant Valley/5th,85,SR23000943,Bus stop 501 Pleasant Valley/5th exposed to extreme heat/sun,Weather Exposure,CapMetro,2024,Open,02/26/2024 12:00:00 AM
9,501 Pleasant Valley/5th,85,SR23000944,No weather protection at 501 Pleasant Valley/5th transit stop,Missing Shelter,CapMetro,2025,Open,05/20/2025 12:00:00 AM
9,501 Pleasant Valley/5th,85,SR23000945,Request bench installation at 501 Pleasant Valley/5th,Missing Benches,CapMetro,2023,Open,12/16/2023 12:00:00 AM
9,501 Pleasant Valley/5th,85,SR23000946,No weather protection at 501 Pleasant Valley/5th transit stop,Missing Shelter,CapMetro,2024,Closed,01/13/2024 12:00:00 AM
9,501 Pleasant Valley/5th,85,SR23000947,Transit stop 501 Pleasant Valley/5th needs shelter for rider protection,Missing Shelter,CapMetro,2024,Open,02/07/2024 12:00:00 AM
9,501 Pleasant Valley/5th,85,SR23000948,Safety concerns at 501 Pleasant Valley/5th bus stop after dark,Safety (Lighting),City of Austin,2023,Open,09/11/2023 12:00:00 AM
9,501 Pleasant Valley/5th,85,SR23000949,No weather protection at 501 Pleasant Valley/5th transit stop,Missing Shelter,CapMetro,2023,Open,09/23/2023 12:00:00 AM
9,501 Pleasant Valley/5th,85,SR23000950,Missing seating at 501 Pleasant Valley/5th transit stop,Missing Benches,CapMetro,2023,Closed,03/16/2023 12:00:00 AM
9,501 Pleasant Valley/5th,85,SR23000951,No weather protection at 501 Pleasant Valley/5th transit stop,Missing Shelter,CapMetro,2023,Open,02/19/2023 12:00:00 AM
9,501 Pleasant Valley/5th,85,SR23000952,Transit stop 501 Pleasant Valley/5th needs shelter for rider protection,Missing Shelter,CapMetro,2024,Open,07/28/2024 12:00:00 AM
9,501 Pleasant Valley/5th,85,SR23000953,Missing seating at 501 Pleasant Valley/5th transit stop,Missing Benches,CapMetro,2023,Closed,02/12/2023 12:00:00 AM
9,501 Pleasant Valley/5th,85,SR23000954,Request shelter installation at 501 Pleasant Valley/5th,Missing Shelter,CapMetro,2025,Open,10/17/2025 12:00:00 AM
9,501 Pleasant Valley/5th,85,SR23000955,Request bench installation at 501 Pleasant Valley/5th,Missing Benches,CapMetro,2025,Open,09/11/2025 12:00:00 AM
9,501 Pleasant Valley/5th,85,SR23000956,Bus stop at 501 Pleasant Valley/5th missing shelter - riders exposed to weather,Missing Shelter,CapMetro,2023,Closed,11/04/2023 12:00:00 AM
9,501 Pleasant Valley/5th,85,SR23000957,Riders getting wet at 501 Pleasant Valley/5th during rain,Weather Exposure,CapMetro,2025,Open,09/08/2025 12:00:00 AM
9,501 Pleasant Valley/5th,85,SR23000958,Request shelter installation at 501 Pleasant Valley/5th,Missing Shelter,CapMetro,2024,Open,03/22/2024 12:00:00 AM
9,501 Pleasant Valley/5th,85,SR23000959,No benches at 501 Pleasant Valley/5th bus stop,Missing Benches,CapMetro,2024,Open,07/16/2024 12:00:00 AM
9,501 Pleasant Valley/5th,85,SR23000960,Request shelter installation at 501 Pleasant Valley/5th,Missing Shelter,CapMetro,2025,Open,10/03/2025 12:00:00 AM
9,501 Pleasant Valley/5th,85,SR23000961,No benches at 501 Pleasant Valley/5th bus stop,Missing Benches,CapMetro,2025,Open,05/20/2025 12:00:00 AM
9,501 Pleasant Valley/5th,85,SR23000962,Riders have nowhere to sit at 501 Pleasant Valley/5th,Other,TBD,2023,Open,07/04/2023 12:00:00 AM
9,501 Pleasant Valley/5th,85,SR23000963,Request shelter installation at 501 Pleasant Valley/5th,Missing Shelter,CapMetro,2026,Open,02/16/2026 12:00:00 AM
9,501 Pleasant Valley/5th,85,SR23000964,No shelter at 501 Pleasant Valley/5th transit stop,Missing Shelter,CapMetro,2024,Open,05/21/2024 12:00:00 AM
9,501 Pleasant Valley/5th,85,SR23000965,Request bench installation at 501 Pleasant Valley/5th,Missing Benches,CapMetro,2024,Open,04/11/2024 12:00:00 AM
9,501 Pleasant Valley/5th,85,SR23000966,Riders getting wet at 501 Pleasant Valley/5th during rain,Weather Exposure,CapMetro,2023,Open,01/19/2023 12:00:00 AM
9,501 Pleasant Valley/5th,85,SR23000967,Bus stop 501 Pleasant Valley/5th exposed to extreme heat/sun,Weather Exposure,CapMetro,2023,Open,03/07/2023 12:00:00 AM
9,501 Pleasant Valley/5th,85,SR23000968,No shelter at 501 Pleasant Valley/5th transit stop,Missing Shelter,CapMetro,2023,Open,09/03/2023 12:00:00 AM
9,501 Pleasant Valley/5th,85,SR23000969,Riders have nowhere to sit at 501 Pleasant Valley/5th,Other,TBD,2024,Open,09/26/2024 12:00:00 AM
9,501 Pleasant Valley/5th,85,SR23000970,Bus stop at 501 Pleasant Valley/5th missing shelter - riders exposed to weather,Missing Shelter,CapMetro,2025,Open,05/20/2025 12:00:00 AM
9,501 Pleasant Valley/5th,85,SR23000971,Transit stop 501 Pleasant Valley/5th needs weather shelter,Missing Shelter,CapMetro,2025,Open,05/19/2025 12:00:00 AM
9,501 Pleasant Valley/5th,85,SR23000972,No benches at 501 Pleasant Valley/5th bus stop,Missing Benches,CapMetro,2025,Open,08/22/2025 12:00:00 AM
9,501 Pleasant Valley/5th,85,SR23000973,Request shelter installation at 501 Pleasant Valley/5th,Missing Shelter,CapMetro,2025,Open,05/18/2025 12:00:00 AM
9,501 Pleasant Valley/5th,85,SR23000974,Bus stop 501 Pleasant Valley/5th exposed to extreme heat/sun,Weather Exposure,CapMetro,2025,Closed,02/09/2025 12:00:00 AM
9,501 Pleasant Valley/5th,85,SR23000975,No benches at 501 Pleasant Valley/5th bus stop,Missing Benches,CapMetro,2026,Open,02/26/2026 12:00:00 AM
9,501 Pleasant Valley/5th,85,SR23000976,Transit stop 501 Pleasant Valley/5th needs weather shelter,Missing Shelter,CapMetro,2024,Closed,05/06/2024 12:00:00 AM
9,501 Pleasant Valley/5th,85,SR23000977,Bus stop at 501 Pleasant Valley/5th missing shelter - riders exposed to weather,Missing Shelter,CapMetro,2026,Open,03/16/2026 12:00:00 AM
9,501 Pleasant Valley/5th,85,SR23000978,Bus stop 501 Pleasant Valley/5th exposed to extreme heat/sun,Weather Exposure,CapMetro,2025,Closed,04/02/2025 12:00:00 AM
9,501 Pleasant Valley/5th,85,SR23000979,No benches at 501 Pleasant Valley/5th bus stop,Missing Benches,CapMetro,2023,Closed,04/07/2023 12:00:00 AM
9,501 Pleasant Valley/5th,85,SR23000980,Feeling unsafe waiting at 501 Pleasant Valley/5th,Safety Concerns,City of Austin / CapMetro,2025,Open,05/30/2025 12:00:00 AM
9,501 Pleasant Valley/5th,85,SR23000981,Request shelter installation at 501 Pleasant Valley/5th,Missing Shelter,CapMetro,2025,Open,02/05/2025 12:00:00 AM
9,501 Pleasant Valley/5th,85,SR23000982,Safety concerns at 501 Pleasant Valley/5th bus stop after dark,Safety (Lighting),City of Austin,2024,Open,03/18/2024 12:00:00 AM
9,501 Pleasant Valley/5th,85,SR23000983,Request shelter installation at 501 Pleasant Valley/5th,Missing Shelter,CapMetro,2024,Open,12/24/2024 12:00:00 AM
9,501 Pleasant Valley/5th,85,SR23000984,Transit stop 501 Pleasant Valley/5th needs weather shelter,Missing Shelter,CapMetro,2023,Open,10/11/2023 12:00:00 AM
10,Republic Square Station (NB),82,SR23000985,Request safety improvements at Republic Square Station (NB) stop,Safety Concerns,City of Austin / CapMetro,2023,Open,02/21/2023 12:00:00 AM
10,Republic Square Station (NB),82,SR23000986,Bus stop at Republic Square Station (NB) missing shelter - riders exposed to weather,Missing Shelter,CapMetro,2024,Open,01/02/2024 12:00:00 AM
10,Republic Square Station (NB),82,SR23000987,Bus stop at Republic Square Station (NB) missing shelter - riders exposed to weather,Missing Shelter,CapMetro,2024,Open,06/16/2024 12:00:00 AM
10,Republic Square Station (NB),82,SR23000988,Request bench installation at Republic Square Station (NB),Missing Benches,CapMetro,2024,Open,01/15/2024 12:00:00 AM
10,Republic Square Station (NB),82,SR23000989,Request bench installation at Republic Square Station (NB),Missing Benches,CapMetro,2023,Closed,09/07/2023 12:00:00 AM
10,Republic Square Station (NB),82,SR23000990,No weather protection at Republic Square Station (NB) transit stop,Missing Shelter,CapMetro,2023,Open,11/19/2023 12:00:00 AM
10,Republic Square Station (NB),82,SR23000991,Transit stop Republic Square Station (NB) needs shelter for rider protection,Missing Shelter,CapMetro,2025,Open,10/10/2025 12:00:00 AM
10,Republic Square Station (NB),82,SR23000992,Riders getting wet at Republic Square Station (NB) during rain,Weather Exposure,CapMetro,2026,Open,02/26/2026 12:00:00 AM
10,Republic Square Station (NB),82,SR23000993,Bus stop at Republic Square Station (NB) missing shelter - riders exposed to weather,Missing Shelter,CapMetro,2024,Closed,06/28/2024 12:00:00 AM
10,Republic Square Station (NB),82,SR23000994,No shelter at Republic Square Station (NB) transit stop,Missing Shelter,CapMetro,2025,Open,12/26/2025 12:00:00 AM
10,Republic Square Station (NB),82,SR23000995,Transit stop Republic Square Station (NB) needs better lighting,Safety (Lighting),City of Austin,2023,Open,05/23/2023 12:00:00 AM
10,Republic Square Station (NB),82,SR23000996,Transit stop Republic Square Station (NB) needs shelter for rider protection,Missing Shelter,CapMetro,2025,Open,04/21/2025 12:00:00 AM
10,Republic Square Station (NB),82,SR23000997,Bus stop at Republic Square Station (NB) missing shelter - riders exposed to weather,Missing Shelter,CapMetro,2023,Open,04/09/2023 12:00:00 AM
10,Republic Square Station (NB),82,SR23000998,No benches at Republic Square Station (NB) bus stop,Missing Benches,CapMetro,2023,Closed,11/05/2023 12:00:00 AM
10,Republic Square Station (NB),82,SR23000999,Request shelter installation at Republic Square Station (NB),Missing Shelter,CapMetro,2024,Open,04/09/2024 12:00:00 AM
10,Republic Square Station (NB),82,SR23001000,No shelter at Republic Square Station (NB) transit stop,Missing Shelter,CapMetro,2023,Open,08/09/2023 12:00:00 AM
10,Republic Square Station (NB),82,SR23001001,Bus stop at Republic Square Station (NB) missing shelter - riders exposed to weather,Missing Shelter,CapMetro,2024,Open,04/03/2024 12:00:00 AM
10,Republic Square Station (NB),82,SR23001002,Missing seating at Republic Square Station (NB) transit stop,Missing Benches,CapMetro,2025,Closed,04/05/2025 12:00:00 AM
10,Republic Square Station (NB),82,SR23001003,Request shelter installation at Republic Square Station (NB),Missing Shelter,CapMetro,2026,Open,02/05/2026 12:00:00 AM
10,Republic Square Station (NB),82,SR23001004,Riders have nowhere to sit at Republic Square Station (NB),Other,TBD,2024,Open,08/16/2024 12:00:00 AM
10,Republic Square Station (NB),82,SR23001005,No benches at Republic Square Station (NB) bus stop,Missing Benches,CapMetro,2025,Open,10/30/2025 12:00:00 AM
10,Republic Square Station (NB),82,SR23001006,Request safety improvements at Republic Square Station (NB) stop,Safety Concerns,City of Austin / CapMetro,2025,Closed,11/12/2025 12:00:00 AM
10,Republic Square Station (NB),82,SR23001007,Request bench installation at Republic Square Station (NB),Missing Benches,CapMetro,2023,Closed,03/16/2023 12:00:00 AM
10,Republic Square Station (NB),82,SR23001008,Request safety improvements at Republic Square Station (NB) stop,Safety Concerns,City of Austin / CapMetro,2023,Closed,04/07/2023 12:00:00 AM
10,Republic Square Station (NB),82,SR23001009,Riders getting wet at Republic Square Station (NB) during rain,Weather Exposure,CapMetro,2023,Open,08/18/2023 12:00:00 AM
10,Republic Square Station (NB),82,SR23001010,Transit stop Republic Square Station (NB) needs better lighting,Safety (Lighting),City of Austin,2024,Closed,10/31/2024 12:00:00 AM
10,Republic Square Station (NB),82,SR23001011,Transit stop Republic Square Station (NB) needs shelter for rider protection,Missing Shelter,CapMetro,2026,Open,03/26/2026 12:00:00 AM
10,Republic Square Station (NB),82,SR23001012,Riders getting wet at Republic Square Station (NB) during rain,Weather Exposure,CapMetro,2024,Open,05/08/2024 12:00:00 AM
10,Republic Square Station (NB),82,SR23001013,Bus stop Republic Square Station (NB) exposed to extreme heat/sun,Weather Exposure,CapMetro,2025,Closed,10/20/2025 12:00:00 AM
10,Republic Square Station (NB),82,SR23001014,Request shelter installation at Republic Square Station (NB),Missing Shelter,CapMetro,2024,Open,07/25/2024 12:00:00 AM
10,Republic Square Station (NB),82,SR23001015,No weather protection at Republic Square Station (NB) transit stop,Missing Shelter,CapMetro,2025,Open,07/24/2025 12:00:00 AM
10,Republic Square Station (NB),82,SR23001016,No shelter at Republic Square Station (NB) transit stop,Missing Shelter,CapMetro,2024,Closed,06/14/2024 12:00:00 AM
10,Republic Square Station (NB),82,SR23001017,No weather protection at Republic Square Station (NB) transit stop,Missing Shelter,CapMetro,2023,Open,04/29/2023 12:00:00 AM
10,Republic Square Station (NB),82,SR23001018,Bus stop Republic Square Station (NB) exposed to extreme heat/sun,Weather Exposure,CapMetro,2025,Open,09/12/2025 12:00:00 AM
10,Republic Square Station (NB),82,SR23001019,No benches at Republic Square Station (NB) bus stop,Missing Benches,CapMetro,2024,Open,01/07/2024 12:00:00 AM
10,Republic Square Station (NB),82,SR23001020,No shelter at Republic Square Station (NB) transit stop,Missing Shelter,CapMetro,2024,Open,08/23/2024 12:00:00 AM
10,Republic Square Station (NB),82,SR23001021,Transit stop Republic Square Station (NB) needs shelter for rider protection,Missing Shelter,CapMetro,2025,Closed,12/22/2025 12:00:00 AM
10,Republic Square Station (NB),82,SR23001022,Request bench installation at Republic Square Station (NB),Missing Benches,CapMetro,2025,Closed,05/21/2025 12:00:00 AM
10,Republic Square Station (NB),82,SR23001023,No weather protection at Republic Square Station (NB) transit stop,Missing Shelter,CapMetro,2024,Open,09/26/2024 12:00:00 AM
10,Republic Square Station (NB),82,SR23001024,No benches at Republic Square Station (NB) bus stop,Missing Benches,CapMetro,2025,Open,01/19/2025 12:00:00 AM
10,Republic Square Station (NB),82,SR23001025,No shelter at Republic Square Station (NB) transit stop,Missing Shelter,CapMetro,2024,Open,09/19/2024 12:00:00 AM
10,Republic Square Station (NB),82,SR23001026,Request shelter installation at Republic Square Station (NB),Missing Shelter,CapMetro,2024,Open,11/19/2024 12:00:00 AM
10,Republic Square Station (NB),82,SR23001027,Transit stop Republic Square Station (NB) needs shelter for rider protection,Missing Shelter,CapMetro,2024,Closed,05/01/2024 12:00:00 AM
10,Republic Square Station (NB),82,SR23001028,Bus stop at Republic Square Station (NB) missing shelter - riders exposed to weather,Missing Shelter,CapMetro,2025,Open,07/07/2025 12:00:00 AM
10,Republic Square Station (NB),82,SR23001029,Request bench installation at Republic Square Station (NB),Missing Benches,CapMetro,2025,Open,02/23/2025 12:00:00 AM
10,Republic Square Station (NB),82,SR23001030,No benches at Republic Square Station (NB) bus stop,Missing Benches,CapMetro,2024,Open,10/13/2024 12:00:00 AM
10,Republic Square Station (NB),82,SR23001031,Transit stop Republic Square Station (NB) needs shelter for rider protection,Missing Shelter,CapMetro,2024,Open,09/25/2024 12:00:00 AM
10,Republic Square Station (NB),82,SR23001032,Request shelter installation at Republic Square Station (NB),Missing Shelter,CapMetro,2026,Open,04/09/2026 12:00:00 AM
10,Republic Square Station (NB),82,SR23001033,No shelter at Republic Square Station (NB) transit stop,Missing Shelter,CapMetro,2024,Open,10/05/2024 12:00:00 AM
10,Republic Square Station (NB),82,SR23001034,Request bench installation at Republic Square Station (NB),Missing Benches,CapMetro,2023,Open,05/18/2023 12:00:00 AM
10,Republic Square Station (NB),82,SR23001035,Bus stop at Republic Square Station (NB) missing shelter - riders exposed to weather,Missing Shelter,CapMetro,2025,Closed,06/30/2025 12:00:00 AM
10,Republic Square Station (NB),82,SR23001036,Feeling unsafe waiting at Republic Square Station (NB),Safety Concerns,City of Austin / CapMetro,2023,Open,08/22/2023 12:00:00 AM
10,Republic Square Station (NB),82,SR23001037,Riders have nowhere to sit at Republic Square Station (NB),Other,TBD,2025,Open,09/05/2025 12:00:00 AM
10,Republic Square Station (NB),82,SR23001038,Request safety improvements at Republic Square Station (NB) stop,Safety Concerns,City of Austin / CapMetro,2025,Open,01/08/2025 12:00:00 AM
10,Republic Square Station (NB),82,SR23001039,Riders have nowhere to sit at Republic Square Station (NB),Other,TBD,2023,Open,01/29/2023 12:00:00 AM
10,Republic Square Station (NB),82,SR23001040,No shelter at Republic Square Station (NB) transit stop,Missing Shelter,CapMetro,2024,Closed,05/27/2024 12:00:00 AM
10,Republic Square Station (NB),82,SR23001041,Request shelter installation at Republic Square Station (NB),Missing Shelter,CapMetro,2023,Closed,04/09/2023 12:00:00 AM
10,Republic Square Station (NB),82,SR23001042,Transit stop Republic Square Station (NB) needs better lighting,Safety (Lighting),City of Austin,2024,Open,08/09/2024 12:00:00 AM
10,Republic Square Station (NB),82,SR23001043,Bus stop at Republic Square Station (NB) missing shelter - riders exposed to weather,Missing Shelter,CapMetro,2025,Open,07/26/2025 12:00:00 AM
10,Republic Square Station (NB),82,SR23001044,Transit stop Republic Square Station (NB) needs weather shelter,Missing Shelter,CapMetro,2024,Closed,06/20/2024 12:00:00 AM
10,Republic Square Station (NB),82,SR23001045,No weather protection at Republic Square Station (NB) transit stop,Missing Shelter,CapMetro,2025,Open,04/20/2025 12:00:00 AM
10,Republic Square Station (NB),82,SR23001046,Riders have nowhere to sit at Republic Square Station (NB),Other,TBD,2026,Open,03/24/2026 12:00:00 AM
10,Republic Square Station (NB),82,SR23001047,Riders have nowhere to sit at Republic Square Station (NB),Other,TBD,2025,Open,07/21/2025 12:00:00 AM
10,Republic Square Station (NB),82,SR23001048,Request bench installation at Republic Square Station (NB),Missing Benches,CapMetro,2024,Open,10/23/2024 12:00:00 AM
10,Republic Square Station (NB),82,SR23001049,Transit stop Republic Square Station (NB) needs shelter for rider protection,Missing Shelter,CapMetro,2025,Open,01/20/2025 12:00:00 AM
10,Republic Square Station (NB),82,SR23001050,No benches at Republic Square Station (NB) bus stop,Missing Benches,CapMetro,2025,Open,04/04/2025 12:00:00 AM
10,Republic Square Station (NB),82,SR23001051,Missing seating at Republic Square Station (NB) transit stop,Missing Benches,CapMetro,2026,Open,02/14/2026 12:00:00 AM
10,Republic Square Station (NB),82,SR23001052,No weather protection at Republic Square Station (NB) transit stop,Missing Shelter,CapMetro,2025,Open,05/13/2025 12:00:00 AM
10,Republic Square Station (NB),82,SR23001053,Riders have nowhere to sit at Republic Square Station (NB),Other,TBD,2023,Open,08/15/2023 12:00:00 AM
10,Republic Square Station (NB),82,SR23001054,Riders have nowhere to sit at Republic Square Station (NB),Other,TBD,2025,Open,11/24/2025 12:00:00 AM
10,Republic Square Station (NB),82,SR23001055,Transit stop Republic Square Station (NB) needs weather shelter,Missing Shelter,CapMetro,2023,Open,03/15/2023 12:00:00 AM
10,Republic Square Station (NB),82,SR23001056,Request bench installation at Republic Square Station (NB),Missing Benches,CapMetro,2024,Open,01/30/2024 12:00:00 AM
10,Republic Square Station (NB),82,SR23001057,Request shelter installation at Republic Square Station (NB),Missing Shelter,CapMetro,2026,Open,01/13/2026 12:00:00 AM
10,Republic Square Station (NB),82,SR23001058,Bus stop at Republic Square Station (NB) missing shelter - riders exposed to weather,Missing Shelter,CapMetro,2023,Closed,06/11/2023 12:00:00 AM
10,Republic Square Station (NB),82,SR23001059,No shelter at Republic Square Station (NB) transit stop,Missing Shelter,CapMetro,2026,Open,03/14/2026 12:00:00 AM
10,Republic Square Station (NB),82,SR23001060,No shelter at Republic Square Station (NB) transit stop,Missing Shelter,CapMetro,2024,Open,02/25/2024 12:00:00 AM
10,Republic Square Station (NB),82,SR23001061,Transit stop Republic Square Station (NB) needs weather shelter,Missing Shelter,CapMetro,2023,Open,12/31/2023 12:00:00 AM
10,Republic Square Station (NB),82,SR23001062,No shelter at Republic Square Station (NB) transit stop,Missing Shelter,CapMetro,2024,Open,06/11/2024 12:00:00 AM
10,Republic Square Station (NB),82,SR23001063,Transit stop Republic Square Station (NB) needs better lighting,Safety (Lighting),City of Austin,2024,Open,01/15/2024 12:00:00 AM
10,Republic Square Station (NB),82,SR23001064,Bus stop Republic Square Station (NB) exposed to extreme heat/sun,Weather Exposure,CapMetro,2024,Open,05/13/2024 12:00:00 AM
10,Republic Square Station (NB),82,SR23001065,No benches at Republic Square Station (NB) bus stop,Missing Benches,CapMetro,2025,Open,01/08/2025 12:00:00 AM
10,Republic Square Station (NB),82,SR23001066,Request bench installation at Republic Square Station (NB),Missing Benches,CapMetro,2024,Open,02/24/2024 12:00:00 AM
11,Northcross Station (SB),78,SR23001067,Request shelter installation at Northcross Station (SB),Missing Shelter,CapMetro,2024,Open,08/04/2024 12:00:00 AM
11,Northcross Station (SB),78,SR23001068,Bus stop Northcross Station (SB) exposed to extreme heat/sun,Weather Exposure,CapMetro,2025,Open,08/03/2025 12:00:00 AM
11,Northcross Station (SB),78,SR23001069,Transit stop Northcross Station (SB) needs shelter for rider protection,Missing Shelter,CapMetro,2025,Closed,11/05/2025 12:00:00 AM
11,Northcross Station (SB),78,SR23001070,Bus stop at Northcross Station (SB) missing shelter - riders exposed to weather,Missing Shelter,CapMetro,2023,Open,04/30/2023 12:00:00 AM
11,Northcross Station (SB),78,SR23001071,Transit stop Northcross Station (SB) needs better lighting,Safety (Lighting),City of Austin,2025,Open,07/27/2025 12:00:00 AM
11,Northcross Station (SB),78,SR23001072,Bus stop at Northcross Station (SB) missing shelter - riders exposed to weather,Missing Shelter,CapMetro,2023,Closed,08/02/2023 12:00:00 AM
11,Northcross Station (SB),78,SR23001073,Bus stop Northcross Station (SB) exposed to extreme heat/sun,Weather Exposure,CapMetro,2025,Open,08/11/2025 12:00:00 AM
11,Northcross Station (SB),78,SR23001074,Transit stop Northcross Station (SB) needs shelter for rider protection,Missing Shelter,CapMetro,2023,Closed,10/20/2023 12:00:00 AM
11,Northcross Station (SB),78,SR23001075,Request shelter installation at Northcross Station (SB),Missing Shelter,CapMetro,2023,Open,07/27/2023 12:00:00 AM
11,Northcross Station (SB),78,SR23001076,No shelter at Northcross Station (SB) transit stop,Missing Shelter,CapMetro,2023,Open,07/10/2023 12:00:00 AM
11,Northcross Station (SB),78,SR23001077,Transit stop Northcross Station (SB) needs shelter for rider protection,Missing Shelter,CapMetro,2023,Open,12/09/2023 12:00:00 AM
11,Northcross Station (SB),78,SR23001078,Transit stop Northcross Station (SB) needs shelter for rider protection,Missing Shelter,CapMetro,2025,Open,09/12/2025 12:00:00 AM
11,Northcross Station (SB),78,SR23001079,No weather protection at Northcross Station (SB) transit stop,Missing Shelter,CapMetro,2023,Open,08/20/2023 12:00:00 AM
11,Northcross Station (SB),78,SR23001080,Riders getting wet at Northcross Station (SB) during rain,Weather Exposure,CapMetro,2024,Open,03/16/2024 12:00:00 AM
11,Northcross Station (SB),78,SR23001081,No shelter at Northcross Station (SB) transit stop,Missing Shelter,CapMetro,2023,Open,02/22/2023 12:00:00 AM
11,Northcross Station (SB),78,SR23001082,Missing seating at Northcross Station (SB) transit stop,Missing Benches,CapMetro,2024,Open,08/12/2024 12:00:00 AM
11,Northcross Station (SB),78,SR23001083,Feeling unsafe waiting at Northcross Station (SB),Safety Concerns,City of Austin / CapMetro,2026,Open,03/29/2026 12:00:00 AM
11,Northcross Station (SB),78,SR23001084,Bus stop Northcross Station (SB) exposed to extreme heat/sun,Weather Exposure,CapMetro,2025,Open,02/06/2025 12:00:00 AM
11,Northcross Station (SB),78,SR23001085,Missing seating at Northcross Station (SB) transit stop,Missing Benches,CapMetro,2023,Closed,08/26/2023 12:00:00 AM
11,Northcross Station (SB),78,SR23001086,Bus stop Northcross Station (SB) exposed to extreme heat/sun,Weather Exposure,CapMetro,2024,Open,07/06/2024 12:00:00 AM
11,Northcross Station (SB),78,SR23001087,Request shelter installation at Northcross Station (SB),Missing Shelter,CapMetro,2024,Closed,10/14/2024 12:00:00 AM
11,Northcross Station (SB),78,SR23001088,Transit stop Northcross Station (SB) needs shelter for rider protection,Missing Shelter,CapMetro,2025,Closed,06/09/2025 12:00:00 AM
11,Northcross Station (SB),78,SR23001089,Bus stop at Northcross Station (SB) missing shelter - riders exposed to weather,Missing Shelter,CapMetro,2023,Open,05/17/2023 12:00:00 AM
11,Northcross Station (SB),78,SR23001090,Bus stop at Northcross Station (SB) missing shelter - riders exposed to weather,Missing Shelter,CapMetro,2024,Open,05/23/2024 12:00:00 AM
11,Northcross Station (SB),78,SR23001091,Safety concerns at Northcross Station (SB) bus stop after dark,Safety (Lighting),City of Austin,2025,Open,04/28/2025 12:00:00 AM
11,Northcross Station (SB),78,SR23001092,Feeling unsafe waiting at Northcross Station (SB),Safety Concerns,City of Austin / CapMetro,2024,Closed,02/01/2024 12:00:00 AM
11,Northcross Station (SB),78,SR23001093,Bus stop Northcross Station (SB) exposed to extreme heat/sun,Weather Exposure,CapMetro,2024,Open,03/02/2024 12:00:00 AM
11,Northcross Station (SB),78,SR23001094,Bus stop at Northcross Station (SB) missing shelter - riders exposed to weather,Missing Shelter,CapMetro,2025,Open,01/06/2025 12:00:00 AM
11,Northcross Station (SB),78,SR23001095,Riders getting wet at Northcross Station (SB) during rain,Weather Exposure,CapMetro,2025,Open,12/04/2025 12:00:00 AM
11,Northcross Station (SB),78,SR23001096,Request bench installation at Northcross Station (SB),Missing Benches,CapMetro,2023,Open,05/23/2023 12:00:00 AM
11,Northcross Station (SB),78,SR23001097,Riders have nowhere to sit at Northcross Station (SB),Other,TBD,2023,Open,12/31/2023 12:00:00 AM
11,Northcross Station (SB),78,SR23001098,Riders getting wet at Northcross Station (SB) during rain,Weather Exposure,CapMetro,2025,Closed,08/18/2025 12:00:00 AM
11,Northcross Station (SB),78,SR23001099,Riders have nowhere to sit at Northcross Station (SB),Other,TBD,2025,Open,07/18/2025 12:00:00 AM
11,Northcross Station (SB),78,SR23001100,Bus stop Northcross Station (SB) exposed to extreme heat/sun,Weather Exposure,CapMetro,2023,Open,11/26/2023 12:00:00 AM
11,Northcross Station (SB),78,SR23001101,No weather protection at Northcross Station (SB) transit stop,Missing Shelter,CapMetro,2025,Open,09/29/2025 12:00:00 AM
11,Northcross Station (SB),78,SR23001102,Missing seating at Northcross Station (SB) transit stop,Missing Benches,CapMetro,2023,Closed,11/04/2023 12:00:00 AM
11,Northcross Station (SB),78,SR23001103,Safety concerns at Northcross Station (SB) bus stop after dark,Safety (Lighting),City of Austin,2024,Open,02/02/2024 12:00:00 AM
11,Northcross Station (SB),78,SR23001104,Bus stop at Northcross Station (SB) missing shelter - riders exposed to weather,Missing Shelter,CapMetro,2024,Closed,12/09/2024 12:00:00 AM
11,Northcross Station (SB),78,SR23001105,No shelter at Northcross Station (SB) transit stop,Missing Shelter,CapMetro,2025,Open,06/30/2025 12:00:00 AM
11,Northcross Station (SB),78,SR23001106,Safety concerns at Northcross Station (SB) bus stop after dark,Safety (Lighting),City of Austin,2025,Open,11/11/2025 12:00:00 AM
11,Northcross Station (SB),78,SR23001107,Missing seating at Northcross Station (SB) transit stop,Missing Benches,CapMetro,2023,Open,09/06/2023 12:00:00 AM
11,Northcross Station (SB),78,SR23001108,No shelter at Northcross Station (SB) transit stop,Missing Shelter,CapMetro,2025,Open,01/08/2025 12:00:00 AM
11,Northcross Station (SB),78,SR23001109,Request shelter installation at Northcross Station (SB),Missing Shelter,CapMetro,2026,Open,02/23/2026 12:00:00 AM
11,Northcross Station (SB),78,SR23001110,Riders have nowhere to sit at Northcross Station (SB),Other,TBD,2025,Closed,07/31/2025 12:00:00 AM
11,Northcross Station (SB),78,SR23001111,Riders getting wet at Northcross Station (SB) during rain,Weather Exposure,CapMetro,2024,Open,11/26/2024 12:00:00 AM
11,Northcross Station (SB),78,SR23001112,Request shelter installation at Northcross Station (SB),Missing Shelter,CapMetro,2024,Open,04/02/2024 12:00:00 AM
11,Northcross Station (SB),78,SR23001113,Riders have nowhere to sit at Northcross Station (SB),Other,TBD,2026,Closed,02/23/2026 12:00:00 AM
11,Northcross Station (SB),78,SR23001114,Riders have nowhere to sit at Northcross Station (SB),Other,TBD,2025,Open,04/30/2025 12:00:00 AM
11,Northcross Station (SB),78,SR23001115,Request shelter installation at Northcross Station (SB),Missing Shelter,CapMetro,2023,Open,11/25/2023 12:00:00 AM
11,Northcross Station (SB),78,SR23001116,Transit stop Northcross Station (SB) needs shelter for rider protection,Missing Shelter,CapMetro,2023,Open,12/14/2023 12:00:00 AM
11,Northcross Station (SB),78,SR23001117,Request shelter installation at Northcross Station (SB),Missing Shelter,CapMetro,2025,Open,09/07/2025 12:00:00 AM
11,Northcross Station (SB),78,SR23001118,Bus stop at Northcross Station (SB) missing shelter - riders exposed to weather,Missing Shelter,CapMetro,2023,Open,02/22/2023 12:00:00 AM
11,Northcross Station (SB),78,SR23001119,Riders getting wet at Northcross Station (SB) during rain,Weather Exposure,CapMetro,2024,Open,09/12/2024 12:00:00 AM
11,Northcross Station (SB),78,SR23001120,Transit stop Northcross Station (SB) needs shelter for rider protection,Missing Shelter,CapMetro,2024,Closed,08/05/2024 12:00:00 AM
11,Northcross Station (SB),78,SR23001121,Transit stop Northcross Station (SB) needs better lighting,Safety (Lighting),City of Austin,2025,Open,08/25/2025 12:00:00 AM
11,Northcross Station (SB),78,SR23001122,Missing seating at Northcross Station (SB) transit stop,Missing Benches,CapMetro,2023,Open,10/05/2023 12:00:00 AM
11,Northcross Station (SB),78,SR23001123,Transit stop Northcross Station (SB) needs weather shelter,Missing Shelter,CapMetro,2023,Closed,06/22/2023 12:00:00 AM
11,Northcross Station (SB),78,SR23001124,Missing seating at Northcross Station (SB) transit stop,Missing Benches,CapMetro,2023,Open,01/17/2023 12:00:00 AM
11,Northcross Station (SB),78,SR23001125,Missing seating at Northcross Station (SB) transit stop,Missing Benches,CapMetro,2025,Closed,06/26/2025 12:00:00 AM
11,Northcross Station (SB),78,SR23001126,No weather protection at Northcross Station (SB) transit stop,Missing Shelter,CapMetro,2023,Open,05/22/2023 12:00:00 AM
11,Northcross Station (SB),78,SR23001127,No shelter at Northcross Station (SB) transit stop,Missing Shelter,CapMetro,2024,Closed,12/25/2024 12:00:00 AM
11,Northcross Station (SB),78,SR23001128,No weather protection at Northcross Station (SB) transit stop,Missing Shelter,CapMetro,2024,Open,10/31/2024 12:00:00 AM
11,Northcross Station (SB),78,SR23001129,No benches at Northcross Station (SB) bus stop,Missing Benches,CapMetro,2025,Open,04/23/2025 12:00:00 AM
11,Northcross Station (SB),78,SR23001130,No benches at Northcross Station (SB) bus stop,Missing Benches,CapMetro,2025,Open,04/28/2025 12:00:00 AM
11,Northcross Station (SB),78,SR23001131,Missing seating at Northcross Station (SB) transit stop,Missing Benches,CapMetro,2023,Open,12/30/2023 12:00:00 AM
11,Northcross Station (SB),78,SR23001132,Riders have nowhere to sit at Northcross Station (SB),Other,TBD,2025,Open,04/13/2025 12:00:00 AM
11,Northcross Station (SB),78,SR23001133,No shelter at Northcross Station (SB) transit stop,Missing Shelter,CapMetro,2025,Open,07/21/2025 12:00:00 AM
11,Northcross Station (SB),78,SR23001134,Transit stop Northcross Station (SB) needs weather shelter,Missing Shelter,CapMetro,2025,Open,10/07/2025 12:00:00 AM
11,Northcross Station (SB),78,SR23001135,Missing seating at Northcross Station (SB) transit stop,Missing Benches,CapMetro,2025,Open,01/01/2025 12:00:00 AM
11,Northcross Station (SB),78,SR23001136,Transit stop Northcross Station (SB) needs shelter for rider protection,Missing Shelter,CapMetro,2024,Open,12/15/2024 12:00:00 AM
11,Northcross Station (SB),78,SR23001137,Missing seating at Northcross Station (SB) transit stop,Missing Benches,CapMetro,2025,Closed,07/15/2025 12:00:00 AM
11,Northcross Station (SB),78,SR23001138,Bus stop at Northcross Station (SB) missing shelter - riders exposed to weather,Missing Shelter,CapMetro,2023,Open,08/26/2023 12:00:00 AM
11,Northcross Station (SB),78,SR23001139,Request bench installation at Northcross Station (SB),Missing Benches,CapMetro,2023,Open,05/28/2023 12:00:00 AM
11,Northcross Station (SB),78,SR23001140,Transit stop Northcross Station (SB) needs weather shelter,Missing Shelter,CapMetro,2024,Open,09/02/2024 12:00:00 AM
11,Northcross Station (SB),78,SR23001141,No shelter at Northcross Station (SB) transit stop,Missing Shelter,CapMetro,2023,Open,02/11/2023 12:00:00 AM
11,Northcross Station (SB),78,SR23001142,Transit stop Northcross Station (SB) needs shelter for rider protection,Missing Shelter,CapMetro,2026,Closed,03/18/2026 12:00:00 AM
11,Northcross Station (SB),78,SR23001143,Bus stop at Northcross Station (SB) missing shelter - riders exposed to weather,Missing Shelter,CapMetro,2023,Open,12/13/2023 12:00:00 AM
11,Northcross Station (SB),78,SR23001144,No shelter at Northcross Station (SB) transit stop,Missing Shelter,CapMetro,2024,Open,01/22/2024 12:00:00 AM
12,Bluebonnet Station (SB),75,SR23001145,No benches at Bluebonnet Station (SB) bus stop,Missing Benches,CapMetro,2025,Open,02/26/2025 12:00:00 AM
12,Bluebonnet Station (SB),75,SR23001146,Bus stop at Bluebonnet Station (SB) missing shelter - riders exposed to weather,Missing Shelter,CapMetro,2024,Open,10/13/2024 12:00:00 AM
12,Bluebonnet Station (SB),75,SR23001147,Riders have nowhere to sit at Bluebonnet Station (SB),Other,TBD,2024,Open,10/05/2024 12:00:00 AM
12,Bluebonnet Station (SB),75,SR23001148,No benches at Bluebonnet Station (SB) bus stop,Missing Benches,CapMetro,2025,Open,12/06/2025 12:00:00 AM
12,Bluebonnet Station (SB),75,SR23001149,Safety concerns at Bluebonnet Station (SB) bus stop after dark,Safety (Lighting),City of Austin,2026,Open,02/27/2026 12:00:00 AM
12,Bluebonnet Station (SB),75,SR23001150,Missing seating at Bluebonnet Station (SB) transit stop,Missing Benches,CapMetro,2026,Closed,01/27/2026 12:00:00 AM
12,Bluebonnet Station (SB),75,SR23001151,No benches at Bluebonnet Station (SB) bus stop,Missing Benches,CapMetro,2024,Open,12/31/2024 12:00:00 AM
12,Bluebonnet Station (SB),75,SR23001152,No benches at Bluebonnet Station (SB) bus stop,Missing Benches,CapMetro,2024,Closed,01/22/2024 12:00:00 AM
12,Bluebonnet Station (SB),75,SR23001153,Missing seating at Bluebonnet Station (SB) transit stop,Missing Benches,CapMetro,2025,Open,06/07/2025 12:00:00 AM
12,Bluebonnet Station (SB),75,SR23001154,No benches at Bluebonnet Station (SB) bus stop,Missing Benches,CapMetro,2025,Open,05/11/2025 12:00:00 AM
12,Bluebonnet Station (SB),75,SR23001155,Request shelter installation at Bluebonnet Station (SB),Missing Shelter,CapMetro,2023,Open,11/15/2023 12:00:00 AM
12,Bluebonnet Station (SB),75,SR23001156,Riders getting wet at Bluebonnet Station (SB) during rain,Weather Exposure,CapMetro,2023,Open,01/28/2023 12:00:00 AM
12,Bluebonnet Station (SB),75,SR23001157,Request shelter installation at Bluebonnet Station (SB),Missing Shelter,CapMetro,2024,Closed,04/23/2024 12:00:00 AM
12,Bluebonnet Station (SB),75,SR23001158,No weather protection at Bluebonnet Station (SB) transit stop,Missing Shelter,CapMetro,2023,Open,08/04/2023 12:00:00 AM
12,Bluebonnet Station (SB),75,SR23001159,Request safety improvements at Bluebonnet Station (SB) stop,Safety Concerns,City of Austin / CapMetro,2024,Open,11/07/2024 12:00:00 AM
12,Bluebonnet Station (SB),75,SR23001160,Transit stop Bluebonnet Station (SB) needs shelter for rider protection,Missing Shelter,CapMetro,2024,Open,03/09/2024 12:00:00 AM
12,Bluebonnet Station (SB),75,SR23001161,Transit stop Bluebonnet Station (SB) needs shelter for rider protection,Missing Shelter,CapMetro,2025,Open,03/10/2025 12:00:00 AM
12,Bluebonnet Station (SB),75,SR23001162,Transit stop Bluebonnet Station (SB) needs shelter for rider protection,Missing Shelter,CapMetro,2025,Closed,01/01/2025 12:00:00 AM
12,Bluebonnet Station (SB),75,SR23001163,No weather protection at Bluebonnet Station (SB) transit stop,Missing Shelter,CapMetro,2025,Open,08/08/2025 12:00:00 AM
12,Bluebonnet Station (SB),75,SR23001164,No benches at Bluebonnet Station (SB) bus stop,Missing Benches,CapMetro,2025,Open,11/23/2025 12:00:00 AM
12,Bluebonnet Station (SB),75,SR23001165,Bus stop at Bluebonnet Station (SB) missing shelter - riders exposed to weather,Missing Shelter,CapMetro,2023,Open,08/01/2023 12:00:00 AM
12,Bluebonnet Station (SB),75,SR23001166,Transit stop Bluebonnet Station (SB) needs weather shelter,Missing Shelter,CapMetro,2026,Open,01/20/2026 12:00:00 AM
12,Bluebonnet Station (SB),75,SR23001167,Transit stop Bluebonnet Station (SB) needs better lighting,Safety (Lighting),City of Austin,2025,Open,02/02/2025 12:00:00 AM
12,Bluebonnet Station (SB),75,SR23001168,Bus stop Bluebonnet Station (SB) exposed to extreme heat/sun,Weather Exposure,CapMetro,2023,Open,09/14/2023 12:00:00 AM
12,Bluebonnet Station (SB),75,SR23001169,Transit stop Bluebonnet Station (SB) needs better lighting,Safety (Lighting),City of Austin,2025,Open,08/12/2025 12:00:00 AM
12,Bluebonnet Station (SB),75,SR23001170,Request shelter installation at Bluebonnet Station (SB),Missing Shelter,CapMetro,2025,Open,07/22/2025 12:00:00 AM
12,Bluebonnet Station (SB),75,SR23001171,Request bench installation at Bluebonnet Station (SB),Missing Benches,CapMetro,2025,Closed,06/17/2025 12:00:00 AM
12,Bluebonnet Station (SB),75,SR23001172,Safety concerns at Bluebonnet Station (SB) bus stop after dark,Safety (Lighting),City of Austin,2025,Open,08/21/2025 12:00:00 AM
12,Bluebonnet Station (SB),75,SR23001173,Bus stop Bluebonnet Station (SB) exposed to extreme heat/sun,Weather Exposure,CapMetro,2024,Open,01/08/2024 12:00:00 AM
12,Bluebonnet Station (SB),75,SR23001174,Riders have nowhere to sit at Bluebonnet Station (SB),Other,TBD,2026,Closed,02/23/2026 12:00:00 AM
12,Bluebonnet Station (SB),75,SR23001175,Bus stop at Bluebonnet Station (SB) missing shelter - riders exposed to weather,Missing Shelter,CapMetro,2023,Closed,05/03/2023 12:00:00 AM
12,Bluebonnet Station (SB),75,SR23001176,Transit stop Bluebonnet Station (SB) needs shelter for rider protection,Missing Shelter,CapMetro,2025,Open,05/26/2025 12:00:00 AM
12,Bluebonnet Station (SB),75,SR23001177,Riders getting wet at Bluebonnet Station (SB) during rain,Weather Exposure,CapMetro,2023,Open,08/26/2023 12:00:00 AM
12,Bluebonnet Station (SB),75,SR23001178,No benches at Bluebonnet Station (SB) bus stop,Missing Benches,CapMetro,2026,Closed,03/06/2026 12:00:00 AM
12,Bluebonnet Station (SB),75,SR23001179,Missing seating at Bluebonnet Station (SB) transit stop,Missing Benches,CapMetro,2024,Open,10/14/2024 12:00:00 AM
12,Bluebonnet Station (SB),75,SR23001180,Transit stop Bluebonnet Station (SB) needs shelter for rider protection,Missing Shelter,CapMetro,2024,Open,02/05/2024 12:00:00 AM
12,Bluebonnet Station (SB),75,SR23001181,Request shelter installation at Bluebonnet Station (SB),Missing Shelter,CapMetro,2023,Open,03/11/2023 12:00:00 AM
12,Bluebonnet Station (SB),75,SR23001182,No benches at Bluebonnet Station (SB) bus stop,Missing Benches,CapMetro,2026,Closed,02/01/2026 12:00:00 AM
12,Bluebonnet Station (SB),75,SR23001183,Transit stop Bluebonnet Station (SB) needs shelter for rider protection,Missing Shelter,CapMetro,2026,Open,01/03/2026 12:00:00 AM
12,Bluebonnet Station (SB),75,SR23001184,Request shelter installation at Bluebonnet Station (SB),Missing Shelter,CapMetro,2025,Closed,12/29/2025 12:00:00 AM
12,Bluebonnet Station (SB),75,SR23001185,No benches at Bluebonnet Station (SB) bus stop,Missing Benches,CapMetro,2024,Open,03/19/2024 12:00:00 AM
12,Bluebonnet Station (SB),75,SR23001186,Request shelter installation at Bluebonnet Station (SB),Missing Shelter,CapMetro,2025,Open,07/18/2025 12:00:00 AM
12,Bluebonnet Station (SB),75,SR23001187,Transit stop Bluebonnet Station (SB) needs better lighting,Safety (Lighting),City of Austin,2024,Closed,03/25/2024 12:00:00 AM
12,Bluebonnet Station (SB),75,SR23001188,Transit stop Bluebonnet Station (SB) needs shelter for rider protection,Missing Shelter,CapMetro,2024,Open,12/06/2024 12:00:00 AM
12,Bluebonnet Station (SB),75,SR23001189,Transit stop Bluebonnet Station (SB) needs shelter for rider protection,Missing Shelter,CapMetro,2023,Closed,06/07/2023 12:00:00 AM
12,Bluebonnet Station (SB),75,SR23001190,Riders getting wet at Bluebonnet Station (SB) during rain,Weather Exposure,CapMetro,2025,Open,02/24/2025 12:00:00 AM
12,Bluebonnet Station (SB),75,SR23001191,Bus stop Bluebonnet Station (SB) exposed to extreme heat/sun,Weather Exposure,CapMetro,2025,Closed,05/23/2025 12:00:00 AM
12,Bluebonnet Station (SB),75,SR23001192,Transit stop Bluebonnet Station (SB) needs shelter for rider protection,Missing Shelter,CapMetro,2026,Open,01/14/2026 12:00:00 AM
12,Bluebonnet Station (SB),75,SR23001193,Transit stop Bluebonnet Station (SB) needs weather shelter,Missing Shelter,CapMetro,2025,Closed,06/18/2025 12:00:00 AM
12,Bluebonnet Station (SB),75,SR23001194,Request bench installation at Bluebonnet Station (SB),Missing Benches,CapMetro,2025,Open,07/04/2025 12:00:00 AM
12,Bluebonnet Station (SB),75,SR23001195,No weather protection at Bluebonnet Station (SB) transit stop,Missing Shelter,CapMetro,2025,Closed,10/16/2025 12:00:00 AM
12,Bluebonnet Station (SB),75,SR23001196,Request bench installation at Bluebonnet Station (SB),Missing Benches,CapMetro,2023,Open,07/14/2023 12:00:00 AM
12,Bluebonnet Station (SB),75,SR23001197,Transit stop Bluebonnet Station (SB) needs better lighting,Safety (Lighting),City of Austin,2024,Open,07/09/2024 12:00:00 AM
12,Bluebonnet Station (SB),75,SR23001198,No weather protection at Bluebonnet Station (SB) transit stop,Missing Shelter,CapMetro,2026,Open,02/09/2026 12:00:00 AM
12,Bluebonnet Station (SB),75,SR23001199,No shelter at Bluebonnet Station (SB) transit stop,Missing Shelter,CapMetro,2026,Open,03/28/2026 12:00:00 AM
12,Bluebonnet Station (SB),75,SR23001200,Bus stop at Bluebonnet Station (SB) missing shelter - riders exposed to weather,Missing Shelter,CapMetro,2023,Open,06/05/2023 12:00:00 AM
12,Bluebonnet Station (SB),75,SR23001201,Missing seating at Bluebonnet Station (SB) transit stop,Missing Benches,CapMetro,2025,Closed,11/17/2025 12:00:00 AM
12,Bluebonnet Station (SB),75,SR23001202,No shelter at Bluebonnet Station (SB) transit stop,Missing Shelter,CapMetro,2024,Closed,01/10/2024 12:00:00 AM
12,Bluebonnet Station (SB),75,SR23001203,No benches at Bluebonnet Station (SB) bus stop,Missing Benches,CapMetro,2026,Open,02/25/2026 12:00:00 AM
12,Bluebonnet Station (SB),75,SR23001204,Riders have nowhere to sit at Bluebonnet Station (SB),Other,TBD,2023,Open,07/07/2023 12:00:00 AM
12,Bluebonnet Station (SB),75,SR23001205,Request bench installation at Bluebonnet Station (SB),Missing Benches,CapMetro,2025,Closed,01/21/2025 12:00:00 AM
12,Bluebonnet Station (SB),75,SR23001206,Request shelter installation at Bluebonnet Station (SB),Missing Shelter,CapMetro,2023,Open,05/04/2023 12:00:00 AM
12,Bluebonnet Station (SB),75,SR23001207,No shelter at Bluebonnet Station (SB) transit stop,Missing Shelter,CapMetro,2025,Open,05/20/2025 12:00:00 AM
12,Bluebonnet Station (SB),75,SR23001208,Transit stop Bluebonnet Station (SB) needs better lighting,Safety (Lighting),City of Austin,2024,Open,09/27/2024 12:00:00 AM
12,Bluebonnet Station (SB),75,SR23001209,Riders getting wet at Bluebonnet Station (SB) during rain,Weather Exposure,CapMetro,2024,Open,03/07/2024 12:00:00 AM
12,Bluebonnet Station (SB),75,SR23001210,Transit stop Bluebonnet Station (SB) needs weather shelter,Missing Shelter,CapMetro,2023,Open,02/16/2023 12:00:00 AM
12,Bluebonnet Station (SB),75,SR23001211,Transit stop Bluebonnet Station (SB) needs shelter for rider protection,Missing Shelter,CapMetro,2023,Open,06/08/2023 12:00:00 AM
12,Bluebonnet Station (SB),75,SR23001212,Request bench installation at Bluebonnet Station (SB),Missing Benches,CapMetro,2025,Closed,09/04/2025 12:00:00 AM
12,Bluebonnet Station (SB),75,SR23001213,Transit stop Bluebonnet Station (SB) needs better lighting,Safety (Lighting),City of Austin,2024,Closed,09/04/2024 12:00:00 AM
12,Bluebonnet Station (SB),75,SR23001214,Riders have nowhere to sit at Bluebonnet Station (SB),Other,TBD,2025,Closed,07/29/2025 12:00:00 AM
12,Bluebonnet Station (SB),75,SR23001215,Bus stop at Bluebonnet Station (SB) missing shelter - riders exposed to weather,Missing Shelter,CapMetro,2023,Closed,07/15/2023 12:00:00 AM
12,Bluebonnet Station (SB),75,SR23001216,No shelter at Bluebonnet Station (SB) transit stop,Missing Shelter,CapMetro,2025,Open,03/17/2025 12:00:00 AM
12,Bluebonnet Station (SB),75,SR23001217,Feeling unsafe waiting at Bluebonnet Station (SB),Safety Concerns,City of Austin / CapMetro,2023,Open,04/23/2023 12:00:00 AM
12,Bluebonnet Station (SB),75,SR23001218,Riders getting wet at Bluebonnet Station (SB) during rain,Weather Exposure,CapMetro,2024,Closed,03/17/2024 12:00:00 AM
12,Bluebonnet Station (SB),75,SR23001219,Bus stop Bluebonnet Station (SB) exposed to extreme heat/sun,Weather Exposure,CapMetro,2024,Open,08/09/2024 12:00:00 AM
13,West 38th Station (SB),72,SR23001220,Riders have nowhere to sit at West 38th Station (SB),Other,TBD,2025,Open,02/16/2025 12:00:00 AM
13,West 38th Station (SB),72,SR23001221,Riders getting wet at West 38th Station (SB) during rain,Weather Exposure,CapMetro,2023,Open,03/31/2023 12:00:00 AM
13,West 38th Station (SB),72,SR23001222,Transit stop West 38th Station (SB) needs shelter for rider protection,Missing Shelter,CapMetro,2025,Closed,08/08/2025 12:00:00 AM
13,West 38th Station (SB),72,SR23001223,No shelter at West 38th Station (SB) transit stop,Missing Shelter,CapMetro,2024,Open,05/17/2024 12:00:00 AM
13,West 38th Station (SB),72,SR23001224,Request shelter installation at West 38th Station (SB),Missing Shelter,CapMetro,2024,Open,12/27/2024 12:00:00 AM
13,West 38th Station (SB),72,SR23001225,No shelter at West 38th Station (SB) transit stop,Missing Shelter,CapMetro,2024,Open,02/01/2024 12:00:00 AM
13,West 38th Station (SB),72,SR23001226,No shelter at West 38th Station (SB) transit stop,Missing Shelter,CapMetro,2023,Closed,09/01/2023 12:00:00 AM
13,West 38th Station (SB),72,SR23001227,Missing seating at West 38th Station (SB) transit stop,Missing Benches,CapMetro,2024,Open,09/27/2024 12:00:00 AM
13,West 38th Station (SB),72,SR23001228,Request shelter installation at West 38th Station (SB),Missing Shelter,CapMetro,2025,Closed,04/13/2025 12:00:00 AM
13,West 38th Station (SB),72,SR23001229,No benches at West 38th Station (SB) bus stop,Missing Benches,CapMetro,2023,Closed,07/13/2023 12:00:00 AM
13,West 38th Station (SB),72,SR23001230,No shelter at West 38th Station (SB) transit stop,Missing Shelter,CapMetro,2025,Open,10/30/2025 12:00:00 AM
13,West 38th Station (SB),72,SR23001231,Transit stop West 38th Station (SB) needs better lighting,Safety (Lighting),City of Austin,2025,Closed,06/04/2025 12:00:00 AM
13,West 38th Station (SB),72,SR23001232,Request shelter installation at West 38th Station (SB),Missing Shelter,CapMetro,2023,Closed,04/09/2023 12:00:00 AM
13,West 38th Station (SB),72,SR23001233,Riders have nowhere to sit at West 38th Station (SB),Other,TBD,2025,Open,05/01/2025 12:00:00 AM
13,West 38th Station (SB),72,SR23001234,Request bench installation at West 38th Station (SB),Missing Benches,CapMetro,2024,Closed,06/22/2024 12:00:00 AM
13,West 38th Station (SB),72,SR23001235,Bus stop West 38th Station (SB) exposed to extreme heat/sun,Weather Exposure,CapMetro,2026,Open,02/25/2026 12:00:00 AM
13,West 38th Station (SB),72,SR23001236,Transit stop West 38th Station (SB) needs shelter for rider protection,Missing Shelter,CapMetro,2024,Open,09/27/2024 12:00:00 AM
13,West 38th Station (SB),72,SR23001237,Request shelter installation at West 38th Station (SB),Missing Shelter,CapMetro,2024,Open,11/05/2024 12:00:00 AM
13,West 38th Station (SB),72,SR23001238,Request shelter installation at West 38th Station (SB),Missing Shelter,CapMetro,2024,Open,02/22/2024 12:00:00 AM
13,West 38th Station (SB),72,SR23001239,Bus stop at West 38th Station (SB) missing shelter - riders exposed to weather,Missing Shelter,CapMetro,2024,Open,10/17/2024 12:00:00 AM
13,West 38th Station (SB),72,SR23001240,Request bench installation at West 38th Station (SB),Missing Benches,CapMetro,2024,Open,11/20/2024 12:00:00 AM
13,West 38th Station (SB),72,SR23001241,Request shelter installation at West 38th Station (SB),Missing Shelter,CapMetro,2023,Open,03/12/2023 12:00:00 AM
13,West 38th Station (SB),72,SR23001242,Missing seating at West 38th Station (SB) transit stop,Missing Benches,CapMetro,2025,Open,09/28/2025 12:00:00 AM
13,West 38th Station (SB),72,SR23001243,Transit stop West 38th Station (SB) needs shelter for rider protection,Missing Shelter,CapMetro,2023,Open,03/13/2023 12:00:00 AM
13,West 38th Station (SB),72,SR23001244,Transit stop West 38th Station (SB) needs weather shelter,Missing Shelter,CapMetro,2025,Open,11/24/2025 12:00:00 AM
13,West 38th Station (SB),72,SR23001245,Riders getting wet at West 38th Station (SB) during rain,Weather Exposure,CapMetro,2023,Open,01/04/2023 12:00:00 AM
13,West 38th Station (SB),72,SR23001246,Bus stop at West 38th Station (SB) missing shelter - riders exposed to weather,Missing Shelter,CapMetro,2025,Open,08/31/2025 12:00:00 AM
13,West 38th Station (SB),72,SR23001247,Transit stop West 38th Station (SB) needs weather shelter,Missing Shelter,CapMetro,2023,Open,05/13/2023 12:00:00 AM
13,West 38th Station (SB),72,SR23001248,Request shelter installation at West 38th Station (SB),Missing Shelter,CapMetro,2025,Open,11/27/2025 12:00:00 AM
13,West 38th Station (SB),72,SR23001249,No shelter at West 38th Station (SB) transit stop,Missing Shelter,CapMetro,2024,Open,09/29/2024 12:00:00 AM
13,West 38th Station (SB),72,SR23001250,Safety concerns at West 38th Station (SB) bus stop after dark,Safety (Lighting),City of Austin,2024,Closed,07/30/2024 12:00:00 AM
13,West 38th Station (SB),72,SR23001251,Bus stop at West 38th Station (SB) missing shelter - riders exposed to weather,Missing Shelter,CapMetro,2026,Closed,01/09/2026 12:00:00 AM
13,West 38th Station (SB),72,SR23001252,Bus stop West 38th Station (SB) exposed to extreme heat/sun,Weather Exposure,CapMetro,2024,Open,05/18/2024 12:00:00 AM
13,West 38th Station (SB),72,SR23001253,Bus stop West 38th Station (SB) exposed to extreme heat/sun,Weather Exposure,CapMetro,2024,Closed,09/25/2024 12:00:00 AM
13,West 38th Station (SB),72,SR23001254,Missing seating at West 38th Station (SB) transit stop,Missing Benches,CapMetro,2023,Closed,04/13/2023 12:00:00 AM
13,West 38th Station (SB),72,SR23001255,Request shelter installation at West 38th Station (SB),Missing Shelter,CapMetro,2024,Open,06/01/2024 12:00:00 AM
13,West 38th Station (SB),72,SR23001256,Bus stop West 38th Station (SB) exposed to extreme heat/sun,Weather Exposure,CapMetro,2025,Open,05/12/2025 12:00:00 AM
13,West 38th Station (SB),72,SR23001257,Riders getting wet at West 38th Station (SB) during rain,Weather Exposure,CapMetro,2023,Open,11/16/2023 12:00:00 AM
13,West 38th Station (SB),72,SR23001258,No shelter at West 38th Station (SB) transit stop,Missing Shelter,CapMetro,2023,Open,02/27/2023 12:00:00 AM
13,West 38th Station (SB),72,SR23001259,Feeling unsafe waiting at West 38th Station (SB),Safety Concerns,City of Austin / CapMetro,2025,Open,12/22/2025 12:00:00 AM
13,West 38th Station (SB),72,SR23001260,No shelter at West 38th Station (SB) transit stop,Missing Shelter,CapMetro,2025,Open,07/01/2025 12:00:00 AM
13,West 38th Station (SB),72,SR23001261,Bus stop West 38th Station (SB) exposed to extreme heat/sun,Weather Exposure,CapMetro,2023,Open,10/30/2023 12:00:00 AM
13,West 38th Station (SB),72,SR23001262,Request shelter installation at West 38th Station (SB),Missing Shelter,CapMetro,2023,Closed,07/09/2023 12:00:00 AM
13,West 38th Station (SB),72,SR23001263,Riders have nowhere to sit at West 38th Station (SB),Other,TBD,2023,Open,02/06/2023 12:00:00 AM
13,West 38th Station (SB),72,SR23001264,Bus stop at West 38th Station (SB) missing shelter - riders exposed to weather,Missing Shelter,CapMetro,2023,Open,07/24/2023 12:00:00 AM
13,West 38th Station (SB),72,SR23001265,Transit stop West 38th Station (SB) needs shelter for rider protection,Missing Shelter,CapMetro,2025,Closed,02/05/2025 12:00:00 AM
13,West 38th Station (SB),72,SR23001266,Bus stop West 38th Station (SB) exposed to extreme heat/sun,Weather Exposure,CapMetro,2025,Open,05/02/2025 12:00:00 AM
13,West 38th Station (SB),72,SR23001267,Riders have nowhere to sit at West 38th Station (SB),Other,TBD,2023,Open,10/06/2023 12:00:00 AM
13,West 38th Station (SB),72,SR23001268,Bus stop at West 38th Station (SB) missing shelter - riders exposed to weather,Missing Shelter,CapMetro,2025,Open,01/01/2025 12:00:00 AM
13,West 38th Station (SB),72,SR23001269,Safety concerns at West 38th Station (SB) bus stop after dark,Safety (Lighting),City of Austin,2023,Open,04/04/2023 12:00:00 AM
13,West 38th Station (SB),72,SR23001270,No benches at West 38th Station (SB) bus stop,Missing Benches,CapMetro,2023,Open,05/06/2023 12:00:00 AM
13,West 38th Station (SB),72,SR23001271,No shelter at West 38th Station (SB) transit stop,Missing Shelter,CapMetro,2023,Closed,03/17/2023 12:00:00 AM
13,West 38th Station (SB),72,SR23001272,Transit stop West 38th Station (SB) needs shelter for rider protection,Missing Shelter,CapMetro,2023,Open,09/05/2023 12:00:00 AM
13,West 38th Station (SB),72,SR23001273,No shelter at West 38th Station (SB) transit stop,Missing Shelter,CapMetro,2023,Open,03/17/2023 12:00:00 AM
13,West 38th Station (SB),72,SR23001274,Feeling unsafe waiting at West 38th Station (SB),Safety Concerns,City of Austin / CapMetro,2024,Closed,07/18/2024 12:00:00 AM
13,West 38th Station (SB),72,SR23001275,Missing seating at West 38th Station (SB) transit stop,Missing Benches,CapMetro,2024,Open,09/28/2024 12:00:00 AM
13,West 38th Station (SB),72,SR23001276,Transit stop West 38th Station (SB) needs shelter for rider protection,Missing Shelter,CapMetro,2024,Open,12/25/2024 12:00:00 AM
13,West 38th Station (SB),72,SR23001277,Request bench installation at West 38th Station (SB),Missing Benches,CapMetro,2025,Closed,08/28/2025 12:00:00 AM
13,West 38th Station (SB),72,SR23001278,Transit stop West 38th Station (SB) needs shelter for rider protection,Missing Shelter,CapMetro,2025,Open,01/25/2025 12:00:00 AM
13,West 38th Station (SB),72,SR23001279,No shelter at West 38th Station (SB) transit stop,Missing Shelter,CapMetro,2026,Open,03/11/2026 12:00:00 AM
13,West 38th Station (SB),72,SR23001280,Request safety improvements at West 38th Station (SB) stop,Safety Concerns,City of Austin / CapMetro,2023,Open,02/26/2023 12:00:00 AM
13,West 38th Station (SB),72,SR23001281,Request shelter installation at West 38th Station (SB),Missing Shelter,CapMetro,2023,Closed,07/08/2023 12:00:00 AM
13,West 38th Station (SB),72,SR23001282,Request bench installation at West 38th Station (SB),Missing Benches,CapMetro,2023,Open,05/15/2023 12:00:00 AM
13,West 38th Station (SB),72,SR23001283,Transit stop West 38th Station (SB) needs weather shelter,Missing Shelter,CapMetro,2025,Open,01/24/2025 12:00:00 AM
13,West 38th Station (SB),72,SR23001284,Request shelter installation at West 38th Station (SB),Missing Shelter,CapMetro,2024,Open,12/07/2024 12:00:00 AM
13,West 38th Station (SB),72,SR23001285,Transit stop West 38th Station (SB) needs weather shelter,Missing Shelter,CapMetro,2024,Open,06/02/2024 12:00:00 AM
13,West 38th Station (SB),72,SR23001286,Request bench installation at West 38th Station (SB),Missing Benches,CapMetro,2023,Open,02/18/2023 12:00:00 AM
13,West 38th Station (SB),72,SR23001287,Missing seating at West 38th Station (SB) transit stop,Missing Benches,CapMetro,2024,Open,10/26/2024 12:00:00 AM
13,West 38th Station (SB),72,SR23001288,Bus stop at West 38th Station (SB) missing shelter - riders exposed to weather,Missing Shelter,CapMetro,2023,Open,08/26/2023 12:00:00 AM
13,West 38th Station (SB),72,SR23001289,No shelter at West 38th Station (SB) transit stop,Missing Shelter,CapMetro,2025,Open,05/19/2025 12:00:00 AM
13,West 38th Station (SB),72,SR23001290,Transit stop West 38th Station (SB) needs weather shelter,Missing Shelter,CapMetro,2024,Open,09/11/2024 12:00:00 AM
13,West 38th Station (SB),72,SR23001291,Bus stop at West 38th Station (SB) missing shelter - riders exposed to weather,Missing Shelter,CapMetro,2024,Open,10/25/2024 12:00:00 AM
14,8th Street NB (Trinity/8th),68,SR23001292,No benches at 8th Street NB (Trinity/8th) bus stop,Missing Benches,CapMetro,2025,Open,05/13/2025 12:00:00 AM
14,8th Street NB (Trinity/8th),68,SR23001293,No shelter at 8th Street NB (Trinity/8th) transit stop,Missing Shelter,CapMetro,2024,Open,07/10/2024 12:00:00 AM
14,8th Street NB (Trinity/8th),68,SR23001294,Transit stop 8th Street NB (Trinity/8th) needs weather shelter,Missing Shelter,CapMetro,2024,Closed,07/12/2024 12:00:00 AM
14,8th Street NB (Trinity/8th),68,SR23001295,No benches at 8th Street NB (Trinity/8th) bus stop,Missing Benches,CapMetro,2024,Open,12/13/2024 12:00:00 AM
14,8th Street NB (Trinity/8th),68,SR23001296,Riders have nowhere to sit at 8th Street NB (Trinity/8th),Other,TBD,2023,Open,03/13/2023 12:00:00 AM
14,8th Street NB (Trinity/8th),68,SR23001297,Request bench installation at 8th Street NB (Trinity/8th),Missing Benches,CapMetro,2023,Closed,12/06/2023 12:00:00 AM
14,8th Street NB (Trinity/8th),68,SR23001298,No benches at 8th Street NB (Trinity/8th) bus stop,Missing Benches,CapMetro,2024,Open,11/22/2024 12:00:00 AM
14,8th Street NB (Trinity/8th),68,SR23001299,Request shelter installation at 8th Street NB (Trinity/8th),Missing Shelter,CapMetro,2023,Open,07/19/2023 12:00:00 AM
14,8th Street NB (Trinity/8th),68,SR23001300,Request bench installation at 8th Street NB (Trinity/8th),Missing Benches,CapMetro,2023,Open,11/29/2023 12:00:00 AM
14,8th Street NB (Trinity/8th),68,SR23001301,Bus stop at 8th Street NB (Trinity/8th) missing shelter - riders exposed to weather,Missing Shelter,CapMetro,2024,Open,11/09/2024 12:00:00 AM
14,8th Street NB (Trinity/8th),68,SR23001302,Riders getting wet at 8th Street NB (Trinity/8th) during rain,Weather Exposure,CapMetro,2024,Closed,12/20/2024 12:00:00 AM
14,8th Street NB (Trinity/8th),68,SR23001303,Transit stop 8th Street NB (Trinity/8th) needs better lighting,Safety (Lighting),City of Austin,2026,Open,02/26/2026 12:00:00 AM
14,8th Street NB (Trinity/8th),68,SR23001304,Missing seating at 8th Street NB (Trinity/8th) transit stop,Missing Benches,CapMetro,2024,Open,03/26/2024 12:00:00 AM
14,8th Street NB (Trinity/8th),68,SR23001305,Request bench installation at 8th Street NB (Trinity/8th),Missing Benches,CapMetro,2025,Closed,12/12/2025 12:00:00 AM
14,8th Street NB (Trinity/8th),68,SR23001306,No shelter at 8th Street NB (Trinity/8th) transit stop,Missing Shelter,CapMetro,2023,Closed,08/19/2023 12:00:00 AM
14,8th Street NB (Trinity/8th),68,SR23001307,Safety concerns at 8th Street NB (Trinity/8th) bus stop after dark,Safety (Lighting),City of Austin,2024,Open,06/28/2024 12:00:00 AM
14,8th Street NB (Trinity/8th),68,SR23001308,No shelter at 8th Street NB (Trinity/8th) transit stop,Missing Shelter,CapMetro,2025,Open,10/06/2025 12:00:00 AM
14,8th Street NB (Trinity/8th),68,SR23001309,Transit stop 8th Street NB (Trinity/8th) needs better lighting,Safety (Lighting),City of Austin,2023,Closed,10/03/2023 12:00:00 AM
14,8th Street NB (Trinity/8th),68,SR23001310,Bus stop at 8th Street NB (Trinity/8th) missing shelter - riders exposed to weather,Missing Shelter,CapMetro,2023,Open,07/08/2023 12:00:00 AM
14,8th Street NB (Trinity/8th),68,SR23001311,Request bench installation at 8th Street NB (Trinity/8th),Missing Benches,CapMetro,2024,Open,02/16/2024 12:00:00 AM
14,8th Street NB (Trinity/8th),68,SR23001312,Missing seating at 8th Street NB (Trinity/8th) transit stop,Missing Benches,CapMetro,2026,Open,04/03/2026 12:00:00 AM
14,8th Street NB (Trinity/8th),68,SR23001313,No shelter at 8th Street NB (Trinity/8th) transit stop,Missing Shelter,CapMetro,2026,Closed,02/06/2026 12:00:00 AM
14,8th Street NB (Trinity/8th),68,SR23001314,No shelter at 8th Street NB (Trinity/8th) transit stop,Missing Shelter,CapMetro,2025,Open,03/13/2025 12:00:00 AM
14,8th Street NB (Trinity/8th),68,SR23001315,Missing seating at 8th Street NB (Trinity/8th) transit stop,Missing Benches,CapMetro,2024,Open,04/07/2024 12:00:00 AM
14,8th Street NB (Trinity/8th),68,SR23001316,Request safety improvements at 8th Street NB (Trinity/8th) stop,Safety Concerns,City of Austin / CapMetro,2024,Closed,07/26/2024 12:00:00 AM
14,8th Street NB (Trinity/8th),68,SR23001317,No benches at 8th Street NB (Trinity/8th) bus stop,Missing Benches,CapMetro,2024,Closed,04/27/2024 12:00:00 AM
14,8th Street NB (Trinity/8th),68,SR23001318,Request shelter installation at 8th Street NB (Trinity/8th),Missing Shelter,CapMetro,2024,Open,03/16/2024 12:00:00 AM
14,8th Street NB (Trinity/8th),68,SR23001319,No benches at 8th Street NB (Trinity/8th) bus stop,Missing Benches,CapMetro,2024,Open,06/20/2024 12:00:00 AM
14,8th Street NB (Trinity/8th),68,SR23001320,Transit stop 8th Street NB (Trinity/8th) needs shelter for rider protection,Missing Shelter,CapMetro,2024,Open,08/02/2024 12:00:00 AM
14,8th Street NB (Trinity/8th),68,SR23001321,No shelter at 8th Street NB (Trinity/8th) transit stop,Missing Shelter,CapMetro,2025,Closed,04/23/2025 12:00:00 AM
14,8th Street NB (Trinity/8th),68,SR23001322,Request shelter installation at 8th Street NB (Trinity/8th),Missing Shelter,CapMetro,2024,Closed,03/18/2024 12:00:00 AM
14,8th Street NB (Trinity/8th),68,SR23001323,Riders getting wet at 8th Street NB (Trinity/8th) during rain,Weather Exposure,CapMetro,2025,Open,06/22/2025 12:00:00 AM
14,8th Street NB (Trinity/8th),68,SR23001324,Transit stop 8th Street NB (Trinity/8th) needs weather shelter,Missing Shelter,CapMetro,2024,Closed,06/02/2024 12:00:00 AM
14,8th Street NB (Trinity/8th),68,SR23001325,Riders have nowhere to sit at 8th Street NB (Trinity/8th),Other,TBD,2024,Open,01/28/2024 12:00:00 AM
14,8th Street NB (Trinity/8th),68,SR23001326,Request shelter installation at 8th Street NB (Trinity/8th),Missing Shelter,CapMetro,2024,Closed,06/22/2024 12:00:00 AM
14,8th Street NB (Trinity/8th),68,SR23001327,Request bench installation at 8th Street NB (Trinity/8th),Missing Benches,CapMetro,2025,Open,12/27/2025 12:00:00 AM
14,8th Street NB (Trinity/8th),68,SR23001328,Request safety improvements at 8th Street NB (Trinity/8th) stop,Safety Concerns,City of Austin / CapMetro,2024,Open,09/29/2024 12:00:00 AM
14,8th Street NB (Trinity/8th),68,SR23001329,Request shelter installation at 8th Street NB (Trinity/8th),Missing Shelter,CapMetro,2025,Closed,12/08/2025 12:00:00 AM
14,8th Street NB (Trinity/8th),68,SR23001330,Transit stop 8th Street NB (Trinity/8th) needs weather shelter,Missing Shelter,CapMetro,2024,Closed,01/24/2024 12:00:00 AM
14,8th Street NB (Trinity/8th),68,SR23001331,No benches at 8th Street NB (Trinity/8th) bus stop,Missing Benches,CapMetro,2023,Open,11/30/2023 12:00:00 AM
14,8th Street NB (Trinity/8th),68,SR23001332,Bus stop 8th Street NB (Trinity/8th) exposed to extreme heat/sun,Weather Exposure,CapMetro,2025,Open,04/05/2025 12:00:00 AM
14,8th Street NB (Trinity/8th),68,SR23001333,Bus stop at 8th Street NB (Trinity/8th) missing shelter - riders exposed to weather,Missing Shelter,CapMetro,2024,Closed,03/02/2024 12:00:00 AM
14,8th Street NB (Trinity/8th),68,SR23001334,Missing seating at 8th Street NB (Trinity/8th) transit stop,Missing Benches,CapMetro,2025,Open,01/26/2025 12:00:00 AM
14,8th Street NB (Trinity/8th),68,SR23001335,Request bench installation at 8th Street NB (Trinity/8th),Missing Benches,CapMetro,2026,Open,01/24/2026 12:00:00 AM
14,8th Street NB (Trinity/8th),68,SR23001336,Missing seating at 8th Street NB (Trinity/8th) transit stop,Missing Benches,CapMetro,2023,Open,09/24/2023 12:00:00 AM
14,8th Street NB (Trinity/8th),68,SR23001337,Safety concerns at 8th Street NB (Trinity/8th) bus stop after dark,Safety (Lighting),City of Austin,2023,Open,06/20/2023 12:00:00 AM
14,8th Street NB (Trinity/8th),68,SR23001338,Transit stop 8th Street NB (Trinity/8th) needs shelter for rider protection,Missing Shelter,CapMetro,2025,Closed,08/07/2025 12:00:00 AM
14,8th Street NB (Trinity/8th),68,SR23001339,Transit stop 8th Street NB (Trinity/8th) needs shelter for rider protection,Missing Shelter,CapMetro,2023,Open,05/08/2023 12:00:00 AM
14,8th Street NB (Trinity/8th),68,SR23001340,Safety concerns at 8th Street NB (Trinity/8th) bus stop after dark,Safety (Lighting),City of Austin,2025,Closed,04/13/2025 12:00:00 AM
14,8th Street NB (Trinity/8th),68,SR23001341,No weather protection at 8th Street NB (Trinity/8th) transit stop,Missing Shelter,CapMetro,2024,Closed,10/13/2024 12:00:00 AM
14,8th Street NB (Trinity/8th),68,SR23001342,No benches at 8th Street NB (Trinity/8th) bus stop,Missing Benches,CapMetro,2024,Closed,01/14/2024 12:00:00 AM
14,8th Street NB (Trinity/8th),68,SR23001343,Riders getting wet at 8th Street NB (Trinity/8th) during rain,Weather Exposure,CapMetro,2023,Closed,04/07/2023 12:00:00 AM
14,8th Street NB (Trinity/8th),68,SR23001344,Request shelter installation at 8th Street NB (Trinity/8th),Missing Shelter,CapMetro,2026,Closed,03/27/2026 12:00:00 AM
14,8th Street NB (Trinity/8th),68,SR23001345,Transit stop 8th Street NB (Trinity/8th) needs better lighting,Safety (Lighting),City of Austin,2026,Open,01/10/2026 12:00:00 AM
14,8th Street NB (Trinity/8th),68,SR23001346,Request safety improvements at 8th Street NB (Trinity/8th) stop,Safety Concerns,City of Austin / CapMetro,2023,Open,06/16/2023 12:00:00 AM
14,8th Street NB (Trinity/8th),68,SR23001347,Missing seating at 8th Street NB (Trinity/8th) transit stop,Missing Benches,CapMetro,2023,Open,08/10/2023 12:00:00 AM
14,8th Street NB (Trinity/8th),68,SR23001348,Request bench installation at 8th Street NB (Trinity/8th),Missing Benches,CapMetro,2024,Open,04/25/2024 12:00:00 AM
14,8th Street NB (Trinity/8th),68,SR23001349,Transit stop 8th Street NB (Trinity/8th) needs weather shelter,Missing Shelter,CapMetro,2024,Open,04/26/2024 12:00:00 AM
14,8th Street NB (Trinity/8th),68,SR23001350,No benches at 8th Street NB (Trinity/8th) bus stop,Missing Benches,CapMetro,2025,Closed,04/11/2025 12:00:00 AM
14,8th Street NB (Trinity/8th),68,SR23001351,Transit stop 8th Street NB (Trinity/8th) needs weather shelter,Missing Shelter,CapMetro,2026,Open,02/20/2026 12:00:00 AM
14,8th Street NB (Trinity/8th),68,SR23001352,No weather protection at 8th Street NB (Trinity/8th) transit stop,Missing Shelter,CapMetro,2025,Open,03/25/2025 12:00:00 AM
14,8th Street NB (Trinity/8th),68,SR23001353,Bus stop 8th Street NB (Trinity/8th) exposed to extreme heat/sun,Weather Exposure,CapMetro,2023,Open,08/23/2023 12:00:00 AM
14,8th Street NB (Trinity/8th),68,SR23001354,Bus stop at 8th Street NB (Trinity/8th) missing shelter - riders exposed to weather,Missing Shelter,CapMetro,2023,Closed,07/12/2023 12:00:00 AM
14,8th Street NB (Trinity/8th),68,SR23001355,Request safety improvements at 8th Street NB (Trinity/8th) stop,Safety Concerns,City of Austin / CapMetro,2025,Open,08/08/2025 12:00:00 AM
14,8th Street NB (Trinity/8th),68,SR23001356,Request bench installation at 8th Street NB (Trinity/8th),Missing Benches,CapMetro,2025,Open,09/03/2025 12:00:00 AM
14,8th Street NB (Trinity/8th),68,SR23001357,Missing seating at 8th Street NB (Trinity/8th) transit stop,Missing Benches,CapMetro,2025,Open,11/05/2025 12:00:00 AM
14,8th Street NB (Trinity/8th),68,SR23001358,No shelter at 8th Street NB (Trinity/8th) transit stop,Missing Shelter,CapMetro,2026,Open,02/28/2026 12:00:00 AM
14,8th Street NB (Trinity/8th),68,SR23001359,Bus stop at 8th Street NB (Trinity/8th) missing shelter - riders exposed to weather,Missing Shelter,CapMetro,2026,Open,02/26/2026 12:00:00 AM
15,North Lamar Transit Center,67,SR23001360,No benches at North Lamar Transit Center bus stop,Missing Benches,CapMetro,2024,Open,10/28/2024 12:00:00 AM
15,North Lamar Transit Center,67,SR23001361,Bus stop at North Lamar Transit Center missing shelter - riders exposed to weather,Missing Shelter,CapMetro,2026,Open,03/05/2026 12:00:00 AM
15,North Lamar Transit Center,67,SR23001362,Transit stop North Lamar Transit Center needs shelter for rider protection,Missing Shelter,CapMetro,2025,Closed,11/24/2025 12:00:00 AM
15,North Lamar Transit Center,67,SR23001363,Transit stop North Lamar Transit Center needs shelter for rider protection,Missing Shelter,CapMetro,2023,Open,12/20/2023 12:00:00 AM
15,North Lamar Transit Center,67,SR23001364,No shelter at North Lamar Transit Center transit stop,Missing Shelter,CapMetro,2024,Open,01/20/2024 12:00:00 AM
15,North Lamar Transit Center,67,SR23001365,Transit stop North Lamar Transit Center needs better lighting,Safety (Lighting),City of Austin,2024,Open,08/03/2024 12:00:00 AM
15,North Lamar Transit Center,67,SR23001366,Bus stop North Lamar Transit Center exposed to extreme heat/sun,Weather Exposure,CapMetro,2023,Open,01/30/2023 12:00:00 AM
15,North Lamar Transit Center,67,SR23001367,No benches at North Lamar Transit Center bus stop,Missing Benches,CapMetro,2023,Open,12/10/2023 12:00:00 AM
15,North Lamar Transit Center,67,SR23001368,Transit stop North Lamar Transit Center needs weather shelter,Missing Shelter,CapMetro,2024,Open,01/12/2024 12:00:00 AM
15,North Lamar Transit Center,67,SR23001369,No benches at North Lamar Transit Center bus stop,Missing Benches,CapMetro,2023,Open,03/09/2023 12:00:00 AM
15,North Lamar Transit Center,67,SR23001370,Riders have nowhere to sit at North Lamar Transit Center,Other,TBD,2025,Open,09/14/2025 12:00:00 AM
15,North Lamar Transit Center,67,SR23001371,Bus stop at North Lamar Transit Center missing shelter - riders exposed to weather,Missing Shelter,CapMetro,2024,Open,12/05/2024 12:00:00 AM
15,North Lamar Transit Center,67,SR23001372,Request safety improvements at North Lamar Transit Center stop,Safety Concerns,City of Austin / CapMetro,2023,Open,05/05/2023 12:00:00 AM
15,North Lamar Transit Center,67,SR23001373,Request bench installation at North Lamar Transit Center,Missing Benches,CapMetro,2026,Closed,03/27/2026 12:00:00 AM
15,North Lamar Transit Center,67,SR23001374,Riders have nowhere to sit at North Lamar Transit Center,Other,TBD,2023,Open,04/05/2023 12:00:00 AM
15,North Lamar Transit Center,67,SR23001375,No benches at North Lamar Transit Center bus stop,Missing Benches,CapMetro,2026,Closed,04/05/2026 12:00:00 AM
15,North Lamar Transit Center,67,SR23001376,Request shelter installation at North Lamar Transit Center,Missing Shelter,CapMetro,2024,Open,01/11/2024 12:00:00 AM
15,North Lamar Transit Center,67,SR23001377,Transit stop North Lamar Transit Center needs shelter for rider protection,Missing Shelter,CapMetro,2025,Open,10/13/2025 12:00:00 AM
15,North Lamar Transit Center,67,SR23001378,No benches at North Lamar Transit Center bus stop,Missing Benches,CapMetro,2024,Open,08/27/2024 12:00:00 AM
15,North Lamar Transit Center,67,SR23001379,No shelter at North Lamar Transit Center transit stop,Missing Shelter,CapMetro,2023,Open,07/07/2023 12:00:00 AM
15,North Lamar Transit Center,67,SR23001380,No shelter at North Lamar Transit Center transit stop,Missing Shelter,CapMetro,2026,Closed,01/17/2026 12:00:00 AM
15,North Lamar Transit Center,67,SR23001381,No benches at North Lamar Transit Center bus stop,Missing Benches,CapMetro,2023,Open,03/04/2023 12:00:00 AM
15,North Lamar Transit Center,67,SR23001382,No benches at North Lamar Transit Center bus stop,Missing Benches,CapMetro,2025,Open,07/09/2025 12:00:00 AM
15,North Lamar Transit Center,67,SR23001383,Bus stop North Lamar Transit Center exposed to extreme heat/sun,Weather Exposure,CapMetro,2023,Open,02/26/2023 12:00:00 AM
15,North Lamar Transit Center,67,SR23001384,Transit stop North Lamar Transit Center needs better lighting,Safety (Lighting),City of Austin,2023,Closed,12/30/2023 12:00:00 AM
15,North Lamar Transit Center,67,SR23001385,No benches at North Lamar Transit Center bus stop,Missing Benches,CapMetro,2025,Open,07/21/2025 12:00:00 AM
15,North Lamar Transit Center,67,SR23001386,Missing seating at North Lamar Transit Center transit stop,Missing Benches,CapMetro,2023,Open,08/05/2023 12:00:00 AM
15,North Lamar Transit Center,67,SR23001387,Bus stop at North Lamar Transit Center missing shelter - riders exposed to weather,Missing Shelter,CapMetro,2023,Open,07/23/2023 12:00:00 AM
15,North Lamar Transit Center,67,SR23001388,Feeling unsafe waiting at North Lamar Transit Center,Safety Concerns,City of Austin / CapMetro,2023,Closed,04/28/2023 12:00:00 AM
15,North Lamar Transit Center,67,SR23001389,Missing seating at North Lamar Transit Center transit stop,Missing Benches,CapMetro,2024,Open,08/12/2024 12:00:00 AM
15,North Lamar Transit Center,67,SR23001390,Request shelter installation at North Lamar Transit Center,Missing Shelter,CapMetro,2025,Open,03/22/2025 12:00:00 AM
15,North Lamar Transit Center,67,SR23001391,Transit stop North Lamar Transit Center needs shelter for rider protection,Missing Shelter,CapMetro,2025,Closed,06/10/2025 12:00:00 AM
15,North Lamar Transit Center,67,SR23001392,Request shelter installation at North Lamar Transit Center,Missing Shelter,CapMetro,2023,Closed,07/12/2023 12:00:00 AM
15,North Lamar Transit Center,67,SR23001393,No benches at North Lamar Transit Center bus stop,Missing Benches,CapMetro,2025,Open,10/18/2025 12:00:00 AM
15,North Lamar Transit Center,67,SR23001394,Missing seating at North Lamar Transit Center transit stop,Missing Benches,CapMetro,2025,Closed,12/09/2025 12:00:00 AM
15,North Lamar Transit Center,67,SR23001395,Riders have nowhere to sit at North Lamar Transit Center,Other,TBD,2025,Open,05/02/2025 12:00:00 AM
15,North Lamar Transit Center,67,SR23001396,No benches at North Lamar Transit Center bus stop,Missing Benches,CapMetro,2025,Open,08/26/2025 12:00:00 AM
15,North Lamar Transit Center,67,SR23001397,No weather protection at North Lamar Transit Center transit stop,Missing Shelter,CapMetro,2023,Open,09/27/2023 12:00:00 AM
15,North Lamar Transit Center,67,SR23001398,No benches at North Lamar Transit Center bus stop,Missing Benches,CapMetro,2025,Open,06/07/2025 12:00:00 AM
15,North Lamar Transit Center,67,SR23001399,No shelter at North Lamar Transit Center transit stop,Missing Shelter,CapMetro,2023,Open,07/22/2023 12:00:00 AM
15,North Lamar Transit Center,67,SR23001400,Transit stop North Lamar Transit Center needs weather shelter,Missing Shelter,CapMetro,2025,Open,01/16/2025 12:00:00 AM
15,North Lamar Transit Center,67,SR23001401,Missing seating at North Lamar Transit Center transit stop,Missing Benches,CapMetro,2023,Closed,02/22/2023 12:00:00 AM
15,North Lamar Transit Center,67,SR23001402,Missing seating at North Lamar Transit Center transit stop,Missing Benches,CapMetro,2024,Open,02/06/2024 12:00:00 AM
15,North Lamar Transit Center,67,SR23001403,Transit stop North Lamar Transit Center needs better lighting,Safety (Lighting),City of Austin,2023,Open,07/30/2023 12:00:00 AM
15,North Lamar Transit Center,67,SR23001404,No weather protection at North Lamar Transit Center transit stop,Missing Shelter,CapMetro,2026,Open,02/04/2026 12:00:00 AM
15,North Lamar Transit Center,67,SR23001405,No weather protection at North Lamar Transit Center transit stop,Missing Shelter,CapMetro,2024,Open,06/11/2024 12:00:00 AM
15,North Lamar Transit Center,67,SR23001406,Request bench installation at North Lamar Transit Center,Missing Benches,CapMetro,2023,Open,10/05/2023 12:00:00 AM
15,North Lamar Transit Center,67,SR23001407,Riders getting wet at North Lamar Transit Center during rain,Weather Exposure,CapMetro,2025,Open,07/07/2025 12:00:00 AM
15,North Lamar Transit Center,67,SR23001408,Transit stop North Lamar Transit Center needs shelter for rider protection,Missing Shelter,CapMetro,2023,Open,05/15/2023 12:00:00 AM
15,North Lamar Transit Center,67,SR23001409,Request shelter installation at North Lamar Transit Center,Missing Shelter,CapMetro,2025,Open,06/04/2025 12:00:00 AM
15,North Lamar Transit Center,67,SR23001410,Request bench installation at North Lamar Transit Center,Missing Benches,CapMetro,2026,Open,02/27/2026 12:00:00 AM
15,North Lamar Transit Center,67,SR23001411,Missing seating at North Lamar Transit Center transit stop,Missing Benches,CapMetro,2024,Open,01/11/2024 12:00:00 AM
15,North Lamar Transit Center,67,SR23001412,Feeling unsafe waiting at North Lamar Transit Center,Safety Concerns,City of Austin / CapMetro,2025,Open,08/13/2025 12:00:00 AM
15,North Lamar Transit Center,67,SR23001413,Bus stop at North Lamar Transit Center missing shelter - riders exposed to weather,Missing Shelter,CapMetro,2023,Open,02/25/2023 12:00:00 AM
15,North Lamar Transit Center,67,SR23001414,Request safety improvements at North Lamar Transit Center stop,Safety Concerns,City of Austin / CapMetro,2023,Closed,02/08/2023 12:00:00 AM
15,North Lamar Transit Center,67,SR23001415,Missing seating at North Lamar Transit Center transit stop,Missing Benches,CapMetro,2025,Open,06/28/2025 12:00:00 AM
15,North Lamar Transit Center,67,SR23001416,Request shelter installation at North Lamar Transit Center,Missing Shelter,CapMetro,2023,Closed,09/04/2023 12:00:00 AM
15,North Lamar Transit Center,67,SR23001417,Riders getting wet at North Lamar Transit Center during rain,Weather Exposure,CapMetro,2025,Open,12/22/2025 12:00:00 AM
15,North Lamar Transit Center,67,SR23001418,No benches at North Lamar Transit Center bus stop,Missing Benches,CapMetro,2025,Closed,10/16/2025 12:00:00 AM
15,North Lamar Transit Center,67,SR23001419,Feeling unsafe waiting at North Lamar Transit Center,Safety Concerns,City of Austin / CapMetro,2023,Open,07/23/2023 12:00:00 AM
15,North Lamar Transit Center,67,SR23001420,Bus stop North Lamar Transit Center exposed to extreme heat/sun,Weather Exposure,CapMetro,2023,Open,08/02/2023 12:00:00 AM
15,North Lamar Transit Center,67,SR23001421,No benches at North Lamar Transit Center bus stop,Missing Benches,CapMetro,2023,Open,04/28/2023 12:00:00 AM
15,North Lamar Transit Center,67,SR23001422,Bus stop at North Lamar Transit Center missing shelter - riders exposed to weather,Missing Shelter,CapMetro,2023,Closed,12/02/2023 12:00:00 AM
15,North Lamar Transit Center,67,SR23001423,Transit stop North Lamar Transit Center needs shelter for rider protection,Missing Shelter,CapMetro,2025,Open,04/13/2025 12:00:00 AM
15,North Lamar Transit Center,67,SR23001424,No shelter at North Lamar Transit Center transit stop,Missing Shelter,CapMetro,2023,Open,11/30/2023 12:00:00 AM
15,North Lamar Transit Center,67,SR23001425,Request bench installation at North Lamar Transit Center,Missing Benches,CapMetro,2026,Closed,01/09/2026 12:00:00 AM
15,North Lamar Transit Center,67,SR23001426,Bus stop at North Lamar Transit Center missing shelter - riders exposed to weather,Missing Shelter,CapMetro,2023,Open,06/13/2023 12:00:00 AM
