STOP_ID,STOP_NAME,BENCHES,SHELTERS,BIKERACKS,TRASHCANS,LATITUDE,LONGITUDE
5305,3301 Wells Branch/Howard,True,False,False,True,30.44010377,-97.69526801
5302,TECH RIDGE BAY F,False,False,False,True,30.418324899999998,-97.66906965
5279,TECH RIDGE BAY J,False,False,False,True,30.41816086,-97.66799619
5191,MONTOPOLIS/CADDIE,False,False,False,False,30.22734989,-97.70200698
243,RIO GRANDE/15TH,True,False,False,True,30.27896561,-97.74633874
465,8912 LAMAR/PAYTON GIN,False,False,False,False,30.35783,-97.70014
467,FAIRFIELD RAPID  STATION (SB),True,True,True,True,30.35529611,-97.70312790000001
468,LAMAR/THURMOND,True,True,False,True,30.35313912,-97.70608203
471,7720 LAMAR/STOBAUGH,False,False,False,True,30.34604383,-97.71396555
472,7520 LAMAR/MORROW,True,False,False,True,30.34373908,-97.7153006
474,6814 LAMAR/JUSTIN,True,True,False,True,30.336204000000002,-97.720006
475,6600 LAMAR/BRENTWOOD,True,True,False,True,30.334163,-97.72131399999999
476,6200 LAMAR/DENSON,True,True,False,True,30.330984,-97.72328800000001
480,5528 LAMAR/KOENIG,True,True,False,False,30.324188000000003,-97.727573
483,5106 LAMAR/51ST,True,True,False,True,30.319053,-97.73080900000001
484,TRIANGLE STATION (SB),True,True,True,True,30.314586,-97.73252600000001
485,4500 GUADALUPE/45TH,True,True,False,True,30.311103,-97.73300900000001
486,GUADALUPE/43RD STREET,True,True,False,True,30.308828000000002,-97.73440599999999
487,GUADALUPE/41ST STREET,True,True,False,True,30.306695,-97.73577399999999
489,GUADALUPE/MAIDEN,True,True,False,True,30.301663,-97.738974
490,GUADALUPE/34TH STREET,True,True,False,True,30.300465,-97.73971399999999
494,GUADALUPE/27TH STREET,True,True,False,True,30.292195000000003,-97.741316
497,UT WEST MALL STATION (SB),True,True,False,True,30.286231,-97.741771
498,Guadalupe/W. 21St Street,True,True,False,True,30.28338403,-97.74208129
501,GUADALUPE/16TH STREET,False,False,False,False,30.27896216,-97.74270752
517,612 CONGRESS/RIVERSIDE,True,True,False,True,30.255385309999998,-97.74768538000001
522,2020 CONGRESS/CROCKETT,True,False,False,True,30.24305764,-97.75226256
526,2622 Congress/Cumberland,True,False,False,True,30.235694820000003,-97.75637374
527,2918 CONGRESS/LA VISTA,True,False,False,True,30.232590000000002,-97.75853
529,CONGRESS/PICKLE,True,False,False,True,30.22689556,-97.76193454999999
531,4210 Congress/Radam,False,False,False,True,30.220762710000002,-97.76541117
543,4722 CONGRESS/SHERATON,True,False,False,True,30.21474847,-97.76923202
545,5300 CONGRESS/RAMBLE,False,False,False,True,30.20868505,-97.77310811
546,Stassney SB Rapid,True,True,False,True,30.204553,-97.775064
550,115 WILLIAM CANNON/CIRCLE S,True,True,False,True,30.19266374,-97.77784079999999
551,409 WILLIAM CANNON/CIRCLE S,True,False,False,True,30.19208226,-97.77603682
552,601 WILLIAM CANNON/CIRCLE S,True,False,False,True,30.19138657,-97.77352978
553,Nelms/Bluff Springs,True,False,False,True,30.19273826,-97.76532653999999
554,BLUFF SPRINGS/WILLIAM CANNON,True,True,False,True,30.189427249999998,-97.76787922999999
555,412 WILLIAM CANNON/NORTH BLUFF,True,True,False,True,30.19177278,-97.77413853
556,110 WILLIAM CANNON/CIRCLE S,True,True,False,True,30.19297089,-97.77795451
558,6319 Congress/Circle S,True,True,False,True,30.197391869999997,-97.77690803
559,LITTLE TEXAS STATION (NB),True,True,True,True,30.20214533,-97.77551477
560,5405 CONGRESS/MOCKINGBIRD,True,True,False,True,30.20710733,-97.7737329
568,CONGRESS/ALPINE,False,False,False,True,30.22824773,-97.76094296000001
571,2705 CONGRESS/CUMBERLAND,True,True,False,True,30.23534693,-97.75632992999999
573,2203 Congress/Live Oak,True,True,False,False,30.24168937,-97.75242261999999
574,1901 CONGRESS/MARY,True,False,False,True,30.245024020000002,-97.75121189
576,CONGRESS/THE CIRCLE,True,False,False,True,30.25153144,-97.74878917
577,611 CONGRESS/ACADEMY,True,False,False,True,30.25534046,-97.74738952
590,Lavaca/12Th,True,False,False,True,30.27440792,-97.74299518000001
591,CAPITOL STATION (NB),True,True,True,True,30.27558669,-97.74255760000001
593,LAVACA/15TH,False,True,False,False,30.27738322,-97.74189415
603,31St Street Rapid  Station (NB),True,True,False,True,30.297767,-97.741167
604,GUADALUPE/34TH,True,False,False,True,30.300774,-97.739282
605,Guadalupe/38Th,False,False,False,True,30.302540999999998,-97.738161
606,HYDE PARK STATION (NB),True,True,True,True,30.304422000000002,-97.736957
607,GUADALUPE/41ST,False,False,False,True,30.306259,-97.73578499999999
608,GUADALUPE/43RD,False,False,False,True,30.308470999999997,-97.73436600000001
609,4413 GUADALUPE/45TH,True,False,False,True,30.310684000000002,-97.732962
610,TRIANGLE STATION (NB),True,True,True,True,30.314795999999998,-97.73226600000001
611,5007 LAMAR/51ST,True,True,False,True,30.318461,-97.730908
612,NORTH LOOP EAST RAPID STATION (NB),True,True,True,True,30.321317,-97.729114
613,5419 Lamar/Nelray,True,False,False,True,30.32278,-97.72821
614,5555 LAMAR/NELRAY,True,True,False,True,30.324163000000002,-97.727339
617,6201 LAMAR/DENSON,True,True,False,True,30.330183,-97.723541
618,6541 Lamar/Brentwood,False,False,False,True,30.333864,-97.7212
620,7240 Lamar/St Johns,True,True,False,True,30.339956,-97.71769
622,7545 LAMAR/MORROW,True,False,False,True,30.343850000000003,-97.71492
623,8071 Lamar/Research,True,True,False,True,30.34828348,-97.71155795
624,8415 LAMAR/THURMOND,True,True,False,True,30.3531206,-97.70572969999999
627,8745 LAMAR/DEEN,False,False,False,True,30.356404870000002,-97.70123967
628,8911 Lamar/Carpenter,True,False,False,True,30.35813794,-97.69962717
634,Oak Springs SB (Oak Springs/Airport),False,False,False,True,30.273609999999998,-97.69835
635,OAK SPRINGS/RIDGEWAY,True,True,False,True,30.27255583,-97.70456793
637,2420 ROSEWOOD/BEDFORD,True,True,False,True,30.272319460000002,-97.70829629
638,2370 Rosewood/Hargrave,False,False,False,True,30.271236000000002,-97.710649
657,907 11TH/BRANCH,True,True,False,True,30.26986048,-97.73124103
658,11TH/WALLER,True,True,False,True,30.2692707,-97.72968099
659,1201 11Th/Lydia,False,True,False,False,30.268613249999998,-97.72781951
661,1319 ROSEWOOD/ANGELINA,False,False,False,True,30.26878,-97.72446000000001
663,1909 Rosewood/Chicon,False,False,False,False,30.26969617,-97.71860068
665,2399 ROSEWOOD/HARGRAVE,False,False,False,True,30.271107,-97.710539
666,ROSEWOOD/WEBBERVILLE,True,False,False,True,30.27235735,-97.70514373
667,2807 Oak Springs/Webberville,True,True,False,True,30.27278742,-97.70232089
668,3201 OAK SPRINGS/AIRPORT,True,True,False,True,30.27348377,-97.69812723
669,OAK SPRINGS/SPRINGDALE,True,True,False,True,30.27353366,-97.69129579
674,NORTHCROSS TRANSFER CENTER,False,False,False,False,30.35361,-97.73592000000001
675,7500 Burnet/Richcreek,True,False,False,True,30.35065955,-97.73436184
678,BURNET/TWIN OAKS DR.,True,False,False,True,30.34269291,-97.73867123000001
684,North Loop Station (SB),True,True,False,True,30.324999079999998,-97.73968146
685,BURNET/HANCOCK,True,False,False,True,30.32221273,-97.73943584
686,BURNET/W. 49TH,True,False,False,True,30.32033263,-97.73931346
687,BURNET/W. 47TH,False,False,False,False,30.31812557,-97.73995173
688,Burnet/W. 45Th,True,False,False,True,30.31552807,-97.74162146
689,4214 MEDICAL PARKWAY/43RD,True,False,False,True,30.3124743,-97.742371
690,4112 MEDICAL PARKWAY/42ND,True,False,False,True,30.31090076,-97.74266652
691,MEDICAL PKWY/W. 40TH,True,False,False,True,30.30856554,-97.74274465
716,800 CESAR CHAVEZ/WEST,True,True,False,True,30.265741,-97.752406
717,B R Reynolds/Lamar,True,False,False,False,30.267401569999997,-97.75657645
722,1414 LAMAR/Collier/SB,False,False,False,False,30.25246518,-97.76411399
728,2806 Menchaca/LIGHTSEY,True,True,False,True,30.24303493,-97.78162764
729,3204 Menchaca/GLEN ALLEN,False,False,False,True,30.240345190000003,-97.7822417
730,3624 Menchaca/LARCHMONT,True,False,False,True,30.237452270000002,-97.78356842000001
732,3906 Menchaca/PRATHER,True,False,False,True,30.23396888,-97.78576524
733,4308 Menchaca/BEN WHITE,True,False,False,True,30.230503679999998,-97.78811229
734,4430 Menchaca/REDD,False,True,False,False,30.22846366,-97.78938049
735,4616 Menchaca/FOREST HILL,False,False,False,False,30.225990969999998,-97.79091579
736,4804 Menchaca/FRONTIER,False,False,False,False,30.223742910000002,-97.79234742
737,5000 Menchaca/JONES,False,False,False,True,30.22097509,-97.79406743999999
739,5322 Menchaca/INVERNESS,False,False,False,False,30.217683320000003,-97.79609279
740,5532 Menchaca/STASSNEY,True,True,False,True,30.216058070000003,-97.79716315
742,5720 Menchaca/WHITESTONE,True,True,False,True,30.21439146,-97.79951932
743,6212 Menchaca/BERKETT,True,False,False,True,30.21067061,-97.80362924
744,6372 Menchaca/BERKELEY,True,False,False,True,30.20895214,-97.80471053
745,6514 Menchaca/MILES,False,False,False,True,30.20707774,-97.80592988
750,Menchaca/William Cannon SE Corner,True,True,False,True,30.202686540000002,-97.80681634999999
751,6601 Menchaca/MILES,True,False,False,True,30.20690052,-97.80583713
752,6305 Menchaca/BERKELEY,True,True,False,True,30.20901796,-97.80449715
754,6001 Menchaca/INDEPENDENCE,False,False,False,False,30.21281047,-97.80188288
755,5701 Menchaca/WHITESTONE,True,True,False,True,30.214491050000003,-97.79885632
757,Menchaca/Inverness,False,False,False,False,30.21794919,-97.79571843
758,5309 Menchaca/FAIR OAKS,True,True,False,True,30.21905857,-97.79499758
764,4301 Menchaca/FORT VIEW,True,True,False,True,30.23086024,-97.78759926
765,3909 Menchaca/PRATHER,True,True,False,True,30.23404949,-97.78551382
767,3505 Menchaca/LARCHMONT,True,True,False,True,30.238295389999998,-97.78291519
768,3201 Menchaca/GLEN ALLEN,False,False,False,False,30.24051198,-97.78208353
771,2639 LAMAR/DICKSON,True,True,False,False,30.24537706,-97.77969295
772,2401 LAMAR/BLUEBONNET,True,True,False,True,30.24675173,-97.77739539
773,2201 LAMAR/KINNEY,False,False,False,True,30.247278689999998,-97.77427813999999
776,1458 Lamar/Collier,True,True,False,True,30.25228928,-97.76397235
777,LAMAR SQUARE STATION (NB),True,True,True,True,30.254033640000003,-97.76259222
781,BARTON SPRINGS STATION (NB),True,True,True,True,30.261633850000003,-97.75805265999999
806,3105 LAMAR/31ST,True,False,False,True,30.30053015,-97.74595395
807,3317 LAMAR/34TH,True,False,False,True,30.302553479999997,-97.74468329000001
809,38TH/MEDICAL PKWY,False,False,False,False,30.30568622,-97.74387865
811,MEDICAL PKWY/41ST,True,False,False,True,30.30973113,-97.74257581
813,MEDICAL PKWY/44TH,False,False,False,True,30.31405397,-97.74191637
814,BURNET/45TH,True,True,False,True,30.316019999999998,-97.741032
815,BURNET/49TH,True,False,False,True,30.32049391,-97.7391454
816,5011 Burnet/Hancock,False,False,False,False,30.32176554,-97.7392421
817,NORTH LOOP STATION (NB),True,True,True,True,30.32628396,-97.7395663
819,Burnet/Houston,False,False,False,False,30.328766,-97.73974199999999
820,BURNET/ADAMS,True,False,False,True,30.33044581,-97.73987586
821,5621 Burnet/Northland,False,False,False,False,30.332384,-97.739997
822,ALLANDALE STATION (NB),True,True,True,True,30.334200239999998,-97.73980027
824,6425 Burnet/Whitehorse,True,True,False,True,30.33997024,-97.73890007
826,JUSTIN STATION (NB),True,True,True,True,30.345183329999998,-97.73755
827,Burnet/Greenlawn Pkwy,False,False,False,True,30.34851,-97.73545
828,7439 BURNET/RICHCREEK,False,False,False,False,30.3504,-97.73424
829,Northcross Station (NB),True,True,True,True,30.353858,-97.732081
832,Hogan/Community,False,False,False,False,30.236954089999998,-97.7020619
834,1214 Montopolis/Larch,False,False,False,True,30.23243375,-97.69876876000001
847,2700 7Th/Calles,True,True,False,True,30.26066503,-97.71152051
848,2500 7TH/PEDERNALES,False,False,False,True,30.26096279,-97.71355985999999
864,TRINITY/12TH,True,True,False,True,30.27270884,-97.73714986
866,Medical School NB (Trinity/17th),False,False,False,True,30.27751,-97.73539699999999
870,1509 MARTIN LUTHER KING/COMAL,False,False,False,False,30.27907399,-97.72470098
872,1813 MARTIN LUTHER KING/CHICON,True,True,False,True,30.27969503,-97.72137166
873,2207 MARTIN LUTHER KING/FERDINAND,False,False,False,False,30.28023,-97.71813700000001
874,2401 MARTIN LUTHER KING/MAPLE,False,False,False,True,30.28058628,-97.71594906
875,2615 MARTIN LUTHER KING/WALNUT,True,False,False,True,30.280971909999998,-97.71345772000001
877,2915 MARTIN LUTHER KING/CLIFFORD,True,False,False,True,30.28186864,-97.70779865
880,3431 MARTIN LUTHER KING/GREENWOOD,False,False,False,True,30.28331826,-97.69819697
1118,1819 12TH/CHICON,True,False,False,True,30.27369504,-97.72000133
1121,2601 12TH/CEDAR,True,False,False,True,30.274814759999998,-97.7128459
1123,2863 12TH/ALEXANDER,False,False,False,False,30.2755333,-97.70834871999999
1126,3245 12TH/AIRPORT,True,True,False,True,30.276730920000002,-97.70054738
1127,3403 12TH/GREENWOOD,False,False,False,False,30.277301,-97.69708502
1128,3525 12TH/E M FRANKLIN,False,False,False,True,30.2777222,-97.69440216
1130,1201 WEBBERVILLE/12TH,True,False,False,True,30.27828241,-97.68454407
1132,1419 WEBBERVILLE/FORT BRANCH,False,False,False,False,30.279743999999997,-97.680966
1138,4021 TANNEHILL/SAMUEL HUSTON,False,False,False,False,30.27919211,-97.67397735
1141,1194 RUNDBERG/TEASDALE,True,True,False,True,30.353997,-97.68111
1143,838 RUNDBERG/MIDDLE FISKVILLE,True,True,False,True,30.357436999999997,-97.686345
1148,GEORGIAN/HOME PL.,True,True,False,True,30.355832239999998,-97.69647379999999
1149,GEORGIAN/ELLIOTT,True,False,False,True,30.3532888,-97.69904159
1150,GEORGIAN/JENNIFER,True,True,False,True,30.349752029999998,-97.70201552
1151,GEORGIAN/POWELL,True,True,False,True,30.34769706,-97.70323417
1152,8000 GEORGIAN/ANDERSON,True,True,False,True,30.34490167,-97.70465949
1153,7700 NORTHCREST/ANDERSON,True,True,False,True,30.34336011,-97.70587812
1156,CRESTLAND/MEADOWVIEW,False,False,False,True,30.339681470000002,-97.71176143999999
1157,7414 GUADALUPE/CRESTLAND,False,False,False,False,30.339901,-97.713146
1158,7106 GUADALUPE/ST JOHNS,True,False,False,True,30.337324329999998,-97.71483329
1159,GUADALUPE/SWANEE,True,False,False,True,30.33570456,-97.71590286
1160,105 HIGHLAND MALL/JONATHAN,True,False,False,True,30.32849133,-97.71360287
1164,5600 AVENUE F/56TH,True,True,False,True,30.321167470000002,-97.71899609
1168,DUVAL/51ST,True,True,False,True,30.31436241,-97.71992247
1169,DUVAL/48TH,False,False,False,False,30.31096778,-97.72212947
1171,DUVAL/43RD,True,False,False,True,30.304380400000003,-97.72635661999999
1172,4002 DUVAL/41ST,True,False,False,True,30.30167363,-97.72803809999999
1174,DUVAL/33RD,True,True,False,True,30.29564931,-97.7318316
1175,3200 DUVAL/32ND,False,False,False,False,30.29460292,-97.73249546
1176,DUVAL/30TH,True,True,False,True,30.291876279999997,-97.73422195
1177,SAN JACINTO/DEAN KEETON NW CORNER,True,True,False,True,30.28959901,-97.73468563
1178,2324 San Jacinto/24Th,True,False,False,False,30.28671031,-97.73365208
1179,UT Stadium SB (San Jacinto/23rd),False,False,False,True,30.285505999999998,-97.733782
1180,2098 SAN JACINTO/21ST,True,False,False,True,30.283014,-97.7341
1186,715 RIVERSIDE/ALAMEDA,False,False,False,False,30.25073448,-97.74060987
1187,1005 EAST RIVERSIDE/TRAVIS HEIGHTS,True,False,False,True,30.249589500000003,-97.73834798
1188,RIVERSIDE/KENWOOD,False,False,False,False,30.24859168,-97.73688577
1190,1724 BURTON/WOODLAND,True,True,False,True,30.236152,-97.72845899999999
1191,1920 BURTON/MARIPOSA,True,True,False,True,30.233861169999997,-97.731812
1193,2310 PARKER/OLTORF,True,True,False,True,30.23187412,-97.73728541
1194,2504 PARKER/BRAXTON,False,False,False,True,30.22992892,-97.73855666
1195,2718 PARKER/ROYAL HILL,False,False,False,False,30.22750366,-97.74050515
1199,WOODWARD/BEN WHITE NW CORNER,True,True,False,True,30.217146569999997,-97.74404159
1202,FREIDRICH/DIRECTORS,True,True,False,True,30.21249276,-97.74820863
1203,4600 FREIDRICH/ST ELMO,True,True,False,True,30.208182750000002,-97.75090758
1204,2035 Teri/Merritt,False,False,False,True,30.201932,-97.7521797
881,3601 MARTIN LUTHER KING/EM FRANKLIN,False,False,False,False,30.28369938,-97.69571236
882,3815 MARTIN LUTHER KING/PEREZ,True,False,False,True,30.284091359999998,-97.69316106
886,MARTIN LUTHER KING/SPRINGDALE,False,False,False,False,30.28569,-97.68292000000001
898,4850 MARTIN LUTHER KING/SPRINGDALE,False,False,False,False,30.28599372,-97.68224581999999
902,3900 MARTIN LUTHER KING/PEREZ,True,True,False,True,30.284342260000003,-97.69295054999999
905,3300 MARTIN LUTHER KING/TILLERY,False,False,False,False,30.283022470000002,-97.70154437
909,2700 MARTIN LUTHER KING/WALNUT,True,True,False,True,30.28113011,-97.71331666
910,2300 MARTIN LUTHER KING/CHESTNUT,True,False,False,True,30.28054941,-97.71713644
911,1900 MARTIN LUTHER KING/CHICON,True,True,False,True,30.27987727,-97.72110075
913,1498 MARTIN LUTHER KING/COMAL,False,False,False,True,30.27907499,-97.72560201
916,Medical School SB (San Jacinto/17th),True,True,False,True,30.277722999999998,-97.736643
919,SAN JACINTO/14TH,True,True,False,True,30.27545135,-97.73752573
924,7TH/SAN JACINTO,False,False,False,False,30.26827384,-97.74021901
928,511 7Th/Red River,True,True,False,True,30.26746228,-97.73716638
929,7TH/SAN MARCOS,True,False,False,False,30.265971129999997,-97.73226809
934,CHICON/EAST 7TH,True,True,False,True,30.26251138,-97.72232717
935,7TH/ROBERT T MARTINEZ JR,True,True,False,False,30.26153155,-97.71819542
936,2425 7TH/PEDERNALES,True,False,False,True,30.26085119,-97.7139043
937,2621 7TH/CALLES,False,False,False,False,30.26053343,-97.71183065999999
938,2789 7TH/PLEASANT VALLEY,True,True,False,True,30.260049000000002,-97.709665
939,3223 7TH/ALLEN,True,False,False,True,30.257757559999998,-97.70451417999999
940,3535 7TH/SPRINGDALE,False,False,False,False,30.25602546,-97.7018194
942,4999 7Th/Shady,False,False,False,False,30.25339697,-97.69788622
944,618 VARGAS/PONCA,False,False,False,False,30.235736000000003,-97.692557
950,6306 RIVERSIDE/MONTOPOLIS,True,True,False,True,30.224996,-97.703124
951,6000 RIVERSIDE/CLUBVIEW,True,True,False,True,30.22658621,-97.70671096
953,1101 GROVE (ACC RIVERSIDE),False,False,False,False,30.23500809,-97.70417936
954,2007 ANDERSON/BURNET,True,False,False,True,30.354472249999997,-97.72761641999999
956,WOODROW/ANDERSON,True,True,False,True,30.35245,-97.7234
958,WOODROW/PRINCETON,False,False,False,False,30.349882249999997,-97.7231855
960,WOODROW/RICHCREEK,False,False,False,False,30.34606774,-97.72479881
962,7100 WOODROW/PIEDMONT,True,False,False,True,30.34298079,-97.72512361999999
963,7000 WOODROW/CULLEN,True,False,False,True,30.34152179,-97.72590396
964,6800 WOODROW/CHOQUETTE,True,False,False,True,30.33920801,-97.72737618
965,6600 WOODROW/BRENTWOOD,True,False,False,False,30.33747935,-97.72846127
966,WOODROW/PAYNE,True,False,False,True,30.33592323,-97.72944629999999
967,WOODROW/ROMERIA,False,False,False,False,30.33363718,-97.73068234
968,5900 Woodrow/Koenig,True,False,False,True,30.33102405,-97.73160014
969,5626 WOODROW/THECKLA,True,False,False,True,30.3288663,-97.7329575
970,5500 Woodrow/Houston,True,False,False,False,30.32646068,-97.73450516999999
971,5300 WOODROW/NORTH LOOP,True,False,False,True,30.32429563,-97.73584927
972,5200 Woodrow/North,False,False,False,True,30.32257101,-97.73695461000001
973,1215 51ST/GROVER,False,False,False,True,30.32053842,-97.73587302
974,1143 49Th/Grover,True,False,False,True,30.3185474,-97.73646302
977,909 45Th/Lamar,True,False,False,True,30.31298018,-97.7368871
978,507 45TH/GUADALUPE,True,False,False,True,30.31060658,-97.73261795
979,301 45Th/Avenue C,True,True,False,True,30.30953467,-97.73039186
980,SPEEDWAY/45TH,True,False,False,True,30.30834951,-97.72867382
981,4300 Speedway/43Rd,True,True,False,True,30.30669688,-97.7297315
982,4004 SPEEDWAY/40TH,False,False,False,False,30.30349785,-97.73178617
983,3812 Speedway/38Th Half,True,True,False,True,30.301380130000002,-97.73313232
985,3204 SPEEDWAY/33RD,True,True,False,True,30.29713034,-97.73581589999999
993,CESAR CHAVEZ/BRAZOS,False,False,False,True,30.262969,-97.74336500000001
995,515 CESAR CHAVEZ/RED RIVER,False,False,False,False,30.261712000000003,-97.738932
999,Riverside/Summit,True,True,False,True,30.24597606,-97.73183637000001
1002,RIVERSIDE/BURTON,False,False,False,False,30.2403407,-97.72730792
1003,2237 Riverside/Willow Creek,True,True,False,True,30.23827522,-97.72601453
1005,2507 RIVERSIDE/PLEASANT VALLEY,True,True,False,True,30.23386704,-97.72375971
1008,4411 OLTORF/HUNTWICK,True,True,False,True,30.22661937,-97.72626028
1009,2401 WICKERSHAM/OLTORF,True,True,False,True,30.22603941,-97.72348799
1010,WICKERSHAM/CROMWELL,True,True,False,True,30.22702065,-97.72184673
1011,2207 WICKERSHAM/SHERINGHAM,True,True,False,True,30.229315,-97.721353
1013,4825 RIVERSIDE/KIRKSEY,True,False,False,True,30.23131624,-97.71704143
1015,5401 RIVERSIDE/FARO,True,False,False,True,30.22916872,-97.71232413999999
1017,RUIZ LIBRARY,True,True,False,True,30.229539080000002,-97.70655792000001
1018,RIVERSIDE/FARO,True,True,False,True,30.22983277,-97.71289781
1021,4823 RIVERSIDE/CROSSING PLACE,False,True,False,False,30.23192786,-97.71786136
1022,2100 WICKERSHAM/RIVERSIDE,True,True,False,True,30.23152567,-97.72088384
1023,WICKERSHAM/SHERINGHAM,True,False,False,True,30.22991387,-97.72149306
1024,2300 WICKERSHAM/CROMWELL,True,False,False,True,30.22753384,-97.72173054
1025,2440 WICKERSHAM/OLTORF,True,False,False,True,30.22608309,-97.72378368999999
1027,Oltorf East NB (Pleasant Valley/Oltorf),False,False,False,False,30.228002,-97.727295
1028,Sheringham NB (Pleasant Valley/Sheringham),False,False,False,False,30.231158,-97.72530900000001
1030,RIVERSIDE/WILLOW CREEK,True,True,False,True,30.23806534,-97.72563476
1032,RIVERSIDE/TOWN CREEK,True,True,False,True,30.24114044,-97.72759139
1034,1600 RIVERSIDE/SUMMIT,True,True,False,True,30.24650527,-97.73196915
1038,400 CESAR CHAVEZ/TRINITY,False,False,False,False,30.26246,-97.74083999999999
1042,2231 GUADALUPE/WEST MALL UT,True,True,False,True,30.285753999999997,-97.74162000000001
1049,SPEEDWAY/35TH,True,False,False,True,30.29921721,-97.73434115
1051,SPEEDWAY/39TH,True,False,False,True,30.301590620000002,-97.73282535999999
1053,4301 SPEEDWAY/43RD,True,False,False,True,30.30661566,-97.72961587
1054,108 45TH STREET/AVENUE D,False,False,False,True,30.30911167,-97.72923512000001
1055,408 45TH STREET/AVENUE A,True,False,False,True,30.31042454,-97.73187799
1056,619 45Th/Guadalupe,False,False,False,False,30.3111221,-97.73327693
1057,918 45TH/LAMAR,True,False,False,True,30.313397390000002,-97.73724515
1058,SUNSHINE STATION (NB),True,True,True,True,30.316419000000003,-97.735728
1059,4801 SUNSHINE (CRISS COLE REHAB),True,True,False,True,30.317373,-97.735125
1060,1100 49TH/GROVER,True,False,False,True,30.318789,-97.736638
1061,1200 51ST/GROVER,False,False,False,True,30.32070687,-97.73598895
1062,5113 WOODROW/NORTH,False,False,False,False,30.322370959999997,-97.73689186
1063,5223 WOODROW/NORTH LOOP,True,False,False,True,30.324060650000003,-97.73582418
1064,5413 WOODROW/HOUSTON,True,False,False,True,30.32618619,-97.73448198999999
1065,5515 WOODROW/HOUSTON,False,False,False,True,30.32756476,-97.73360276999999
1066,5701 WOODROW/THECKLA,True,False,False,False,30.32903418,-97.73267274
1067,5819 WOODROW/KOENIG,True,True,False,True,30.33073718,-97.73157977999999
1068,WOODROW/ALGUNO,False,False,False,False,30.33281105,-97.73068243
1069,WOODROW/ALEGRIA,False,False,False,False,30.33457267,-97.730128
1070,6523 WOODROW/BRENTWOOD,False,False,False,False,30.33727905,-97.72841998
1072,WOODROW/DWYCE,True,False,False,True,30.34017063,-97.72659391
1074,7115 WOODROW/PIEDMONT,False,False,False,True,30.34284937,-97.72498440000001
1075,WOODROW/PASADENA,False,False,False,False,30.344977059999998,-97.72520981
1076,WOODROW/MORROW,True,False,False,False,30.34742954,-97.72376089999999
1077,7717 WOODROW/PRINCETON,False,False,False,False,30.34989,-97.72302
1078,1700 ANDERSON/WOOTEN PARK,False,False,False,False,30.35279,-97.72362000000001
1080,ANDERSON/MULLEN,True,False,False,True,30.35401,-97.72622000000001
1085,JACKIE ROBINSON/DELANO,False,False,False,True,30.27658795,-97.67834977999999
1089,1420 WEBBERVILLE/FORT BRANCH,False,False,False,True,30.27988973,-97.6810631
1091,12TH/WEBBERVILLE,False,False,False,False,30.278253999999997,-97.684918
1092,4600 12TH/SPRINGDALE,True,True,False,True,30.27894118,-97.68668153
1093,12TH/COMETA,True,False,False,True,30.27863882,-97.68953847
1094,3522 12TH/E M FRANKLIN,True,False,False,True,30.27786394,-97.69446136
1096,3250 12TH/AIRPORT,True,False,False,True,30.27697755,-97.70017774
1098,12TH/HARVEY,False,False,False,False,30.27634559,-97.70423973
1099,2900 12TH/ALEXANDER,True,False,False,True,30.27572262,-97.7080935
1101,12TH/CEDAR,True,True,False,True,30.27487928,-97.71339943000001
1102,2204 12TH/CHESTNUT,True,False,False,True,30.27438978,-97.71648558
1103,1914 12TH/CHICON,True,False,False,True,30.27396274,-97.71914192999999
1105,1700 12TH/LEONA,True,False,False,True,30.27352067,-97.72186954
1106,1400 12TH/ANGELINA,True,False,False,False,30.2730592,-97.72490042000001
1107,1220 12TH/SAN BERNARD,True,False,False,True,30.27272693,-97.72684425
1109,12TH/IH-35,True,False,False,True,30.27208786,-97.73084211
1113,12TH/BRANCH,False,False,False,False,30.271885859999998,-97.7313058
1114,12TH/NAVASOTA,True,False,False,True,30.272434,-97.727844
1212,Dove Springs SB (Pleasant Valley/Stassney),False,False,False,True,30.193748,-97.744772
1213,Village Square SB (Pleasant Valley/Village Square),True,False,False,True,30.188889,-97.745545
1214,6100 PLEASANT VALLEY/DOVE SPRINGS,False,False,False,False,30.18535838,-97.74564774999999
1215,6406 PLEASANT VALLEY/CREEK BEND,False,False,False,True,30.182114,-97.74609699999999
1219,6107 PLEASANT VALLEY/TURNSTONE,False,False,False,False,30.185198139999997,-97.74519599999999
1220,Village Square NB (Pleasant Valley/Village Square),False,False,False,True,30.188891,-97.74529
1223,2522 STASSNEY/CHAPARRAL,True,True,False,True,30.19391933,-97.747016
1224,2408 STASSNEY/PALO BLANCO,True,True,False,True,30.19371366,-97.75068513000001
1228,2008 TERI/PEPPER,False,False,False,False,30.20232785,-97.75251618
1229,4801 FREIDRICH/TERI,True,False,False,True,30.204466,-97.753036
1230,4601 FREIDRICH/CITY YARD,True,False,False,False,30.20817397,-97.75068392
1231,4217 FREIDRICH/ST ELMO,False,False,False,False,30.211339000000002,-97.748689
1232,4115 FREIDRICH/WOODWARD,False,False,False,False,30.21348372,-97.74611584
1233,WOODWARD/BEN WHITE SE CORNER,True,True,False,True,30.21508108,-97.74414559
1235,1901 WOODWARD/PARKER,True,True,False,True,30.21945602,-97.74378943
1237,3101 PARKER/WICKSHIRE,False,False,False,False,30.22451719,-97.74215801999999
1238,2801 PARKER/ROYAL HILL,False,False,False,False,30.22738128,-97.74038665
1239,2501 PARKER/BRAXTON,False,False,False,False,30.23014409,-97.73819975
1240,2301 PARKER/OLTORF,False,True,False,True,30.232115999999998,-97.73693377000001
1242,2001 BURTON/MARIPOSA,False,False,False,False,30.233411,-97.73192499999999
1243,BURTON/VALLEY HILL CIR.,True,True,False,True,30.23405859,-97.73130939
1244,1801 BURTON/WOODLAND,True,True,False,True,30.23576406,-97.72851011
1246,1000 EAST RIVERSIDE/TRAVIS HEIGHTS,True,True,False,True,30.24990589,-97.73859387
1249,150 RIVERSIDE/Congress,True,True,False,True,30.25586783,-97.74545963
1253,2031 SAN JACINTO/21ST,True,False,False,True,30.28310419,-97.73391034000001
1256,2525 SAN JACINTO/DEAN KEETON,True,True,True,True,30.28877553,-97.73439725
1257,Duval/Bellevue,True,True,False,True,30.29212682,-97.73391675
1258,DUVAL/32ND,False,False,False,True,30.2933836,-97.73310790999999
1259,Duval/Harris,False,False,False,True,30.29591,-97.73149
1260,3717 DUVAL/38TH,True,False,False,True,30.29851458,-97.72983139
1261,4017 Duval/41St,False,False,False,True,30.30213956,-97.72760401
1262,DUVAL/PARK,True,False,False,True,30.30413196,-97.72635770999999
1263,4433 Duval/45Th,True,False,False,False,30.30689615,-97.72457614000001
1264,4533 DUVAL/45TH,False,False,False,False,30.30830072,-97.72367774
1265,4803 Duval/48Th Street,True,False,False,False,30.31117444,-97.72178939999999
1267,Duval/Bruning,True,False,False,True,30.31443508,-97.71969535
1271,5613 Avenue F/Koenig,True,False,False,True,30.32159845,-97.71872993
1273,6902 AIRPORT BLVD/GUADALUPE,True,False,False,True,30.33435865,-97.7170391
1274,Guadalupe/Kennistson,True,False,False,True,30.334693740000002,-97.71637678
1275,7125 GUADALUPE/ST JOHNS,True,True,False,True,30.337671399999998,-97.71442723999999
1276,7417 Guadalupe/Crestland,False,False,False,False,30.339996030000002,-97.7128983
1278,7601 Northcrest/Prairie Dell,True,False,False,True,30.340632409999998,-97.70842089
1282,GEORGIAN/RED OAK,True,True,False,True,30.349493849999998,-97.70200595
1283,Georgian/Walnut,False,False,False,True,30.35129654,-97.70050905000001
1284,GEORGIAN/LITTLE WALNUT,True,False,False,True,30.353430630000002,-97.69872809
1285,Georgian/Home Place,False,False,False,False,30.356009160000003,-97.69616945
1286,9013 GEORGIAN/FAWNRIDGE,False,False,False,False,30.3581216,-97.69480892
1289,307 Rundberg/North Creek,False,False,False,True,30.36003935,-97.69202707999999
1296,7346 LAMAR/SUGAREE,False,False,False,False,30.34127,-97.71682000000001
1308,1127 ST JOHNS/GRAND CANYON,True,True,False,True,30.32832204,-97.69484586
1313,BERKMAN/US 290 NW CORNER,True,True,False,True,30.3223,-97.68924
1316,6208 Berkman/Glen Valley,True,False,False,True,30.316451190000002,-97.69122274
1318,5810 BERKMAN/SWEETBRIAR,True,True,False,True,30.312310970000002,-97.69366567
1319,Berkman/Cloverleaf,False,False,False,True,30.30934162,-97.69553884999999
1330,4612 Springdale/Touchstone,True,False,False,True,30.2896029,-97.68029616
1331,1811 SPRINGDALE/MARTIN LUTHER KING,True,True,False,True,30.286133810000003,-97.68260842
1332,Springdale/Oak Cliff,True,False,False,True,30.28500595,-97.6832814
1334,Springdale/Glomar,False,False,False,True,30.281879370000002,-97.68530505
1335,1200 SPRINGDALE/12TH,True,True,False,True,30.279233559999998,-97.68696467999999
1336,1150 Springdale/Webberville,False,False,False,False,30.276735210000002,-97.68848921
1337,1106 SPRINGDALE/LEDESMA,True,True,False,True,30.27430333,-97.69009046
1338,1050 Springdale/Prock,True,True,False,True,30.270901130000002,-97.69222474
1339,1018 SPRINGDALE/GOODWIN,True,True,False,True,30.26757906,-97.69434927
1341,3600 GOVALLE/GUNTER,False,False,False,False,30.265076,-97.699351
1342,3200 Govalle/Tillery,True,False,False,False,30.266019999999997,-97.70202
1344,Govalle/Webberville,True,True,False,True,30.26774,-97.70698900000001
1346,850 Pleasant Valley/Webberville,True,True,False,True,30.26517,-97.70882499999999
1347,820 PLEASANT VALLEY/LYONS,True,True,False,True,30.263658,-97.708344
1349,7th Street SB (Pleasant Valley/7th),False,False,False,True,30.259748,-97.70973599999999
1353,Roy G Guerrero SB (Pleasant Valley/Lakeshore),True,False,False,True,30.2422,-97.717511
1356,Oltorf East SB (Oltorf/Pleasant Valley),False,False,False,True,30.227843,-97.728279
1358,2030 Oltorf/Willow Creek,True,True,False,True,30.23020959,-97.73174923
1359,2201 BURTON/OLTORF,True,True,False,True,30.231208350000003,-97.73355043000001
1361,Burton/Riverside,True,True,False,True,30.23919636,-97.72757849000001
1363,Elmont/Pleasant Valley/1,False,False,False,False,30.239624,-97.721486
1364,Roy G Guerrero NB (Pleasant Valley/Lakeshore),False,False,False,False,30.242205000000002,-97.717284
1365,517 Pleasant Valley (Krieg Field),False,False,False,False,30.246284000000003,-97.71469
1368,501 PLEASANT VALLEY/5TH,True,True,False,True,30.257443000000002,-97.710596
1369,7th Street NB (Pleasant Valley/7th),False,False,False,False,30.25986,-97.709481
1372,819 PLEASANT VALLEY/LYONS,False,False,False,False,30.263548,-97.70822600000001
1373,851 Pleasant Valley/Webberville,True,True,False,True,30.265299,-97.70878099999999
1377,3601 Govalle/Gunter,True,True,False,True,30.264616320000002,-97.69846338
1379,1017 SPRINGDALE/GOODWIN,True,True,False,True,30.26724381,-97.69438776
1381,1053 SPRINGDALE/PROCK,True,True,False,True,30.271060000000002,-97.69193
1382,1107 SPRINGDALE/LEDESMA,True,True,False,True,30.27429894,-97.68989397
1383,1161 SPRINGDALE/WEBBERVILLE,False,False,False,True,30.27709588,-97.68806415
1384,1207 SPRINGDALE/12TH,True,True,False,True,30.279924490000003,-97.68634612
1385,SPRINGDALE/LESLIE,False,False,False,True,30.28237443,-97.68481511
1387,1819 SPRINGDALE/MARTIN LUTHER KING,False,False,False,False,30.28557,-97.68272999999999
1396,BERKMAN/LARKWOOD,False,False,False,True,30.310360000000003,-97.69472999999999
1398,6001 BERKMAN/BRIARCLIFF,True,True,False,True,30.3147858,-97.69204946999999
1399,6207 BERKMAN/GLEN VALLEY,False,False,False,True,30.31646014,-97.69102916
1400,6509 BERKMAN/WHELESS,True,False,False,True,30.31872825,-97.68963394
1401,BERKMAN/US 290 SE CORNER,True,True,False,False,30.320740999999998,-97.688771
1402,BERKMAN/US 290 NE CORNER,True,True,False,True,30.32244,-97.68899
1409,1008 ST JOHNS/BETHUNE,True,True,False,True,30.33032,-97.69854
1410,900 ST JOHNS/BENNETT,True,False,False,True,30.33159413,-97.70124661
1412,7100 ROLAND JOHNSON/ST JOHNS,True,True,False,False,30.333174000000003,-97.706079
1413,6970 ROLAND JOHNSON/HUNTLAND,True,False,False,True,30.33090727,-97.70698253
1414,300 HUNTLAND/BRENDA,False,False,False,True,30.33085358,-97.71068106999999
1415,6500 JONATHAN DR (HIGHLAND MALL),True,True,False,True,30.32876675,-97.71305591999999
1417,7401 LAMAR/ST JOHNS,True,True,False,True,30.341113500000002,-97.71660694
1423,EXPOSITION/WARREN,False,False,False,False,30.3095512,-97.762879
1424,EXPOSITION/MOUNTAIN LAUREL,False,False,False,False,30.307627970000002,-97.76340203000001
1425,EXPOSITION/NORTHWOOD,True,False,False,True,30.305495989999997,-97.76492747
1426,2728 EXPOSITION (CASIS ELEMENTARY),True,True,False,True,30.30378971,-97.76454165999999
1440,2525 ENFIELD/NORWALK,True,True,False,True,30.28998335,-97.77120002
1444,1801 ENFIELD/HARTFORD,True,True,False,True,30.28478599,-97.76223336000001
1446,1603 ENFIELD/WEST LYNN,True,True,False,True,30.28277104,-97.75810512
1465,OLTORF/ALTA VISTA,True,True,False,True,30.23632,-97.74719
1466,1101 OLTORF/ALTA VISTA,True,False,False,True,30.23565061,-97.74568787999999
1467,1313 OLTORF/SCHRIBER,True,True,False,True,30.23420187,-97.74301770999999
1474,1605 OLTORF/IH 35,True,False,False,True,30.23321958,-97.73945939000001
1475,1747 OLTORF/PARKER,False,True,False,True,30.232278819999998,-97.73709831
1494,710 OLTORF/EAST SIDE,True,False,False,True,30.23677018,-97.74861134999999
1511,ENFIELD/PEASE,False,False,False,False,30.28310249,-97.75893357
1513,1728 ENFIELD/HARTFORD,False,False,False,False,30.28461954,-97.76171652000001
1517,2600 ENFIELD/NORWALK,True,False,False,True,30.29081778,-97.77238768
1519,Enfield/Hopi,False,False,False,False,30.29241134,-97.77568425999999
1541,6403 S 1ST/EBERHART,True,True,False,True,30.200330979999997,-97.78567317
1542,6001 S 1ST/FLOURNOY,True,True,False,True,30.20363386,-97.783793
1545,5201 S 1ST/RAMBLE,False,False,False,False,30.211572620000002,-97.77902523
1546,5001 S 1ST/EMERALD WOOD,False,False,False,False,30.213275720000002,-97.77801084000001
1548,4617 S 1ST/ORLAND,False,False,False,False,30.21679882,-97.77545353000001
1549,4401 S 1ST/ST ELMO,True,True,False,True,30.22093712,-97.77290886
1550,4217 S 1ST/RADAM,True,False,False,True,30.22368775,-97.77117376000001
1553,3837 S 1ST/Ben White,True,True,False,True,30.22722,-97.768914
1554,3715 1ST/SOUTH CENTER,False,False,False,True,30.229637,-97.76737
1556,3361 S 1ST/Lightsey,True,True,False,True,30.232198,-97.765807
1557,3001 S 1ST/POWELL,True,True,False,True,30.2350942,-97.76397523
1558,2701 S 1ST/CUMBERLAND,True,False,False,True,30.23806053,-97.76210624000001
1559,2529 S 1ST/HERNDON,False,False,False,False,30.239949059999997,-97.76085923000001
1560,2401 S 1ST/OLTORF,True,True,False,True,30.24193019,-97.75965645000001
1561,2201 S 1ST/LIVE OAK,True,False,False,True,30.244369159999998,-97.75765716
1562,1801 S 1ST/ANNIE,True,False,False,True,30.24724139,-97.75583642
1564,1001 S 1ST/COPELAND,False,False,False,True,30.253611,-97.75294
1565,615 SOUTH 1ST/COPELAND,True,False,False,True,30.25619168,-97.75128415
1566,505 S 1ST/BARTON SPRINGS,False,False,False,False,30.25813735,-97.75006937
1567,301 S 1St/Riverside,False,False,False,False,30.259425919999998,-97.7493566
1578,Cherrywood NB (Manor/Chestnut),True,False,False,False,30.284437,-97.717846
1580,2709 MANOR/WALNUT,False,False,False,True,30.28509117,-97.71356974999999
1582,Alexander Station NB (Manor/Alexander),False,False,False,True,30.285646999999997,-97.709889
1588,MORRIS WILLIAMS GOLF COURSE,False,False,False,False,30.29007715,-97.69463284999999
1589,4601 MANOR/LOVELL,False,False,False,False,30.29279259,-97.68920689
1592,MANOR/PECAN SPRINGS,True,False,False,True,30.301197950000002,-97.68479052
1594,Manor at Rogge NB (Manor/Rogge),False,False,False,False,30.30476,-97.68108
1595,5819 MANOR/SWEENEY,True,True,False,True,30.30630987,-97.68006812
1599,University Hills NB (Manor/Northeast),False,False,False,True,30.308569,-97.67035
1600,6699 MANOR/LOYOLA,True,True,False,True,30.309919999999998,-97.66719
1601,Springdale Center NB (Manor/Susquehanna),False,False,False,False,30.312849,-97.66503100000001
1603,Delco Center NB (Pecan Brook/Springdale),False,False,False,True,30.317670999999997,-97.65943100000001
1606,5513 PECAN BROOK/TUMBLEWEED,True,False,False,True,30.31318214,-97.65315341
1608,Purple Sage NB (Crystalbrook/Purple Sage),False,False,False,False,30.308,-97.652679
1614,Purple Sage SB (Crystalbrook/Purple Sage),False,False,False,True,30.308573,-97.652374
1615,5600 PECAN BROOK/TUMBLEWEED,True,True,False,True,30.31309159,-97.65260501
1616,LBJ High School SB (Pecan Brook/Uray),False,False,False,True,30.314638,-97.655825
1618,Delco Center SB (Pecan Brook/Springdale),False,False,False,True,30.317947,-97.65968099999999
1619,7000 MANOR/SUSQUEHANNA,True,True,False,True,30.31386463,-97.66469731000001
1621,6650 MANOR/LOYOLA,True,True,False,True,30.31000309,-97.66748222
1622,University Hills SB (Manor/Northeast),True,False,False,True,30.3085,-97.671213
1625,6102 MANOR/WHELESS,True,True,False,True,30.307941,-97.678194
1626,5900 Manor/Sweeney,True,True,False,True,30.30659038,-97.68010142
1627,Manor at Rogge SB (Manor/Rogge),False,False,False,True,30.304383,-97.681613
1629,Manor/Wellington,True,False,False,True,30.3011504,-97.68505751000001
1631,51st/Manor SB (Manor/51st),False,False,False,False,30.298358,-97.687017
1633,4500 MANOR/LOVELL,True,False,False,True,30.29216005,-97.68938154
1634,3722 Manor/Tilley,False,False,False,False,30.29026536,-97.69511157
1635,3600 MANOR/PERSHING,True,True,False,True,30.28933998,-97.69827487
1636,Manor/Anchor,True,True,False,True,30.2877285,-97.70111326
1639,Alexander SB (Manor/Alexander),False,False,False,True,30.285663,-97.710921
1640,MANOR/WALNUT,True,False,False,False,30.28512386,-97.71440853
1642,Cherrywood SB (Manor/Cherrywood),False,False,False,True,30.284554,-97.717984
1644,Dean Keeton/Dancy NE Corner,True,True,False,True,30.284787,-97.721969
1655,400 S 1ST/RIVERSIDE,True,True,False,True,30.25930836,-97.74975937
1656,500 S 1ST/BARTON SPRINGS,False,False,False,False,30.258081,-97.750396
1657,614 South 1St/Barton Springs,False,False,False,True,30.25661898,-97.75122446
1659,1408 S 1St/Elizabeth,False,False,False,False,30.250218,-97.754974
1661,1720 S 1ST/ANNIE,False,False,False,False,30.24756948,-97.7558624
1662,2001 S 1ST/LIVE OAK,True,False,False,True,30.244384,-97.75786500000001
1663,2324 S 1ST/OLTORF,True,True,False,True,30.24226424,-97.759614
1664,2522 S 1ST/HERNDON,False,False,False,False,30.239928,-97.761138
1666,3001 S 1ST/Powell,False,False,False,True,30.235098,-97.764161
1667,3310 S 1St/Cardinal,True,False,False,True,30.23213072,-97.76603510000001
1669,3818 S 1ST/Ben White,True,True,False,True,30.22738,-97.769059
1671,4104 S 1ST/BEN WHITE,True,True,False,True,30.22533277,-97.77032842000001
1673,4326 S 1ST/ST ELMO,True,True,False,True,30.22125497,-97.77289253000001
1674,4530 S 1St/Philco,False,False,False,False,30.218150819999998,-97.77482254
1676,5000 S 1St/Emerald Wood,True,True,False,True,30.21343652,-97.77807668000001
1682,6400 S 1ST/EBERHART,True,True,False,True,30.200712120000002,-97.78568293000001
1685,WILLIAM CANNON/COOPER,False,False,False,False,30.1985652,-97.79091292999999
1686,William Cannon/Emerald Forest,True,False,False,True,30.19933357,-97.79335408
1701,4400 RED RIVER/44TH,True,True,False,True,30.30337773,-97.72062042
1703,4000 Red River/40Th,True,True,False,True,30.29860728,-97.72278341
1704,RED RIVER/38TH,True,True,False,True,30.29575959,-97.72344302
1706,3100 RED RIVER/32ND,True,True,False,True,30.290572190000002,-97.72738921
1718,604 BARTON SPRINGS/1ST,True,False,False,False,30.25871146,-97.75077336
1720,710 BOULDIN/RETAMA,False,False,False,False,30.25721123,-97.75505675
1721,1006 Bouldin/Columbus,False,False,False,False,30.2546978,-97.75642761
1722,1316 BOULDIN/ELIZABETH,False,False,False,False,30.25232301,-97.75788527
1723,1514 Bouldin/Monroe,False,False,False,True,30.250809370000002,-97.7587369
1724,BOULDIN/ANNIE,False,False,False,False,30.24878005,-97.75982464
1725,Annie/5Th,True,False,False,True,30.249232369999998,-97.76138278
1726,1816 S 5TH/MARY,True,True,False,True,30.2484509,-97.76206856
1730,5Th/Cumberland,True,False,False,True,30.23999121,-97.7660285
1731,1010 CUMBERLAND/5TH,True,False,False,True,30.240684560000002,-97.76790309
1732,2714 RAYWOOD/LOCKE,False,False,False,True,30.240224620000003,-97.76900839000001
1733,2866 RAYWOOD/WEATHERS,True,False,False,True,30.23876658,-97.76972944
1734,1003 BARTON SKYWAY/GARDEN VILLA,True,False,False,True,30.23592171,-97.76952258
1735,3400 GARDEN VILLA/CARDINAL,True,False,False,True,30.23426748,-97.77104423
1736,Garden Villa/South Center NW Corner,False,False,False,False,30.23186885,-97.77255387999999
1737,GARDEN VILLA/BANISTER,True,False,False,True,30.22937129,-97.77416084000001
1741,4402 Banister/Casey,True,False,False,True,30.22532666,-97.78108356
1742,REDD/GILLIS,True,False,False,True,30.22411185,-97.78344714
1743,Redd/Clawson,False,False,False,True,30.22582827,-97.78603986
1744,1918 REDD/Menchaca,True,False,False,True,30.22822696,-97.78918904000001
1745,Redd/Cactus,False,False,False,False,30.22896959,-97.7907495
1746,2222 WESTERN TRAILS/PACK SADDLE,True,True,False,True,30.23041087,-97.79363691
1747,2422 Western Trails/Roundup,True,True,False,True,30.22992934,-97.79617859999999
1748,2559 WESTERN TRAILS/Sagebrush,True,True,False,True,30.23022633,-97.79767016000001
1754,WESTERN TRAILS/ROUNDUP,True,False,False,True,30.229703960000002,-97.79636578
1756,2001 REDD/Menchaca,False,False,False,False,30.2283091,-97.78963462
1757,Redd/Russell,False,False,False,True,30.22711406,-97.78715414999999
1759,1301 Redd/Gillis,True,False,False,True,30.22367517,-97.78279262000001
1760,4309 BANISTER/CASEY,True,False,False,True,30.22570556,-97.7806742
1761,Banister/Ben White SE Corner,False,False,False,True,30.22729046,-97.7796328
1762,BANISTER/SUMMER OAKS,True,True,False,True,30.22970802,-97.77799289000001
1763,3803 Garden Villa/Banister,True,False,False,True,30.23018456,-97.77348682
1764,GARDEN VILLA/SOUTH CENTER,True,False,False,True,30.23168869,-97.77252936999999
1766,3401 GARDEN VILLA/CARDINAL,True,False,False,True,30.23426956,-97.77089024
1767,1008 BARTON SKYWAY/LOCKE,False,False,False,True,30.23626694,-97.76988786
1768,2901 RAYWOOD/WEATHERS,True,True,False,True,30.238522869999997,-97.76974898
1769,2801 RAYWOOD/LOCKE,True,True,False,True,30.239920509999997,-97.76903633
1770,CUMBERLAND/S. 5TH,True,False,False,False,30.23981792,-97.76617866999999
1772,S. 5Th/Live Oak,True,True,False,True,30.24609963,-97.76341070000001
1773,1901 S 5TH/MARY,True,True,True,True,30.24819949,-97.76208867
1774,Annie/Bouldin,True,False,False,True,30.24867796,-97.75993737
1775,1601 BOULDIN/MONROE,True,False,False,True,30.250581529999998,-97.75870737000001
1776,1401 Bouldin/Elizabeth,True,False,False,False,30.252104199999998,-97.75788524000001
1778,1007 Bouldin/Columbus,True,False,False,True,30.25459292,-97.75635115
1779,703 BOULDIN/POST OAK,True,False,False,True,30.25752108,-97.75470559
1780,501 Bouldin/Barton Springs,True,False,False,True,30.25937135,-97.75351531
1781,215 CESAR CHAVEZ/LAVACA,False,False,False,False,30.263819,-97.74636600000001
1784,3805 RED RIVER/38TH HALF,False,False,False,False,30.29636578,-97.72309681
1785,3923 Red River/40Th,False,False,False,False,30.29874083,-97.72254409
1787,4309 RED RIVER/44TH,False,False,False,False,30.303319000000002,-97.720483
1794,AIRPORT/52ND,True,True,False,True,30.312952449999997,-97.71518421
1795,5315 Airport/53Rd Half,True,True,False,True,30.314806270000002,-97.71461687
1796,5617 AIRPORT/KOENIG,True,False,False,True,30.31844024,-97.71286938
1797,5815 AIRPORT/KOENIG,True,True,False,True,30.32197,-97.714031
1802,1605 CESAR CHAVEZ/COMAL,True,False,False,True,30.258278999999998,-97.728156
1822,Gardner/Jain Ln.,False,True,False,True,30.25988224,-97.68163306000001
1847,1600 CESAR CHAVEZ/COMAL,True,True,False,True,30.25853,-97.72847999999999
1849,1200 CESAR CHAVEZ/WALLER,False,False,False,False,30.259911000000002,-97.732463
1850,1000 CESAR CHAVEZ/SAN MARCOS,False,False,False,True,30.26057809,-97.73437978
1864,3513 JEFFERSON/35TH,False,False,False,True,30.30833029,-97.75113182999999
1866,Bull Creek/39Th,False,False,False,True,30.31165824,-97.75221541
1871,4419 Bull Creek/45Th,True,False,False,True,30.31898372,-97.75430238
1874,5017 Bull Creek/Fresco,False,False,False,False,30.32708321,-97.74938596000001
1876,2824 HANCOCK/BULL CREEK,False,False,False,False,30.328576419999997,-97.75093543
1877,Hancock/Frances Place,False,False,False,False,30.329874529999998,-97.75356224000001
1878,3308 HANCOCK/BALCONES,False,False,False,False,30.332741,-97.759601
1879,Balcones/Parkcrest,False,False,False,True,30.336139189999997,-97.75796001
1882,6101 Balcones/Northland,False,False,False,True,30.34337,-97.75318
1884,6805 WOOD HOLLOW/NORTH HILLS,False,False,False,False,30.350883669999998,-97.75461396
1885,Wood Hollow/Far West NE Corner,False,False,False,True,30.35377,-97.75282
1886,7131 WOOD HOLLOW/FAR WEST,False,False,False,False,30.355387,-97.75181
1887,3536 Greystone/Wood Hollow,False,False,False,False,30.35839,-97.75136
1888,3614 GREYSTONE/HART,False,False,False,False,30.358819999999998,-97.75363
1890,7503 MESA/GREYSTONE,False,False,False,False,30.36499,-97.76295
1891,Mesa/Myrick,False,False,False,False,30.368290000000002,-97.75911
1892,8045 MESA/SPICEWOOD SPRINGS,False,False,False,True,30.37133034,-97.75720487
1893,4039 Steck/Mesa,True,True,False,True,30.374039999999997,-97.75497
1894,3933 STECK/SPICEWOOD,False,False,False,True,30.373070600000002,-97.75299529
1895,3813 Steck/Greenslope,False,False,False,False,30.37266,-97.74893
1896,STECK/FOREST MESA,False,False,False,False,30.37076994,-97.74685564999999
1897,3605 Steck/Forest Mesa,False,False,False,False,30.36958,-97.74562
1898,3519 STECK/MOPAC,True,False,False,True,30.368750000000002,-97.74386999999999
1899,3305 Steck/Mopac,True,False,False,True,30.36674336,-97.73967479
1900,ROCKWOOD/STECK,False,False,False,False,30.36436,-97.73534
1902,7920 ROCKWOOD/ASHDALE,True,False,False,True,30.36067676,-97.73773743000001
1904,7921 ROCKWOOD/ANDERSON,True,False,False,True,30.36132762,-97.73713662
1906,STECK/SANDALWOOD,False,False,False,False,30.364974099999998,-97.73554562
1907,3400 Steck/Shoal Creek,True,False,False,False,30.36696478,-97.73967393999999
1909,STECK/MOPAC,True,False,False,True,30.36897567,-97.74394321
1910,Steck/Summerside,False,False,False,False,30.37058,-97.7466
1911,3822 STECK/GREENSLOPE,False,False,False,False,30.37292,-97.74916999999999
1912,3924 Steck/Spicewood,False,False,False,False,30.3732262,-97.75297866999999
1913,8140 MESA/STECK,True,False,False,True,30.37377024,-97.75600811
1914,8038 Mesa/Spicewood Springs,True,False,False,True,30.371,-97.75759
1917,3807 Greystone/Chimney Corners,False,False,False,False,30.36082,-97.75738
1918,3615 GREYSTONE/HART,True,False,False,True,30.35865,-97.75363
1919,7400 Wood Hollow/Greystone,True,True,False,True,30.357750000000003,-97.75079
1920,7200 WOOD HOLLOW/GREYSTONE,True,True,False,True,30.35517,-97.75214
1921,Wood Hollow/Far West NW Corner,True,True,False,True,30.3536,-97.75311
1922,6714 WOOD HOLLOW/FAR WEST,True,True,False,True,30.35077,-97.75486000000001
1923,North Hills/Valleyside SE Corner,True,False,False,True,30.34881,-97.75376999999999
1925,5758 Balcones/Hart,True,False,False,True,30.339598730000002,-97.75579336
1927,3313 HANCOCK/BALCONES,True,True,False,True,30.33265869,-97.75970002999999
1928,Hancock/Valley Oak,False,False,False,False,30.331463929999998,-97.75714964
1929,HANCOCK/WEST FRANCES PLACE,False,False,False,False,30.3295661,-97.75329178000001
2249,526 Oltorf/1St,True,True,False,True,30.242137,-97.759362
2251,910 OLTORF/ SOUTH 4TH,False,False,False,True,30.24357367,-97.76374825
2255,2330 Lamar/Goodrich,True,False,False,True,30.24725837,-97.77617604
2261,1401 OLTORF/THORNTON,True,True,False,True,30.24666843,-97.76939501
2262,905 Oltorf/ South 5Th,False,False,False,False,30.24336999,-97.76355688999999
2263,539 OLTORF/1ST,True,True,False,True,30.241847,-97.759236
2266,643 OLTORF/EAST SIDE,True,False,False,True,30.23666,-97.74904
2271,2503 Oltorf/Pleasant Valley,True,True,False,False,30.22749958,-97.72807051999999
2273,4527 OLTORF/WICKERSHAM,False,False,False,False,30.2256375,-97.7245657
2274,4809 Oltorf/Sunridge,False,False,False,False,30.223249229999997,-97.72253005
2275,5413 OLTORF/ALVIN DEVANE,False,False,False,False,30.21915959,-97.71897338000001
2277,6101 OLTORF/ALVIN DEVANE,True,True,False,True,30.216272200000002,-97.71299002
2279,2421 Grove/Montopolis,False,False,False,False,30.220579230000002,-97.70705749999999
2280,GROVE/RIVERSIDE,True,True,False,True,30.22821684,-97.70704638999999
2281,6701 Wentworth/Loyola,True,True,True,True,30.293252929999998,-97.63131598
2282,Colony Park SB (Loyola/Colony Loop),False,False,False,False,30.297970999999997,-97.64216
2288,6714 LOYOLA/SANDSHOF,True,True,False,True,30.29924703,-97.64583544999999
2290,5900 Loyola/Crystalbrook,True,False,False,True,30.303281000000002,-97.654591
2291,5600 LOYOLA/MILLRACE,True,True,False,True,30.303050980000002,-97.6577592
2292,5200 Loyola/Bridgewater,True,False,False,True,30.30483697,-97.66406131000001
2295,3300 LOYOLA/KINGS POINT,False,False,False,True,30.311577189999998,-97.66907545
2296,2900 Loyola/Tulsa,True,False,False,True,30.31419065,-97.67312558
2298,2400 Loyola/Roanoke,False,False,False,False,30.31841267,-97.678508
2299,6800 NORTHEAST/LOYOLA,True,True,False,True,30.317815309999997,-97.68076426
2300,6502 Northeast/North Hampton,True,False,False,True,30.315092670000002,-97.68136195
2302,2006 GASTON PLACE/WELLINGTON,True,True,False,True,30.31262858,-97.68871077
2305,1500 Briarcliff/Belfast,False,False,False,False,30.315083,-97.69441428
2306,5900 CAMERON/CLAYTON,True,True,False,True,30.31704638,-97.70010450000001
2307,5700 Cameron/Reinli,False,False,False,False,30.31554942,-97.70191751
2308,5420 CAMERON/CORONA,True,True,False,True,30.31293942,-97.70529298000001
2312,4120 IH 35/CLARKSON,True,True,False,True,30.30045,-97.71677891
2321,500 LAMAR/5TH,True,False,False,True,30.27053904,-97.75458685999999
2322,220 Lamar/Toomey,True,False,False,True,30.26310028,-97.75787575
2324,LAMAR SQUARE STATION (SB),True,True,True,True,30.254493450000002,-97.76256623
2326,2008 Lamar/Hether,False,False,False,False,30.24928885,-97.76790133
2328,OLTORF WEST STATION (SB),True,True,True,True,30.248028,-97.771756
2329,2638 Lamar/Dickson,False,False,False,False,30.24547128,-97.77992653
1930,2825 HANCOCK/FRESCO,False,False,False,False,30.32806,-97.75024
1931,BULL CREEK/HANCOCK,False,False,False,True,30.32726659,-97.74943519
1932,4748 Bull Creek/49Th,False,False,False,False,30.32479247,-97.7509452
1933,4700 BULL CREEK/PERRY,True,False,False,True,30.32321116,-97.75191973000001
1935,4318 BULL CREEK/44TH,False,False,False,True,30.31898717,-97.75452464
1936,4220 Bull Creek/Jackson,True,True,False,True,30.31588939,-97.75446939
1938,Bull Creek/38Th,False,False,False,True,30.31113848,-97.75205779
1939,3604 BULL CREEK/JEFFERSON,False,False,False,True,30.30939931,-97.75095417
1957,HEALTH CENTER WB,False,False,False,False,30.252636130000003,-97.73316469
1959,59 Waller/Holly,True,False,False,True,30.25619,-97.73426
1966,6Th/Guadalupe,False,False,False,False,30.269079119999997,-97.74608640999999
1967,416 6TH/SAN ANTONIO,False,False,False,True,30.26939,-97.7472
1970,842 6Th/Wood,False,False,False,True,30.27096209,-97.75221527000001
1971,6TH/BAYLOR,True,False,False,True,30.271955,-97.754879
1972,1208 6Th/Harthan,False,False,False,True,30.27306079,-97.75784613
1973,6TH/PRESSLER,True,False,False,False,30.273935050000002,-97.76011815
1974,6Th/West Lynn,True,False,False,True,30.274835539999998,-97.76250894
1977,VETERANS/ATLANTA,True,True,False,True,30.27612067,-97.77165808000001
1981,LAKE AUSTIN/7TH,True,False,False,True,30.28231923,-97.77605753
1983,Exposition/10Th,True,True,False,True,30.285795229999998,-97.77499436000001
1984,EXPOSITION/12TH,True,False,False,True,30.28765998,-97.77381453999999
1985,Exposition/Enfield SE Corner,True,False,False,True,30.290413719999997,-97.77208929000001
1996,35Th/Jefferson,True,False,False,True,30.307760000000002,-97.7519
1997,35TH/CRAWFORD,False,False,False,False,30.307129999999997,-97.74927
1998,1301 W 38Th/Tonkawa,True,False,False,True,30.30646,-97.74609
1999,38TH/MEDICAL PARKWAY,True,True,False,True,30.30532349,-97.74375999
2005,701 Dean Keeton/San Jacinto,True,True,False,True,30.28909316,-97.73154043
2006,East Dean Keaton NB (Dean Keeton/Robert Dedman),False,False,False,True,30.287924,-97.728763
2012,1101 38Th Half/Robinson,True,True,False,True,30.29433684,-97.71870752
2013,1405 38TH HALF/CLARKSON,False,False,False,True,30.2927,-97.71574
2014,38Th 1/2 /Cherrywood,True,False,False,True,30.2913076,-97.71395054999999
2015,CHERRYWOOD/32ND,False,False,False,False,30.286856959999998,-97.71687610000001
2019,LAFAYETTE/MANOR,True,False,False,True,30.28389725,-97.72223076
2020,2012 Chicon/21St,True,False,False,False,30.28153933,-97.72167931
2021,1810 CHICON/MARTIN LUTHER KING,True,True,False,True,30.279457989999997,-97.72122571999999
2022,Chicon/16Th,False,False,False,False,30.276888980000003,-97.72064706
2023,CHICON/13TH,False,False,False,False,30.274873319999998,-97.72021592
2024,1196 Chicon/12Th,False,False,False,False,30.273483549999998,-97.71991967999999
2025,1176 Chicon/Pennsylvania,True,False,False,True,30.271857349999998,-97.71958911
2026,1150 Chicon/Rosewood,False,False,False,True,30.2697748,-97.71913669
2027,CHICON/CORNELL,True,False,False,False,30.26843395,-97.71949719
2028,Chicon/11Th,True,False,False,True,30.266177640000002,-97.72055259
2029,900 CHICON (HUSTON-TILLOTSON),True,False,False,True,30.264536380000003,-97.72129285999999
2030,700 Chicon/7Th,True,False,False,True,30.26276131,-97.72210661
2032,314 Chicon/4Th,False,False,False,False,30.25950864,-97.7236014
2033,206 CHICON/2ND,True,False,False,True,30.25841412,-97.72411543000001
2039,1700 HOLLY/CHALMERS,True,False,False,True,30.25421957,-97.72813226
2040,1600 Holly/Comal,False,False,False,True,30.25492144,-97.73015346999999
2041,1400 HOLLY/NAVASOTA,False,False,False,True,30.25561879,-97.73207463
2045,45 Waller/Clermont,True,False,False,True,30.25485274,-97.73485461000001
2046,1401 HOLLY/NAVASOTA,False,False,False,True,30.255456650000003,-97.7320405
2047,1511 Holly/Comal,False,False,False,True,30.25488803,-97.73045269
2048,1631 HOLLY/CHALMERS,True,False,False,True,30.254178980000002,-97.72845769
2055,311 CHICON/4TH,False,False,False,False,30.25949263,-97.72347651
2056,613 Chicon/7Th,True,True,False,True,30.26227375,-97.7221893
2057,807 CHICON (HUSTON-TILLOTSON),True,False,False,True,30.26395555,-97.72140849
2058,Chicon/College Row,True,False,False,True,30.26551083,-97.72067625000001
2059,CHICON/HAMILTON,False,False,False,False,30.26747407,-97.71976839
2060,1143A Chicon/Cornell,True,False,False,False,30.269044259999998,-97.71905801
2061,1155 CHICON/ROSEWOOD,True,False,False,True,30.27012602,-97.71906374
2062,Chicon/Pennsylvania,True,False,False,True,30.271660139999998,-97.71938546
2063,1197 CHICON/12TH,True,True,False,True,30.27355923,-97.71978750000001
2065,CHICON/17TH,False,False,False,False,30.27770002,-97.72067996
2066,1817 Chicon/Martin Luther King,True,True,False,True,30.27965681,-97.72111620000001
2067,2103 CHICON/21ST,False,False,False,False,30.28212,-97.72164296999999
2071,1602 38TH HALF/MAPLEWOOD,True,False,False,True,30.29213,-97.71425
2077,920 DEAN KEETON/RED RIVER,True,True,False,True,30.287578630000002,-97.72734467
2079,DEAN KEETON/SPEEDWAY NE CORNER,True,True,False,True,30.28953582,-97.73713397
2086,38Th/Bailey,False,False,False,True,30.306255710000002,-97.74520932
2087,1512 35TH/KERBEY,False,False,False,True,30.30722,-97.75014
2088,35Th/Lawton,True,False,False,True,30.30819825,-97.75280058999999
2089,35TH/JACKSON,False,False,False,True,30.30882317,-97.75570353
2090,2300 W 35Th/Mopac,True,False,False,True,30.30956758,-97.7599718
2102,2211 Lake Austin/Veterans,True,True,False,True,30.27738,-97.77136999999999
2104,5Th/Pressler,True,False,False,True,30.2726,-97.760749
2106,5Th/Baylor,False,False,False,False,30.27097667,-97.75640573
2107,5Th/Bowie,False,False,False,True,30.2695215,-97.75262595
2108,5Th/West,False,False,False,False,30.269260000000003,-97.75112999999999
2110,5Th/Nueces,False,False,False,False,30.26867219,-97.74897894
2111,5Th/San Antonio,False,False,False,False,30.26835,-97.74792000000001
2112,5th/Guadalupe (Republic Square),True,True,False,False,30.268054,-97.74679
2144,Barton Springs/Barton,False,False,False,False,30.26383415,-97.76393623000001
2148,911 Barton Springs/Bouldin,True,False,False,True,30.2596104,-97.75392434
2155,910 Barton Springs/Bouldin,True,False,False,False,30.25978692,-97.75387903
2160,1612 Barton Springs/Kinney,False,False,False,False,30.262302,-97.76182
2169,Woodward/Parker SW Corner,True,True,False,True,30.219260820000002,-97.74391168
2175,South 1St/Ben White,False,False,False,False,30.22711991,-97.76960697999999
2176,1228 Ben White/Banister,True,True,False,True,30.22818084,-97.77888631
2177,Ben White/Clawson,False,False,False,False,30.22872509,-97.78379101
2181,Walsh Tarlton/Twin Berry,False,False,False,True,30.262640219999998,-97.80853493
2183,1701 Walsh Tarlton/Thousand Oaks,False,False,False,False,30.26652684,-97.80608219999999
2184,1501 Walsh Tarlton/Terrapin,False,False,False,False,30.26837929,-97.80490783
2186,1019 Walsh Tarlton/Wilderness,True,True,False,True,30.27256911,-97.8014673
2191,Spyglass/Barton Skyway,True,False,False,True,30.25812928,-97.78748118
2202,1806 Barton Springs/Azie Morton,False,False,False,False,30.264094,-97.763929
2206,2220 Barton Springs (Zilker),False,False,False,False,30.268250000000002,-97.772634
2207,2500 Wallingwood/Bee Caves,True,False,False,True,30.26493435,-97.78298775
2212,1500 Walsh Tarlton/Terrapin,False,False,False,False,30.26848605,-97.8050707
2213,1614 Walsh Tarlton/Thousand Oaks,False,False,False,False,30.26689496,-97.80608622999999
2214,1916 Walsh Tarlton/Stoneridge,False,False,False,False,30.26438958,-97.80763357999999
2215,Walsh Tarlton/Tamarron,False,False,False,False,30.26155877,-97.80943974
2216,4401 Pack Saddle Pass/Ben White,False,False,False,True,30.231016840000002,-97.79202171
2218,1901 Ben White/Merle,True,False,False,True,30.229071859999998,-97.78751491999999
2220,Ben White/Gillis,False,False,False,True,30.2274046,-97.78157272
2221,1301 Ben White/Banister,True,True,False,True,30.2273633,-97.77990726
2229,2410 Grove/Montopolis,True,True,False,True,30.22047437,-97.70725753
2230,2800 Montopolis/Oltorf,True,True,False,True,30.21640391,-97.70927427
2232,6100 Oltorf/Montopolis,True,True,False,True,30.216576279999998,-97.71318609
2233,5500 Oltorf (Attorney General),False,False,False,False,30.21906839,-97.7183167
2235,4820 Oltorf/Sunridge,True,False,False,True,30.223369249999998,-97.72233630000001
2238,2400 Oltorf/Pleasant Valley,False,False,False,False,30.22898104,-97.7296467
2241,1730 Oltorf/Parker,False,True,False,False,30.232592250000003,-97.73736218
2242,1616 E Oltorf,True,True,False,True,30.23350179,-97.739665
2243,1300 Oltorf/Schriber,True,True,False,True,30.234650000000002,-97.74352999999999
2244,1100 Oltorf/Schriber,True,False,False,True,30.235894570000003,-97.74586335000001
2246,512 Oltorf/Rebel,True,True,False,True,30.23748408,-97.75128794
2331,3000 Lamar/Barton Skyway,True,False,False,False,30.24318555,-97.78307738
2334,Brodie Oaks Station (SB),True,True,True,True,30.23657077,-97.79250795
2335,4608 West Gate/Lamar,True,True,False,True,30.230470999999998,-97.800924
2337,4900 West Gate/Choctaw Trail,True,False,False,True,30.22730482,-97.80254063999999
2338,5012 West Gate/Jones,True,True,False,True,30.22581875,-97.80384857
2339,5306 West Gate/Indio,True,False,False,True,30.223144599999998,-97.80558176999999
2340,West Gate/Cherry Creek NW Corner,False,False,False,True,30.219201990000002,-97.80711078
2341,6010 West Gate/Cherry Creek,False,False,False,False,30.21690696,-97.81104636
2342,6402 West Gate/Dillion Hill,False,False,False,False,30.21315978,-97.81506989
2343,West Gate/Deaton Hill NW Corner,False,False,False,False,30.21089572,-97.81459405
2344,6808 West Gate/William Cannon,True,False,False,True,30.208321350000002,-97.81481769000001
2349,7700 West Gate/Goldbridge,False,False,False,False,30.199403620000002,-97.82211565
2357,7405 West Gate/Grennock,False,False,False,True,30.20192071,-97.81840213
2360,West Gate/Berkeley SE Corner,True,True,False,True,30.2086255,-97.81436140000001
2361,West Gate/Aldford SE Corner,False,False,False,False,30.21070644,-97.81433177000001
2362,West Gate/Cornish SE Corner,False,False,False,False,30.21293631,-97.8148348
2363,6101 West Gate/Berkett,True,False,False,True,30.21625122,-97.8128637
2364,5907 West Gate/Coatbridge,False,False,False,True,30.21738798,-97.80939688999999
2367,5101 West Gate/Jones,True,True,False,True,30.22543792,-97.80384778999999
2370,Brodie Oaks Station (NB),True,True,True,True,30.235950000000003,-97.792633
2374,2801 Lamar/Menchaca,True,True,False,True,30.24401378,-97.78157673999999
2388,Cameron/52Nd,True,False,False,True,30.309886589999998,-97.70885835
2389,Cameron/Broadmoor,True,True,False,True,30.311881120000002,-97.70636075
2390,Cameron/Corona,True,True,False,True,30.31318468,-97.70467900999999
2392,5913 Cameron/Briarcliff,False,False,False,False,30.31712641,-97.69967941
2393,Briarcliff/Nassau,False,False,False,True,30.31654352,-97.69780715
2394,1503 Briarcliff/Belfast,False,False,False,True,30.31490642,-97.69436184
2396,1941 Gaston Place/Wellington,True,True,False,True,30.31241588,-97.68864570999999
2397,6210 North Hampton/Haney,True,False,False,True,30.31283636,-97.68374909
2398,6311 North Hampton/Bristol,True,True,False,True,30.313627070000003,-97.68179537
2399,6801 Northeast/Lehigh,True,True,False,True,30.31765665,-97.6806611
2400,Loyola/Northeast,True,False,False,True,30.31839881,-97.67973481
2402,2705 Loyola/Willamette,False,False,False,False,30.31560463,-97.67470299
2403,2803 Loyola/Tulsa,True,True,False,False,30.31418852,-97.67334801999999
2404,3115 Loyola/Tampa Cove,False,False,False,False,30.3120473,-97.67037668
2406,5007 Loyola/Greensboro,False,False,False,False,30.30653432,-97.66544391000001
2407,5213 Loyola/Bridgewater,False,False,False,False,30.30469867,-97.66410864000001
2410,6725 Loyola/Sandshof,True,True,False,True,30.2986467,-97.64518095
2416,Colony Park NB (Loyola/Cielo Vista),False,False,False,True,30.297576,-97.641351
2419,Northland/Marilyn,True,False,False,True,30.33454556,-97.75183151
2421,Allandale/Shoalwood,True,False,False,True,30.335150000000002,-97.7431
2422,2100 Allandale/Burnet,False,False,False,False,30.33454037,-97.7394879
2423,1601 Koenig/Arroyo Seco,True,False,False,False,30.33240236,-97.73492209
2424,1317 Koenig/Woodrow,True,False,False,True,30.33062993,-97.73122532000001
2425,1205 Koenig/Grover,True,False,False,True,30.32987082,-97.72964069000001
2427,Koenig/Guadalupe SW Corner,True,False,False,True,30.32348777,-97.72402122
2428,122 Koenig/Link,False,False,False,True,30.3224157,-97.72004731
2432,1101 Camino La Costa/La Posada,True,True,False,True,30.32408062,-97.69854946
2433,Camino La Costa/Atkinson,True,True,False,True,30.324264,-97.69535506
2436,7605 Cameron/Anderson,True,False,False,True,30.33146309,-97.68698556
2439,1476 Rutherford/Cameron,True,True,False,True,30.33794,-97.68431
2441,1601 Rutherford/Cameron,False,False,False,True,30.336450000000003,-97.68178
2443,1823 Centre Creek/Cross Park,True,False,False,True,30.336404,-97.67649300000001
2451,1706 Centre Creek/Cross Park,True,False,False,True,30.33623,-97.67771
2455,8004 Cameron/Rutherford,True,True,False,True,30.33555,-97.68456
2456,7606 Cameron/Anderson,True,True,False,True,30.331229999999998,-97.68753
2457,7400 Cameron/Mckie,True,True,False,True,30.32921,-97.69045
2459,1206 Camino La Costa/Grand Canyon,True,False,False,True,30.32428047,-97.69614045
2460,1044 Camino La Costa/Calidad,True,True,False,True,30.32467986,-97.69930461
2465,200 Koenig/Avenue F,True,False,False,True,30.32198047,-97.71837932
2468,1120 Koenig/Grover,False,False,False,False,30.33005442,-97.72972370999999
2469,1316 Koenig/Woodrow,True,False,False,True,30.33090868,-97.73144488
2472,Koenig/Burnet NW Corner,False,False,False,False,30.335008000000002,-97.740194
2473,Allandale/Woodview,False,False,False,False,30.33547,-97.74381
2474,2608 Allandale/Cary,False,False,False,False,30.33552,-97.74692
2475,Northland/Bullard,False,False,False,False,30.33456,-97.75026000000001
2476,Northland/Balcones,True,False,False,True,30.337707400000003,-97.75674966999999
2478,1901 Blue Meadow/Bluff Springs,True,False,False,True,30.1834264,-97.7686295
2482,6805 Meadow Lake/Bucks Run,True,False,False,True,30.179042369999998,-97.75308316
2483,6601 Meadow Lake/William Cannon,True,False,False,True,30.18070802,-97.75027765
2489,Stassney/Spoke,False,False,False,True,30.19353403,-97.75551956
2490,2006 Stassney/Ponciana,False,False,False,True,30.19494247,-97.75786516000001
2491,1706 Stassney/Ih 35,True,True,False,True,30.19743666,-97.76164356
2493,3107 Red River/32Nd,True,True,False,True,30.290665240000003,-97.72711206000001
2497,2005 Stassney/Ponciana,False,False,False,False,30.19503236,-97.75829704
2499,2433 Stassney/Palo Blanco,False,False,False,False,30.193567820000002,-97.74983646
2504,6608 Meadow Lake/William Cannon,False,False,False,True,30.18061835,-97.75050445000001
2505,6806 Meadow Lake/Bucks Run,True,False,False,False,30.179146619999997,-97.75323083
2507,4412 Blue Meadow/Deep Circle,True,False,False,True,30.179722390000002,-97.75843273999999
2508,2418 Blue Meadow/Bitteroot,False,False,False,True,30.18039959,-97.76115229999999
2511,1900 Blue Meadow/Bluff Springs,True,False,False,True,30.183657609999997,-97.76876469
2522,311 Martin Luther King/San Jacinto,False,False,False,False,30.280007190000003,-97.73633768
2530,Rundberg/Parkfield,True,False,False,True,30.36768,-97.70662
2534,Quail Valley/Quail Hutch,False,False,False,False,30.37788,-97.70795
2535,1612 Mearns Meadow/Quail Valley,False,False,False,False,30.37889,-97.70653
2536,1720 Mearns Meadow/Robinwood,False,False,False,False,30.38059,-97.70824
2537,1906 Mearns Meadow/Little Pebble,False,False,False,False,30.38301,-97.71094
2539,10623 Metric/Denton,False,False,False,False,30.38596524,-97.71182834999999
2540,11001 Metric/Kramer,True,False,False,True,30.389321929999998,-97.70995555
2541,11301 Metric/Braker,True,True,False,True,30.392760640000002,-97.70786763000001
2544,12195 Metric/Cedar Bend,False,False,False,True,30.4081109,-97.69689457
2545,12301 Lamplight Village/Metric,False,False,False,False,30.41110625,-97.69567184
2564,12460 Lamplight Village/Alderbrook,True,False,False,True,30.415114459999998,-97.69650041
2566,Lamplight Village/Metric NW Corner,False,False,False,False,30.410849889999998,-97.69573449
2567,12166 Metric/Cedar Bend,True,True,False,True,30.40777948,-97.69727895999999
2568,11510 Metric/Stonehollow,True,True,False,True,30.39488041,-97.70682216
2569,11212 Metric/Braker,True,True,False,True,30.39179545,-97.70878486
2572,Metric/Boyer,False,False,False,False,30.3836,-97.71303999999999
2573,1907 Mearns Meadow/Little Pebble,False,False,False,False,30.38291,-97.7111
2575,1611 Mearns Meadow/Quail Valley,False,False,False,False,30.37867,-97.70659
2578,1601 Rutland/Mountain Quail,False,False,False,False,30.371209070000003,-97.70967761
2581,1129 Rundberg/Quail Wood,False,False,False,False,30.366365029999997,-97.7040705
2582,Rundberg/Collinfield,True,True,False,True,30.365154,-97.70151299999999
2583,831 Rundberg/Lamar (Near Side),False,False,False,True,30.3637,-97.69848
2585,Rundberg/Slayton,False,False,False,False,30.36156938,-97.69454148
2595,6600 Silvermine/Sh 71,False,False,False,False,30.24658732,-97.88860734
2605,517 Lavaca/6Th,False,False,False,False,30.26861341,-97.74511369
2606,Austin History Center Station (NB),True,True,True,False,30.270419999999998,-97.74444
2607,Lavaca/10Th,False,False,False,False,30.272280570000003,-97.74377256000001
2611,Austin History Center Station (SB),True,True,True,True,30.27105714,-97.74565503
2612,500 Guadalupe/5Th,True,True,False,True,30.268252790000002,-97.74668997
2613,Guadalupe/4Th,True,True,False,True,30.267331,-97.747037
2617,6132 US 290/Parkwood,False,False,False,False,30.235662140000002,-97.85526715
2618,Fenton/Scenic Brook,False,False,False,False,30.235646090000003,-97.8987491
2626,S. 1St/Mulberry,True,False,False,True,30.19378197,-97.79003351
2627,7230 S 1St/Meadow Lea,False,False,False,False,30.190183100000002,-97.79057005
2628,7816 S 1St/Dittmar,True,False,False,True,30.18411211,-97.79260301
2629,8116 S 1St/Mairo,True,False,False,True,30.181296200000002,-97.79477514000001
2636,8201 S 1St/Mairo,True,False,False,True,30.18090609,-97.79484113
2638,7301 S 1St/Meadow Lea,False,False,False,False,30.18984237,-97.79040492
2639,6907 S 1St/Thelma,True,False,False,True,30.194694990000002,-97.78926958999999
2641,5603 S 1St/Stassney,True,True,False,True,30.20827049,-97.78150735999999
2643,Lavaca/4Th,True,True,False,True,30.26668897,-97.74586257
2650,3608 Menchaca/Valley View,False,False,False,False,30.235222779999997,-97.78497852999999
2652,Seminary Ridge/Manassas,False,False,False,False,30.19881129,-97.81951983
2653,Seminary Ridge/Shiloh,False,False,False,False,30.19566949,-97.8215537
2654,Seminary Ridge/Sweet Clover,False,False,False,False,30.19250006,-97.82374518
2656,Guidepost/Huebinger Pass,False,False,False,False,30.18835494,-97.82799054
2657,Curlew/Guidepost,False,False,False,False,30.18851686,-97.82912139
2660,9412 Curlew/Crownspoint,False,False,False,False,30.18303158,-97.83240852
2661,9614 Curlew/Monarch,False,False,False,False,30.180474649999997,-97.83334543
2663,Slaughter/Gail,False,False,False,False,30.17600477,-97.83110669000001
2666,2617 Slaughter/Curlew,False,False,False,False,30.17668,-97.83369
2667,9901 Curlew/Slaughter,True,False,False,True,30.17712894,-97.83385369
2669,Curlew/Crownspoint,False,False,False,False,30.18311703,-97.83217537
2673,Guidepost/Marsh,False,False,False,True,30.188074999999998,-97.8276666
2674,8609 Leo/Davis,False,False,False,False,30.19017736,-97.82541186
2675,8503 Seminary Ridge/Cameron Loop,False,False,False,False,30.191539950000003,-97.82458715
2678,7703 Manassas/Whispering Oaks,True,False,False,False,30.19956528,-97.82012368
2679,7203 West Gate/Bryonhall,False,False,False,True,30.204833989999997,-97.81651438
2681,Menchaca/William Cannon NE Corner,True,False,False,False,30.20337768,-97.80669187000001
2726,9828 Great Hills/Research,True,False,False,True,30.394273130000002,-97.74866614
2727,Pavilion Park and Ride,False,False,False,True,30.42681726,-97.7574761
2732,9829 Great Hills/Jollyville,True,True,True,True,30.394037009999998,-97.74835015000001
2738,Capitol Station (SB),True,True,True,False,30.275022,-97.744169
2751,ACC Northridge,True,True,True,True,30.40081772,-97.70301436
2753,Burnet/Mopac,True,False,False,True,30.4027158,-97.71756543000001
2754,11100 Burnet/Kramer,False,False,False,False,30.39596376,-97.72032014
2757,810 Dean Keeton/Hampton,False,False,False,False,30.289184000000002,-97.730013
2761,500 Martin Luther King/Red River,True,False,False,True,30.27930684,-97.7329502
2763,Vic Mathias/Auditorium Shores (SB),True,True,True,True,30.25876667,-97.7487
2767,Vic Mathias/Auditorium Shores (NB),True,True,False,True,30.25945936,-97.74899436000001
2780,21St/Whitis (Midblock),True,True,False,True,30.28384371,-97.74112417
3109,2313 Stassney/Fernview,False,False,False,False,30.21814,-97.80326000000001
3110,2035 Stassney /Mencheca (NS),True,True,False,True,30.21615934,-97.79901720000001
3112,1701 Stassney/Rose Hill,False,False,False,False,30.21364446,-97.79426361
3113,1401 Stassney/Radam,False,False,False,True,30.21206103,-97.79095896999999
3114,1101 Stassney/Emerald Forest,True,False,False,True,30.21062486,-97.78725946
3116,405 W Stassney/Hummingbird,False,False,False,True,30.20705819,-97.77896670999999
3120,2301 Ohlen/Bowling Green,True,True,False,True,30.36257084,-97.72823679
3123,Ohlen/Contour,True,True,False,True,30.36282,-97.71887
3125,1649 Ohlen/Research,True,True,False,True,30.36357,-97.71592000000001
3127,Northgate/Rundberg,False,False,False,False,30.371518000000002,-97.715819
3129,Rundberg/Hunters Trace,True,True,False,True,30.36887328,-97.71005674999999
3130,Parkfield/Rundberg,True,False,False,True,30.36738,-97.70647
3134,1403 Rundberg/Marlborough,True,True,False,True,30.35156316,-97.67749396
3135,Rundberg/Cameron,False,False,False,False,30.34989185,-97.6764122
3136,9100 Cameron/Rundberg,False,False,False,False,30.34716139,-97.67722648
3144,Cameron/Ferguson,True,False,False,True,30.347063000000002,-97.67700300000001
3145,Rundberg/Aberdeen,True,True,False,True,30.35278,-97.679102
3147,400 Rundberg/Slayton,True,False,False,True,30.361759,-97.694423
3148,832 Rundberg/Lamar,True,True,False,True,30.36393886,-97.69848629
3149,Rundberg/Mearns Meadow,True,True,False,True,30.364971559999997,-97.70067492999999
3150,1130 Rundberg/Quail Wood,True,False,False,True,30.36657,-97.70403999999999
3152,Rundberg/Mountain Quail,True,False,False,True,30.36925416,-97.71035925000001
3155,9120 Northgate/Rundberg,False,False,False,False,30.371705000000002,-97.715859
3159,2306 Ohlen/Bowling Green,True,True,False,True,30.362828,-97.72842972
3160,8118 Burnet/Steck,True,False,False,True,30.360467609999997,-97.72981182
3169,200 William Cannon/Starstreak,True,True,False,True,30.19389431,-97.78046564
3170,William Cannon/Sunstrip,False,False,False,True,30.19479,-97.78349
3172,William Cannon/1St,True,False,False,True,30.19738542,-97.78802225
3173,120 William Cannon/Mount Carrell,False,True,False,False,30.19956063,-97.79577646
2803,500 Pleasant Valley/5Th,True,True,False,True,30.257219000000003,-97.710922
2810,East Austin Multi-Center,True,False,False,True,30.259425269999998,-97.72803418
2821,Rundberg Station (NB),True,True,True,True,30.36261667,-97.69713333
2825,8032 Bar K Ranch (Lago Vista Hs),False,False,False,False,30.48075015,-97.97827137
2827,Crossbow/Paseo de Vaca,False,False,False,False,30.47157,-97.9911
2829,8033 Bar K Ranch (Lago Vista Hs),False,False,False,False,30.48066767,-97.97816700999999
2830,5887 Thunderbird/Dawn,True,True,False,True,30.453482089999998,-97.98713414
2831,Park/Crestview Jonestown,False,False,False,False,30.4928347,-97.92282987
2856,1703 12Th/Leona,True,False,False,True,30.27347163,-97.72136712
2863,Cherrywood/Edgewood,False,False,False,False,30.28781005,-97.71607782
2864,3719 Cherrywood/38Th Half,True,False,False,True,30.29149,-97.71368
2870,6717 Cameron/Athletic,True,True,False,True,30.32283,-97.69413
2871,7068 Cameron/st Johns,True,True,False,True,30.325799,-97.692672
2874,514 st Johns/Guadalupe,False,False,False,True,30.33781292,-97.71429724000001
2877,6904 Airport/Lamar,True,True,False,True,30.336206,-97.718248
2878,7209 Lamar/st Johns,True,True,False,True,30.339476910000002,-97.71763749
2880,601 st Johns/Guadalupe,False,False,False,True,30.337810280000003,-97.71462062
2886,1011 st Johns/Bethune,True,True,False,True,30.3301,-97.69847
2908,7925 Rockwood/Ashdale,False,False,False,False,30.36048751,-97.73587687
2913,3400 Lamar/34Th,True,False,False,True,30.302819720000002,-97.74476759
2917,801 William Cannon/Cooper,False,False,False,False,30.197942610000002,-97.79005356
2918,701 William Cannon/1St,True,True,False,True,30.197073,-97.78805299999999
2933,Slaughter/United Kingdom,False,False,False,True,30.174099469999998,-97.80960739
2934,Slaughter/Texas Oaks,False,False,False,False,30.17399478,-97.81478868
2935,1312 Slaughter/Bilbrook,False,False,False,True,30.17397065,-97.81686399
2938,2107 Slaughter/Riddle,False,False,False,False,30.1739963,-97.82687703
2974,1401 Slaughter/Bilbrook,True,False,False,True,30.17369565,-97.81642238
2975,1213 Slaughter/David Moore,True,False,False,False,30.17372918,-97.81401973
2976,1001 Slaughter/United Kingdom,False,False,False,False,30.17379771,-97.80888072
3010,Braker/Swearingen,False,False,False,False,30.38765888,-97.69840996
3011,1612 Braker/Bittern Hollow,False,False,False,False,30.38934424,-97.70133161
3012,1900 Braker/Metric,True,False,False,False,30.391552620000002,-97.70610435
3014,Braker/Ibm,True,True,False,True,30.392667000000003,-97.72595799999999
3016,10050 Great Hills/Research,True,False,False,True,30.393703209999998,-97.74388377999999
3017,4001 Braker/Stonelake,False,False,False,True,30.39731643,-97.7362424
3020,Braker/Burnet SW Corner,True,True,False,True,30.391126980000003,-97.72222753
3021,2001 Braker/Metric,True,False,False,True,30.392385089999998,-97.70877266
3022,1613 Braker/Bittern Hollow,False,False,False,False,30.38910057,-97.7013914
3023,Braker/Milbanks,False,False,False,False,30.38712405,-97.69795909
3033,1624 Ohlen/Payton Gin,True,True,False,True,30.36371,-97.71609
3036,Metric/Sunhillow,False,False,False,True,30.39928607,-97.70364289999999
3041,Metric/Lamplight,True,True,False,True,30.410865819999998,-97.69539295
3045,2501 Parmer/Tomanet,True,False,False,True,30.418592410000002,-97.70186705
3060,Burnet/Ashdale,True,False,False,True,30.35833254,-97.73038622
3063,Burnet/Teakwood,True,False,False,True,30.36050764,-97.72958759000001
3075,9037 Lamar/Cooper,True,True,False,True,30.36026477,-97.69847727000001
3080,11213 Lamar/Braker,False,False,False,True,30.3816798,-97.686359
3081,315 Braker/Hornsby,True,False,False,True,30.37996792,-97.68330046
3082,751 Braker/Middle Fiskville,True,False,False,True,30.37763014,-97.67840463
3083,833 Braker/Joseph Clayton,True,False,False,True,30.37619308,-97.67426721
3087,11819 Shropshire/Rotherham,True,True,False,True,30.37856872,-97.65988093
3088,Shropshire/Tobler,False,False,False,False,30.38090625,-97.66120772999999
3089,Thompkins/Tuffit,False,False,False,False,30.38410285,-97.66231961
3090,Thompkins/Peggotty,True,False,False,False,30.38754456,-97.66098311
3091,12215 Thompkins/Yager,True,False,False,True,30.38981927,-97.6596101
3100,Stassney/Hummingbird,False,False,False,True,30.20712627,-97.77858979
3102,1026 Stassney/Emerald Forest,True,False,False,True,30.210777699999998,-97.78683596
3103,1400 Stassney/Radam,False,False,False,True,30.212317889999998,-97.79095557
3105,Stassney/Cork Path,False,False,False,True,30.217001829999997,-97.7999085
3106,2400 Stassney/Fernview,False,False,False,False,30.21832667,-97.80309638
3107,West Gate/Indio,True,False,False,False,30.22283836,-97.80556261999999
3174,William Cannon/Woodhue,False,False,False,True,30.200741110000003,-97.79945003
3175,1900 William Cannon/Cannonleague,True,True,False,True,30.20255115,-97.80478966999999
3177,William Cannon/Shier,True,True,False,True,30.20352229,-97.80847157000001
3178,2810 William Cannon/Deaton Hill,True,True,False,True,30.208170040000002,-97.81773381000001
3179,William Cannon/Stage Coach,False,False,False,False,30.21153598,-97.82521698
3180,3316 William Cannon/Lost Valley,False,False,False,False,30.2126369,-97.82743943999999
3182,7000 Brodie/Bannockburn,True,True,False,True,30.21300054,-97.83104985
3183,7600 Brodie/Harpers Ferry,True,False,False,True,30.20718327,-97.83498585000001
3185,3706 Eskew/Croftwood,False,False,False,False,30.20501942,-97.84008531
3186,3910 Eskew/Wakefield,False,False,False,True,30.20587208,-97.8430883
3187,4200 Eskew/Mauai,False,False,False,True,30.207820589999997,-97.84645226
3188,4408 Eskew/Copano,False,False,False,False,30.209422019999998,-97.84877623
3193,Convict Hill/Brush Country,False,False,False,True,30.217448920000002,-97.8469515
3196,5616 Convict Hill/Wagon Train,False,False,False,False,30.22245251,-97.86169348
3197,Convict Hill/John Blocker,True,False,False,True,30.22381783,-97.86446894000001
3206,5801 Convict Hill/Cannon Mountain,False,False,False,False,30.22331783,-97.86378796
3207,5701 Convict Hill/Wagon Train,False,False,False,False,30.22249131,-97.86205568999999
3208,5401 Convict Hill/Beckett,True,False,False,True,30.220474600000003,-97.85797967
3212,7704 Copano/Copperas,False,False,False,False,30.21334071,-97.85055089
3213,7814 Copano/Sarasota,False,False,False,True,30.21094912,-97.84958019000001
3214,4403 Eskew/Copano,True,False,False,True,30.20929442,-97.84845262
3215,Eskew/Mauai,True,False,False,True,30.20773337,-97.84660088999999
3216,3911 Eskew/Tree House,False,False,False,True,30.20575537,-97.84315905000001
3217,3709 Eskew/Croftwood,True,False,False,True,30.204892429999997,-97.84016463
3220,7613 Brodie/Harpers Ferry,True,False,False,True,30.20673554,-97.83496503
3221,7201 Brodie/Convict Hill,False,False,False,True,30.211187669999997,-97.83185271
3223,3421 William Cannon/Brodie,True,True,False,True,30.21322897,-97.82948126000001
3224,3207 William Cannon/Stagecoach,False,False,False,True,30.21094363,-97.82454962
3226,2701 William Cannon/West Gate,True,True,False,True,30.20719685,-97.81577795000001
3229,1401 William Cannon/Woodhue,True,False,False,True,30.200294829999997,-97.79900197
3230,1107 William Cannon/Mount Carrell,True,True,False,False,30.199251160000003,-97.79519605
3231,1011 William Cannon/Emerald Forest,True,False,False,True,30.199075030000003,-97.79333788
3234,401 William Cannon/Bill Hughes,True,True,False,True,30.19567412,-97.78533738
3238,Travis Correctional Facility,True,False,False,False,30.197840290000002,-97.64554577999999
3240,3103 SH 71/Cheviot,True,True,False,True,30.205035159999998,-97.64258891
3241,2777 SH 71/Golf Course,True,False,False,True,30.21089516,-97.65406734999999
3247,7200 Riverside/Yellow Jacket,False,False,False,False,30.22104536,-97.69468028
3248,6810 Riverside/Frontier Valley,True,True,False,True,30.22283102,-97.69809391999999
3249,6600 Riverside/Vargas,True,True,False,True,30.22403779,-97.70082534
3253,Montopolis/Santos,True,True,False,True,30.22866969,-97.70098887
3254,1207 Montopolis/Larch,True,False,False,True,30.232656260000002,-97.69845872
3255,911 Montopolis/Cirulo de Amistad,False,False,False,False,30.234793970000002,-97.69706930000001
3256,Montopolis/Monsanto,False,False,False,True,30.238996280000002,-97.69436927
3259,821 Airport/Glissman,True,False,False,True,30.25654237,-97.69283957
3260,1123 Airport/Springdale,False,False,False,False,30.26537,-97.69532000000001
3261,1135 Airport/Goodwin,False,False,False,False,30.26848,-97.69626000000001
3262,Oak Springs NB (Airport/Oak Springs),True,True,False,True,30.273880000000002,-97.697907
3266,1835 Airport/Martin Luther King,True,False,False,True,30.28233935,-97.70372221
3271,4335 Airport/Parkwood,True,False,False,True,30.30041002,-97.71245993000001
3272,4613 Airport/46Th,True,True,False,True,30.30536883,-97.71577044
3273,4821 Airport/48Th Half,True,False,False,True,30.30880906,-97.71551671
3276,Huntland/Airport,True,False,False,True,30.330440330000002,-97.71528086
3278,Anderson/Watson,True,False,False,True,30.34920632,-97.71602508999999
3279,Anderson/Lazy,True,True,False,True,30.351463480000003,-97.72078248999999
3281,2114 Anderson/Hardy,False,False,False,True,30.354997270000002,-97.72826945
3284,7905 Anderson Square/Anderson,False,False,False,False,30.350354720000002,-97.71644803999999
3285,8027 Anderson Square/Research,False,False,False,False,30.35234132,-97.71515412000001
3290,4600 Airport/46Th,True,True,False,False,30.305103459999998,-97.71602863999999
3291,4328 Airport/Crestwood,True,False,False,True,30.29990944,-97.71214248000001
3293,3822 Airport/38Th Half,True,False,False,True,30.28813628,-97.70726198
3295,2204 Airport/Manor,False,False,False,False,30.285560999999998,-97.706075
3296,1900 Airport/Martin Luther King,True,False,False,True,30.28269384,-97.7042217
3297,1400 Airport/14Th Half,False,False,False,True,30.27903325,-97.70193886999999
3298,1198 Airport/12Th,True,True,False,True,30.2764891,-97.70021321
3299,1144 Airport/Oak Springs,True,True,False,True,30.27252,-97.69775
3300,1134 Airport/Goodwin,False,False,False,True,30.26833,-97.69642999999999
3302,Airport/Shady Lane,True,True,False,True,30.25936,-97.69377
3303,760 Airport/Glissman,False,False,False,False,30.25446,-97.6928
3304,302 Montopolis/Del Monte,True,True,False,True,30.24200823,-97.69248627
3306,Montopolis/Walker,True,False,False,True,30.23873233,-97.69473581
3308,900 Montopolis/Felix,True,False,False,True,30.235454039999997,-97.69683132
3310,1412 Montopolis/Marigold,True,True,False,True,30.22940908,-97.70069543
3311,1814 Montopolis/Kasper,True,True,False,True,30.225820679999998,-97.70298452
3314,6217 Riverside/Montopolis,True,True,False,True,30.224947,-97.703802
3315,6605 Riverside/Vargas,False,False,False,False,30.22371843,-97.70075611
3316,6903 Riverside/Maxwell,False,False,False,False,30.22226995,-97.69749277
3317,Riverside/Yellow Jacket,False,False,False,False,30.22076987,-97.69474932
3318,7343 Riverside/Coriander,True,False,False,True,30.21999929,-97.69333117
3323,3320 FM 973/Sh 71,False,False,False,True,30.200884130000002,-97.64049342
3324,3518 Bill Price/Fm 973,True,True,False,True,30.198799859999998,-97.6428152
3337,2730 7Th/Pleasant Valley,False,False,False,True,30.260388000000003,-97.710078
3360,Victory/Prather,True,False,False,True,30.23581132,-97.79008624000001
3491,UT Stadium NB (San Jacinto/23rd),False,False,False,True,30.28555,-97.73353100000001
3496,1017 Camino La Costa/La Posada,True,True,False,True,30.32551,-97.70152
3512,201 Dean Keeton/University,True,True,True,True,30.28953422,-97.73930238
3513,3600 North Hills/Village Center,True,True,False,True,30.35159531,-97.75666260000001
3515,4001 Speedway/40Th,True,False,False,False,30.3033344,-97.73171119
3519,6Th/Campbell,True,False,False,False,30.27600451,-97.76454032
3520,Kermit/Jasper,True,True,False,False,30.28738794,-97.78236852
3529,Disch-Falk Field,True,True,False,True,30.27919493,-97.72725593
3532,45Th / Bennett,True,True,False,True,30.30393486,-97.71759837
3535,2200 Burton/Oltorf,False,True,False,True,30.23127131,-97.73373259
3647,6917 Wentworth/Colony Loop,True,True,False,True,30.29579593,-97.6280312
3655,LBJ High School NB (Pecan Brook/Rio),False,False,False,True,30.314586,-97.65609900000001
3722,3513 Oak Springs/Gunter,False,False,False,False,30.27374988,-97.69492859
3728,Rosewood/Chestnut,True,False,False,True,30.2704192,-97.71500043
3730,1422 Rosewood/Angelina,True,True,False,True,30.268978479999998,-97.72413781
3753,9510 Menchaca/Monarch,True,False,False,True,30.1768065,-97.82227838
3754,9700 Menchaca/Slaughter,True,True,False,True,30.17545939,-97.82273365
3757,7901 S 1St/Dittmar,False,False,False,False,30.18369723,-97.79268995999999
3763,7200 S 1St/Prince Valiant,True,False,False,True,30.19173874,-97.79049836
3764,8318 S 1St/Great Britain,False,False,False,False,30.17960158,-97.79605969
3766,818 Slaughter/Palace,True,True,False,True,30.17414237,-97.80635822999999
3767,815 Slaughter/Palace,True,False,False,True,30.173895,-97.805545
3768,8515 S 1St/Hyde Park,True,False,False,True,30.1766707,-97.79769447
3769,8313 S 1St/Great Britain,False,False,False,True,30.17963455,-97.79580286
3770,7201 S 1St/Prince Valiant,True,False,False,True,30.1917242,-97.79032521
3772,7300 Menchaca/Matthews,True,False,False,True,30.198693759999998,-97.80835059
3773,7504 Menchaca/Lear,False,False,False,False,30.19632615,-97.80985957
3774,7800 Menchaca/Beauregard,False,False,False,False,30.19385369,-97.81143277000001
3775,8200 Menchaca/Shiloh,False,False,False,False,30.19082823,-97.81336285
3776,9304 Menchaca/Sedgemoor,False,False,False,False,30.17951494,-97.82057818
3777,9303 Menchaca/Sedgemoor,False,False,False,False,30.1794455,-97.82024203
3778,8125 Menchaca/Breyfogle,True,False,False,True,30.19157474,-97.8125054
3779,Menchaca/Keilbar,False,False,False,False,30.19511928,-97.81024774
3795,Research/Jamestown,True,False,False,True,30.35530793,-97.71486159
3796,Research/Clearfield,True,True,False,True,30.35731551,-97.71551389000001
3797,8523 Research/Fairfield,True,True,False,True,30.35998807,-97.71631260000001
3798,8601 Research/Ohlen,True,True,False,True,30.36227329,-97.71694122999999
3799,Research/Northgate,True,True,False,True,30.36885769,-97.71851267000001
3804,10201 Jollyville/Great Hills,False,False,False,False,30.395978340000003,-97.74987651999999
3806,4815 Braker/Jollyville,True,True,False,True,30.400575850000003,-97.74801369000001
3809,11215 Research/Balcones Woods,False,False,False,False,30.40881168,-97.7446316
3810,11411 Research/Windriver Apts,True,False,False,True,30.412532050000003,-97.74513852999999
3811,11689 Research/Duval,False,False,False,True,30.41795326,-97.74615213999999
3812,Research/Riata Apts,False,False,False,False,30.42702,-97.75386999999999
3813,12550 Research/Oak Knoll,False,False,False,False,30.430239999999998,-97.76044
3818,10409 Lake Creek/Mellow Meadows,True,True,False,True,30.460639999999998,-97.79704
3820,11101 Lakeline Mall/Pecan Park,True,False,False,True,30.47208921,-97.8010434
3823,10204 Lake Creek/Pecan Park,True,True,False,True,30.462436659999998,-97.79200119000001
3824,10323 Lake Creek/US 183,True,True,False,True,30.46091,-97.79649
3829,Research Blvd/Barrington,True,True,False,True,30.43298542,-97.76802651
3830,12574 Research/Jollyville,True,False,False,True,30.429237070000003,-97.76050106
3831,11700 Research/Duval,True,False,False,True,30.419989849999997,-97.74757246
3832,11590 Research/Thunder Creek,False,False,False,False,30.41491998,-97.74661233
3833,11100 Research/Balcones Woods,False,False,False,True,30.40685798,-97.74572735
3834,Braker/Research NW Corner,True,True,False,False,30.40081284,-97.74724025
3837,10051 Great Hills/Research (Target),True,True,False,True,30.39333727,-97.74354531
3838,10001 Capital of Texas/Stonelake,True,False,False,True,30.39047544,-97.73889369
3839,Research/Ohlen,True,True,False,True,30.36407481,-97.71814906
3840,8500 Research/Fairfield,True,False,False,True,30.35963483,-97.71674844
3846,Riverside/Congress FS,False,False,False,False,30.25619646,-97.74602061
3847,205 Riverside/Congress,True,False,False,True,30.25484566,-97.74479312
3852,Melrose Place Apt,True,False,False,True,30.237369,-97.7135
3887,Convict Hill/Latta/Brush Country,True,False,False,True,30.21688784,-97.84606822
3895,Braker/Lamar NE Corner,True,False,False,True,30.381776,-97.685877
3900,12001 Amhearst/Duval,True,False,False,True,30.41231611,-97.72152672
3901,Salt Springs/Tara,True,True,False,True,30.16361091,-97.7428994
4317,4120 Freidrich/Woodward,True,False,False,True,30.21356147,-97.74585482
4318,Woodward/Ben White SW Corner,True,True,False,True,30.21464075,-97.74469780000001
4323,3300 Parker/Timber Ridge,True,True,False,True,30.22216036,-97.74222784
4324,3301 Parker/Timber Ridge,False,False,False,False,30.22291807,-97.74209957000001
4325,3004 Parker/Timber Ridge,False,False,False,False,30.22489491,-97.74213786
4326,ABIA Lower Level,False,False,False,False,30.20274422,-97.66565335
4331,1715 Stassney/Ih 35,False,False,False,False,30.19719916,-97.76155828
4335,2523 Stassney/Chaparral,True,False,False,True,30.19372403,-97.74710736
3924,Barton Creek Mall (Backside of Mall ),True,True,False,True,30.25641489,-97.80930987999999
3931,Walmart Norwood,False,False,False,False,30.33940415,-97.69061945
3932,2215 Rosewood/Chestnut,True,True,False,True,30.27025,-97.71522
3955,Dean Keeton/Speedway,True,True,False,True,30.289287,-97.73607
3974,Travis County Precinct 4,True,True,False,True,30.19556961,-97.69374653000001
4007,Lavaca/9Th,True,True,True,True,30.27137818,-97.74411496
6002,4104 Banister/Morgan,True,False,False,True,30.228316760000002,-97.77907959
4024,504 Riverside/Newning,True,True,False,True,30.25300485,-97.74294512
4026,Soco Station (NB),True,True,True,True,30.24877207,-97.74982573
4029,Soco Station (SB),True,True,True,True,30.24813382,-97.7503672
4039,Oltorf Station (NB),True,True,False,True,30.23955381,-97.7528258
4040,Oltorf/Congress,False,False,False,True,30.238550999999998,-97.75335199999999
4044,121 Oltorf/Euclid (Heb),False,False,False,False,30.239387,-97.754655
4046,Oltorf Station (SB),True,True,False,True,30.23801337,-97.75438313
4065,1500 S 1St/Elizabeth,True,False,False,False,30.250218,-97.754785
4069,Barton Springs/Lamar,False,False,False,False,30.26070974,-97.75821125
4070,Barton Springs Station (SB),True,True,True,True,30.260070340000002,-97.7589524
4071,615 Lamar/Bluff,False,False,False,True,30.25883465,-97.75898311
4072,1901 Lamar/Mary,True,False,False,True,30.249560170000002,-97.76700135
4079,Barton Springs (Zilker Park),False,False,False,False,30.26612644,-97.76841258
4080,2221 Barton Springs (Zilker),False,False,False,False,30.268247,-97.77302399999999
4081,Barton Springs/Zilker,False,False,False,True,30.26587937,-97.76785260999999
4082,220 Lamar/B R Reynolds,True,False,False,True,30.26822741,-97.75565231
4083,219 Lamar/Sandra Muraida,False,False,False,True,30.26822381,-97.75541365999999
4084,600 Lamar/6Th,True,False,False,True,30.272037249999997,-97.75385459
4086,5Th/West Lynn,False,False,False,True,30.2736053,-97.76324057
4088,1000 Lamar/10Th,False,False,False,False,30.275102729999997,-97.75233222
4089,1117 Lamar/12Th,True,False,False,True,30.27674135,-97.75133933000001
4090,1200 Lamar/12Th,False,False,False,True,30.276963140000003,-97.75145171
4096,27Th/Whitis,True,True,False,True,30.292002640000003,-97.74021915
4113,Speedway/44Th,False,False,False,True,30.30809147,-97.72868057
4114,Speedway/38Th,True,True,False,True,30.299792200000002,-97.73414887
4115,3201 Speedway/33Rd,False,False,False,False,30.29722026,-97.73558063
4116,31St/Grooms,False,False,False,True,30.29436578,-97.73586848
4117,31St/Walling,False,False,False,False,30.29428666,-97.73558106
4120,22Nd/Pearl,True,True,False,True,30.285285,-97.746666
4121,San Gabriel/25 1/2,True,True,False,True,30.29005002,-97.74769251000001
4122,26Th/Rio Grande,True,False,False,False,30.290696280000002,-97.74424897
4123,26Th/Pearl,False,False,False,False,30.29086003,-97.74643737
4125,3004 Lamar/30Th Half,True,False,False,True,30.29954167,-97.74676893
4128,3913 Medical/39Th Half,True,False,False,True,30.30774208,-97.74278595
4129,Medical/42Nd,True,False,False,True,30.31149175,-97.74246431
4133,3617 Bull Creek/Jefferson,False,False,False,False,30.30984914,-97.75104337
4135,2001 San Jacinto/20Th,True,True,False,True,30.281644720000003,-97.73319081999999
4144,Red River/Dean Keeton,True,True,False,True,30.28757969,-97.72651982000001
4147,3409 Red River/Harris,True,False,False,True,30.29311245,-97.72544794
4150,4510 Duval/45Th,False,False,False,False,30.307336890000002,-97.7244622
4152,3508 Duval/38Th,True,False,False,True,30.298181930000002,-97.73021512
4153,2400 Lamar/24Th,True,False,False,True,30.28871774,-97.75282476999999
4154,2327 Lamar/24Th,True,False,False,True,30.28840541,-97.75270859
4155,1900 Lamar/Martin Luther King,True,False,False,True,30.28367351,-97.75233334
4156,1801 Lamar/Martin Luther King,True,False,False,True,30.283337460000002,-97.75171711
4157,2206 Enfield/Meriden,False,False,False,False,30.28754778,-97.76681255
4158,2207 Enfield/Kent,False,False,False,True,30.28741,-97.76683
4161,717 Exposition/8Th,True,False,False,True,30.284117,-97.77605199999999
4162,2531 Lake Austin/Dumas,False,True,False,True,30.27937756,-97.77427927999999
4166,Mopac/Nature Center,False,False,False,False,30.26950498,-97.77634198000001
4167,Mopac/Zilker,False,False,False,False,30.26857121,-97.77657365
4170,Rosewood/Leona,True,False,False,True,30.26942718,-97.72125027999999
4171,Rosewood/Salina,True,False,False,True,30.26947484,-97.7200976
4172,Rosewood/Chicon,True,True,False,True,30.269698,-97.719604
4173,1321 12Th/Angelina,True,False,False,True,30.27287795,-97.72505199999999
4175,700 Cesar Chavez/Red River,True,True,False,True,30.261585330000003,-97.73771736
4181,7Th/Northwestern,True,True,False,True,30.261407939999998,-97.71649454
4182,Comal/Manor,True,True,False,True,30.282691699999997,-97.72603412
4183,1255 Martin Luther King/Ih 35,False,False,False,False,30.278681940000002,-97.72722962
4184,Comal/21St,True,True,False,True,30.280784,-97.725615
4186,Dean Keeton/Lafayette,True,True,False,True,30.284125109999998,-97.72147767
4189,Cherrywood/Manor,True,True,False,True,30.28513121,-97.71781469999999
4191,2201 Airport/Manor,True,True,False,True,30.28546025,-97.70572272
4193,Manor/Tillery,True,True,False,True,30.28688532,-97.70320395
4195,3205 Martin Luther King/Airport,True,True,False,True,30.28253749,-97.70345554000001
4196,3014 Martin Luther King/Airport,True,True,False,True,30.28255253,-97.70451797
4200,12Th/Oak Grove,False,False,False,False,30.27620716,-97.7041398
4202,Burnet/47Th,False,False,False,False,30.317747729999997,-97.74002241
4204,Allandale Station (SB),True,False,True,False,30.33376616,-97.74009647
4206,1404 Oltorf/Thornton,False,False,False,True,30.24690903,-97.76928841
4207,2401 S 5Th/Oltorf,True,True,True,True,30.243473,-97.76442
4208,2406 S 5Th/Oltorf,False,False,False,True,30.243364170000003,-97.76459814
4209,2006 S 5Th/Brodie,False,False,False,True,30.24680235,-97.76310396
4212,4205 Victory/Ben White,True,True,False,True,30.23280549,-97.79070022
4213,4206 Victory/Ben White,True,True,False,True,30.23279243,-97.79091709999999
4215,2317 Panther/Victory,False,False,False,True,30.23813261,-97.78875645000001
4216,2300 Panther/Lamar,True,True,False,True,30.23852182,-97.78905839000001
4218,2555 Western Trails/Sagebrush,True,True,False,True,30.22945664,-97.79880702
4219,2700 Western Trails/Sagebrush,True,True,False,True,30.22910446,-97.80049961
4220,4631 West Gate/Western Trails,True,True,False,True,30.229916,-97.80089491999999
4223,Stassney/Westgate,True,False,False,True,30.218686509999998,-97.80593074999999
4224,2000 Stassney/Menchaca,True,False,False,True,30.215731129999998,-97.7979614
4225,1821 Stassney/Menchaca (FS),True,False,False,False,30.214593790000002,-97.79633026
4226,1820 Stassney/Menchaca,False,True,False,True,30.21493756,-97.79643150000001
4227,5501 Menchaca/Stassney,True,True,True,True,30.21625441,-97.79678133
4228,4711 Menchaca/Frontier,False,False,False,False,30.22403041,-97.79198262999999
4229,4611 Menchaca/Forest Hill,False,False,False,False,30.226246229999997,-97.79056367
4230,4413 Menchaca/Redd,False,True,True,True,30.22856184,-97.78908069
4231,Pack Saddle Pass/Ben White,True,True,False,True,30.231054680000003,-97.79219865
4234,Ann Richards School,True,True,False,True,30.23581007,-97.78987946
4235,2020 Ben White/Menchaca,True,True,False,True,30.23063775,-97.78852375
4236,4029 Banister/Ben White,True,False,False,True,30.22859905,-97.77869922
4267,Congress/Dunlap,False,False,False,True,30.2244296,-97.76319615
4268,Congress/Ben White,True,True,False,True,30.22445664,-97.76287144
4272,4735 Congress/Sheraton,True,True,False,True,30.214379,-97.76914647
4273,Congress/Wasson,False,False,False,False,30.212003199999998,-97.77068029
4275,118 Stassney/Congress,True,True,False,False,30.205172920000003,-97.77510009
4276,119 Stassney/Congress,True,True,False,True,30.205002049999997,-97.77524647
4277,720 Stassney/1St,True,True,False,True,30.20899674,-97.7823656
4278,1706 Stassney/Rose Hill,False,False,False,False,30.214017459999997,-97.79451463
4283,Elmont SB (Pleasant Valley/Elmont),False,False,False,False,30.240131,-97.718817
4284,Elmont NB (Pleasant Valley/Elmont),True,True,False,True,30.239805999999998,-97.718797
4285,Elmont/Pleasant Valley,True,True,False,True,30.23812462,-97.71834787
4286,1600 Wickersham/Elmont,True,True,False,True,30.235820710000002,-97.71862377
4288,Riverside SB (Pleasant Valley HEB),False,False,False,True,30.235239999999997,-97.72197700000001
4296,2195 Oltorf/Willow Creek,True,True,False,True,30.230048280000002,-97.73185577000001
4298,Sheringham SB (Pleasant Valley/Sheringham),False,False,False,False,30.230883,-97.725761
4299,1900 Crossing Place/Riverside,False,False,False,False,30.2324076,-97.71723227000001
4300,1901 Crossing Place/Riverside,False,True,False,False,30.232152579999997,-97.71705496999999
4301,1501 Crossing Place/Faro,True,True,False,True,30.235016429999998,-97.7146455
4302,1500 Crossing Place/Faro,True,True,False,True,30.23488705,-97.71505974
4306,Montopolis/El Mirando,False,False,False,False,30.240245230000003,-97.693567
4310,2821 Montopolis/Oltorf,True,True,False,True,30.2158166,-97.70925967
4342,Pleasant Valley/Creek Bend,True,False,False,True,30.18275993,-97.74540778000001
4345,1700 William Cannon/Bluff Springs,False,False,False,False,30.18920241,-97.76748511
4348,2015 William Cannon/Elm Creek,False,False,False,True,30.18747068,-97.76253215
4349,2283 William Cannon/Stoneleigh,True,True,False,True,30.18639954,-97.75914921
4350,2300 William Cannon/Stoneleigh,False,False,False,True,30.1864849,-97.75872784
4351,William Cannon/Branchwood,True,False,False,True,30.18363908,-97.75447708
4352,William Cannon/Rockridge,False,False,False,False,30.18407371,-97.75470268
4353,4812 William Cannon/Meadow Lake,False,False,False,False,30.1811922,-97.75050957
4354,2114 Blue Meadow/Blue Dawn,False,False,False,False,30.18172994,-97.76432339
4355,2203 Blue Meadow/Blue Dawn,True,False,False,False,30.18153547,-97.76431013000001
4357,7200 Salt Springs/Orange Blossom EB,False,False,False,True,30.167138530000003,-97.74072378000001
4361,Salt Springs/Orange Blossom,True,False,False,True,30.16711365,-97.74054586
4362,812 Stassney/Ih 35,True,False,False,True,30.200389819999998,-97.76639404
4363,811 Stassney/Mira,True,True,False,True,30.20005213,-97.7666678
4364,Stassney/Mira,False,False,False,False,30.20235135,-97.77082467999999
4365,407 Stassney/Congress,False,False,False,False,30.2027669,-97.77176854999999
4381,6610 Congress/Eberhart,False,False,False,False,30.19421521,-97.77844934000001
4382,Pleasant Hill Station (NB),True,True,True,True,30.19453455,-97.77808468
4384,William Cannon/Skynook,False,False,False,False,30.19347866,-97.78030505
4393,609 Stassney/1St,True,True,False,True,30.208097,-97.781018
4394,5802 South 1St/Stassney,True,False,False,True,30.20536697,-97.78314951
4398,William Cannon/Bill Hughes,True,True,False,True,30.19648848,-97.78611773
4403,8600 S 1St/Hyde Park,True,False,False,True,30.176286570000002,-97.79814008000001
4404,8905 S 1St/Slaughter,True,True,False,True,30.17340292,-97.79875111
4411,Slaughter/Menchaca,True,True,False,True,30.17359034,-97.82277078
4412,Slaughter/Riddle,False,False,False,False,30.17380075,-97.82701335
4414,8700 Menchaca/Davis,True,False,False,True,30.18535431,-97.81684322
4415,8509 Menchaca/Dittmar,True,False,False,True,30.186654039999997,-97.81564785
4424,William Cannon/Whispering Oaks,True,False,False,True,30.2036631,-97.80922772000001
4426,7317 Menchaca/Gaines Mill,False,False,False,True,30.197956220000002,-97.80845569
4427,6110 West Gate/Luton,False,False,False,False,30.215531249999998,-97.81386644
4428,William Cannon/Deaton Hill,False,False,False,True,30.207900839999997,-97.81777678
4429,2616 William Cannon/West Gate,True,True,False,True,30.207074560000002,-97.81479044
4430,6900 West Gate/William Cannon,True,False,False,True,30.20674903,-97.81583694999999
4431,8300 West Gate/Siskin,True,True,False,True,30.196017150000003,-97.82923023
4433,Curlew/Kentish Drive,False,False,False,False,30.18717346,-97.82981776000001
4434,Curlew/Monarch,False,False,False,False,30.18009067,-97.83335801999999
4435,Eskew/Brodie,False,False,False,True,30.203389899999998,-97.83771693
4436,3101 William Cannon/Ranch,False,False,False,False,30.20999545,-97.82217199
4437,3100 William Cannon/Ranch,False,False,False,False,30.2103286,-97.82227942
4441,Copano/Clarno,False,False,False,True,30.21193899,-97.84982046
4442,Latta/Islander,False,False,False,True,30.21567875,-97.84907718000001
4444,4922 Convict Hill/Flaming Oak,True,False,False,True,30.2179867,-97.85249353
4445,4923 Convict Hill/Flaming Oak,True,False,False,True,30.21796592,-97.85275496999999
4446,5125 Convict Hill/Woodcreek,True,False,False,True,30.218895470000003,-97.85469429000001
4447,Convict Hill/Woodcreek,False,False,False,True,30.21908694,-97.85477275
4448,6701 Silvermine/Sh 71,False,False,False,False,30.24599572,-97.88864681999999
4453,8403 Red Willow/Smokey Hill,False,False,False,False,30.241590369999997,-97.89427850999999
4454,8310 Red Willow/Smokey Hill,False,False,False,False,30.241603979999997,-97.89408979000001
4457,8525 Red Willow/Bargamen,False,False,False,False,30.24095261,-97.89806583
4458,8530 Red Willow/Selway,False,False,False,False,30.24059647,-97.89842523
4461,Red Willow/Fenton,False,False,False,False,30.23677175,-97.90089809
4462,Fenton/Red Willow,False,False,False,False,30.23667214,-97.90080308
4465,10935 Lakeline Mall/US 183,False,False,False,False,30.473343139999997,-97.79767555000001
4466,Lakeline Mall/Lake Creek,True,False,False,True,30.474983350000002,-97.79412655
4470,4702 Lamar/Dudmar,False,False,False,True,30.23358814,-97.80916344
4471,4970 US 290/Brodie,True,False,False,True,30.23371262,-97.81905814
4473,6900 Scenic Brook/Sh 71,False,False,False,False,30.237011109999997,-97.87869922
4474,6905 Scenic Brook/Sh 71,False,False,False,False,30.23688833,-97.87851081000001
4481,Scenic Brook/Hanbridge,False,False,False,False,30.23752411,-97.89356666
4482,Scenic Brook/Kirkham,False,False,False,False,30.23772223,-97.89290408
4485,Scenic Brook/Banpass,False,False,False,False,30.23564588,-97.89786811
4488,Mopac/Wallingwood,False,False,False,False,30.26576664,-97.78112791
4489,1300 Spyglass/Wallingwood,True,False,False,False,30.2611463,-97.78662320000001
4490,1788 Spyglass/Barton Skyway,True,False,False,True,30.259147,-97.79102999999999
4491,Mopac/Barton Skyway,False,False,False,True,30.262083,-97.78957
4492,1010 Walsh Tarlton/Bee Caves,True,True,False,True,30.27359954,-97.80122009
4493,1007 Walsh Tarlton/Bee Caves,True,True,False,True,30.27388891,-97.80081234
4494,2701 Walsh Tarlton/Capital of Texas,False,False,False,True,30.25847754,-97.81128561
4497,4219 Bull Creek/Jackson,False,False,False,False,30.31674301,-97.75471062
4498,4701 Bull Creek/Perry,True,False,False,True,30.32311902,-97.75181963
4509,820 Koenig/Lamar,True,True,False,True,30.32657844,-97.72687490999999
4513,Koenig/Guadalupe,False,False,False,False,30.32354506,-97.72362618000001
4516,4801 Guadalupe/46Th,True,False,False,True,30.314726139999998,-97.73035271
4518,4903 Guadalupe/46Th,True,True,False,True,30.31653126,-97.72912989
4521,4800 Sunshine (Criss Cole Rehab),True,True,False,True,30.317273,-97.73536899999999
4523,Woodrow/Dartmouth,False,False,False,False,30.34803849,-97.72355781
4524,3607 Manor/Pershing,False,False,False,False,30.28942098,-97.69768072999999
4528,4316 Lamar/43Rd,True,False,False,True,30.31134806,-97.73919002999999
4529,915 45Th/Red River,False,False,False,True,30.304396840000003,-97.71886872
4534,961 Springdale/Govalle,True,False,False,False,30.26459625,-97.696074
4539,Rundberg/Lamar,True,True,False,True,30.36276247,-97.69652546
4540,Rundberg Station (SB),True,True,False,True,30.36366946,-97.69683992
4541,9717 Lamar/Rutland,False,False,False,False,30.366231759999998,-97.69508239999999
4542,9800 Lamar/Longspur,True,False,False,True,30.36756842,-97.69460285999999
4543,Masterson Station (NB),True,True,True,True,30.37208333,-97.69181667
4545,Lamar/Applegate,False,False,False,True,30.37448557,-97.69043226
4548,Chinatown Station (NB),True,True,True,True,30.37938453,-97.6876833
4550,Braker/Motheral,True,True,False,True,30.38098443,-97.68498398
4551,314 Braker/Hornsby,True,False,False,True,30.380223219999998,-97.68332534
4553,200 Braker/Oakwood,False,False,False,True,30.378568689999998,-97.67998327000001
4554,700 Braker/Pollyanna,True,False,False,True,30.377449430000002,-97.67741096
4557,Cameron/Cross Park,False,False,False,False,30.34360575,-97.67883499
4570,Ohlen Station (NB),True,True,True,True,30.363466669999998,-97.72878361000001
4571,Burnet/Colfax,False,False,False,False,30.36756617,-97.72771537999999
4572,Crossroads Station (NB),True,True,True,True,30.370976,-97.726817
4573,Crossroads Station (SB),True,True,True,True,30.371234,-97.727017
4574,Ohlen Station (SB),True,True,True,True,30.363467,-97.72905
4576,Mesa/Paint Rock,False,False,False,False,30.36636,-97.7611
4578,Burnet/Twin Oaks,False,False,False,True,30.34032422,-97.7390577
4579,Burnet/Rockwood,False,False,False,False,30.36714196,-97.72806093
4580,Anderson/Gault,True,True,False,True,30.350302080000002,-97.71835899999999
4581,Airport/Shady,True,True,False,True,30.25974797,-97.69365649000001
4586,400 Martin Luther King/Trinity,False,False,False,False,30.279665719999997,-97.73431082
4587,Koenig/Arroyo Seco,False,False,False,False,30.332304,-97.734417
4588,2607 Allandale/Cary,True,False,False,True,30.33533,-97.747
4592,Cameron/Glencrest,True,True,False,True,30.319114279999997,-97.69749046
4593,801 Clyde Littlefield/Red River,True,True,False,True,30.28330228,-97.72868418
4600,1St/Bronco,False,False,False,False,30.47420155,-97.97370925
4602,Martin Luther King/Scottsdale,False,False,False,False,30.286308820000002,-97.67879784
4606,Tannehill/Webberville,False,True,False,True,30.283619,-97.671579
4609,Cameron/Northridge,True,True,False,True,30.315645,-97.701544
4610,6400 North Hampton/Bristol,True,True,False,True,30.31379964,-97.68175564
4611,4701 Loyola/Manor,True,False,False,True,30.30946824,-97.66673858
4612,5627 Loyola/Millrace,True,False,False,True,30.30282197,-97.65745301999999
4613,5911 Loyola/Crystalbrook,True,False,False,False,30.302553999999997,-97.65351799999999
4614,Johnny Morris NB (Loyola/Johnny Morris),False,False,False,False,30.299874000000003,-97.64784300000001
4615,Loyola/Johnny Morris NE Corner,True,True,False,True,30.29994971,-97.64730304
4617,6809 Wentworth/Riverstone,False,False,False,False,30.294894229999997,-97.63005675
4619,Colony Loop/Decker,True,True,False,True,30.294341499999998,-97.62633031
4630,1518 Barton Springs/Lamar,True,False,False,True,30.2611517,-97.75892126
4646,3505 Lamar/37Th,True,False,False,True,30.30398132,-97.74376416
4648,Steck/Shoal Creek,False,False,False,False,30.36550716,-97.73693366
4649,Steck/Daleview,False,False,False,False,30.36589209,-97.73746523999999
4650,Balcones/Northland,True,True,False,True,30.33696,-97.75756
4651,North Hills/Valleyside,False,False,False,False,30.34922,-97.75417999999999
4652,3535 Greystone/Wood Hollow,False,False,False,False,30.3582584,-97.75113775999999
4654,10135 Lake Creek/US 183,True,False,False,True,30.4623115,-97.79168356
4655,10007 Lake Creek/Pecan Park,True,False,False,True,30.46797799,-97.78787317
4656,Lake Creek/Fm 620,True,True,False,True,30.46886177,-97.78925450999999
4657,Museum Station (NB),True,True,False,True,30.2793,-97.74119
4658,Jollyville/Balcones Woods,False,False,False,False,30.407651299999998,-97.74777617
4659,Balcones Woods/Research,False,False,False,False,30.40777666,-97.74702102
4667,4609 12Th/Springdale,False,False,False,True,30.27860432,-97.68629465
4668,12Th/Luna,True,False,False,True,30.27828,-97.69077
4670,3500 12Th/Greenwood,False,False,False,True,30.27748224,-97.69686888999999
4671,13701 Mccallen/Center Ridge,True,True,False,True,30.41760714,-97.66190697
4672,12801 Mccallen/Parmer,True,False,False,True,30.40592224,-97.66362265000001
4682,Braker/Burnet Stadium Rapid NW Corner (SB),True,True,False,False,30.39148292,-97.72254832
4688,Research/Hamilton,False,False,False,False,30.40165472,-97.74524712
4690,Research/Technology,False,False,False,False,30.432660000000002,-97.76536
4691,Research/Burnet,True,False,False,True,30.37228,-97.72535
4692,7308 Riverside/Coriander,True,True,False,True,30.22046642,-97.69372632000001
4696,11300 Lamar/Braker,True,False,False,True,30.38273409,-97.68605219000001
4697,Lamar/Northbend,False,False,False,True,30.38531,-97.68473
4698,Lamar/Little Oak,False,False,False,False,30.38857,-97.68337
4699,Lamar/Yager,False,False,False,False,30.40246304,-97.67896727
4703,1600 Centre Creek/Rutherford,True,False,False,True,30.33538201,-97.68025957
4704,1605 Centre Creek/Rutherford,True,True,False,True,30.33525443,-97.67997008
4706,Fisher-Rosemount Systems,True,True,False,True,30.33692,-97.68222999999999
4707,7911 Cameron/Anderson,False,False,False,False,30.334850000000003,-97.68471000000001
4708,7401 Cameron/Coronado Hills,True,True,False,True,30.32929505,-97.6900407
4709,7209 Cameron/St Johns,True,True,False,True,30.326238,-97.69204126
4711,1322 st Johns/Cameron,True,True,False,True,30.32635985,-97.69270303
4712,1016 Camino La Costa/La Posada,False,False,False,False,30.32710845,-97.70201938
4713,801 st Johns/Bennett,True,True,False,True,30.33112,-97.7006
4720,8100 Cameron Road,True,True,False,True,30.33771,-97.68436999999999
4721,1207 Rundberg/Teasdale,False,False,False,False,30.35372519,-97.68106693
4725,9306 Georgian/Rundberg,True,True,False,True,30.36044453,-97.69375945
4727,Rundberg/Northgate,False,False,False,True,30.371967,-97.715366
4728,1830 Colony Creek/Northgate,True,True,False,True,30.36970382,-97.71632254000001
4729,1729 Colony Creek/Northgate,False,False,False,True,30.3691892,-97.71504566
4730,9030 Galewood/Colony Creek,True,False,False,True,30.36748,-97.71512000000001
4731,9029 Galewood/Colony Creek,True,False,False,True,30.36750527,-97.71490124
4732,8910 Galewood/Payton Gin,True,False,False,False,30.3660086,-97.71605525999999
4733,8919 Galewood/Payton Gin,True,True,False,True,30.36616988,-97.71575428
4734,Ohlen/Research,True,True,False,True,30.36292657,-97.71901976999999
4737,1204 38Th Half/Hollywood,True,False,False,True,30.29426244,-97.71821578
4738,38Th Half/Lafayette,False,False,False,True,30.29299,-97.71598
4742,4311 Springdale/Martin Luther King,False,False,False,False,30.28636582,-97.68219176000001
4743,4609 Springdale/Touchstone,True,True,False,True,30.28939786,-97.68025025
4748,Berkman/US 290 SW Corner,True,True,False,True,30.31988407,-97.68918991999999
4751,4911 Menchaca/Jones,True,False,False,True,30.22251092,-97.79294539
4753,9101 Burnet/Research,True,True,False,True,30.374708520000002,-97.72590803
4754,Burnet/Waterford Center,True,True,False,True,30.375734029999997,-97.72596329999999
4756,Rutland Rapid Station (SB),True,True,False,True,30.3836,-97.72419000000001
4757,Rutland Rapid Station (NB),True,True,False,True,30.37949656,-97.72485661
4761,10701 Burnet/Braker Stadium Rapid (NB),True,True,False,True,30.39179634,-97.72147714
4763,Braker/Seton Center,False,False,False,True,30.40036512,-97.74228083
4769,10300 Metric/Energy,True,False,False,True,30.38276421,-97.71425922
4770,10301 Metric/Energy,True,False,False,False,30.38269417,-97.71405449
4779,510 Bouldin/Barton Springs,True,False,False,True,30.25911499,-97.75384358
4780,1662 Rutland/Mountain Quail,True,False,False,True,30.374451590000003,-97.71179885
4781,1622 Rutland/Mountain Quail,False,False,False,True,30.372477749999998,-97.71196904
4782,Rutland/Quail Valley,True,False,False,True,30.3760818,-97.71091836
4783,1649 Rutland/Quail Valley,True,True,False,True,30.37440764,-97.71203006
4795,Metric/Running Bird,False,False,False,True,30.41162374,-97.69161043999999
4796,12623 Metric/Scofield,True,False,False,True,30.41498639,-97.68845872
4797,12525 Metric/Parmer,False,False,False,True,30.41373117,-97.69011291
4801,Crystalbrook/Loyola,True,False,False,True,30.3032947,-97.65376129
4805,Manor/Wheless,True,True,False,True,30.307813,-97.6778
4813,2801 Wells Branch/Double File,True,False,False,True,30.44150565,-97.68997859
4814,2300 Wells Branch/Merrilltown,False,False,False,True,30.43929275,-97.68557036
4815,2301 Wells Branch/Merrilltown,True,False,False,True,30.43853717,-97.68539194
4816,2112 Wells Branch/Surrender,True,False,False,True,30.43662303,-97.68360891
4817,2107 Wells Branch/Renaissance,True,False,False,True,30.436412269999998,-97.68382833000001
4818,1900 Wells Branch/Alex,False,False,False,True,30.43483656,-97.67915698
4820,13510 Metric/Howard,False,False,False,False,30.42448704,-97.6796243
4821,13200 Metric/Chasewood,False,False,False,False,30.42194389,-97.68304328
4822,13501 Metric/Chasewood,False,False,False,False,30.42428756,-97.67946731
4824,12622 Metric/Scofield,True,False,False,True,30.41516762,-97.68867685999999
4829,2869 Lamar/29Th,False,False,False,False,30.298016139999998,-97.74841163
4830,Rosedale Station (NB),True,True,True,True,30.308217,-97.741034
4831,Rosedale Station (SB),True,True,True,True,30.308074,-97.74136999999999
4833,Metric/Lamplight Village,False,False,False,False,30.4105,-97.69554
4834,Quail Valley/Rutland,False,False,False,False,30.377423420000003,-97.70954414
4838,Jasper/Lake Austin,True,False,False,True,30.2877316,-97.7804028
4873,Amherst/Parmer,False,False,False,False,30.42435296,-97.71365393
4875,12400 Amherst/Adelphi,True,False,False,True,30.42121165,-97.71595979
4876,12401 Amherst/Adelphi,True,False,False,True,30.42131,-97.71561
4877,12200 Amherst/Mosley,True,False,False,True,30.41771829,-97.71815314000001
4878,12209 Amherst/Dugan,True,False,False,True,30.41782543,-97.71787847
4895,Braker/Mopac NE Corner,False,False,False,False,30.39537426,-97.73155281
4896,Lamar/Caddo,False,False,False,False,30.38584451,-97.68423783
4908,9200 South 1St/Island Oak,False,False,False,False,30.157840590000003,-97.80015731
4909,9201 S 1St/Slaughter,False,False,False,False,30.17173662,-97.80018518
4915,9000 S 1St/Slaughter,False,False,False,False,30.173877,-97.799008
4919,507 45Th/Duval,True,False,False,True,30.30686717,-97.7241573
4920,500 45Th/Duval,True,False,False,True,30.307024,-97.72417700000001
4921,45Th/Avenue F,False,False,False,False,30.308200369999998,-97.72732507
4923,20201 Dawn/Lohman Ford,False,False,False,False,30.45458733,-97.98000491
4924,Bronco/1St,False,False,False,False,30.47447,-97.97358
4925,Bronco/Dodge Trace,False,False,False,False,30.47930636,-97.97437428
4926,Bar K Ranch/Coyote,False,False,False,False,30.474413039999998,-97.98968119
4927,21459 Coyote/Camstock Cove,False,False,False,False,30.46991954,-97.98793977
4928,21475 Coyote/Camstock Cove,False,False,False,False,30.4726,-97.98673
4930,20204 Dawn/Lohman Ford,False,False,False,False,30.45474587,-97.98036435
4937,5701 Johnny Morris/Fm 969,False,False,False,False,30.292629,-97.653013
4938,6403 Johnny Morris/Fm 969,False,False,False,False,30.29744334,-97.64993412
4939,6402 Johnny Morris/Loyola,False,False,False,False,30.29747962,-97.65003185
4940,5800 Johnny Morris/Loyola,False,False,False,False,30.29286932,-97.65301057
4948,4815 William Cannon/Meadow Lake,True,True,False,True,30.180908170000002,-97.75049365
4952,9700 Anderson Mill/US 183,False,False,False,True,30.448048110000002,-97.79323992
4953,11807 Millwright/Missel Thrush,False,False,False,True,30.447548570000002,-97.80391417
4954,12103 Millwright/Old Stage Trail,False,False,False,False,30.452086050000002,-97.80282849000001
4955,12221 Millwright/Wendts Way,True,False,False,True,30.45533766,-97.8037503
4956,10621 Lake Creek/Millwright,False,False,False,False,30.45711581,-97.80359653
4957,10505 Lake Creek/Hickory Stick,False,False,False,False,30.45887663,-97.79905581000001
4958,10504 Lake Creek/Mellow Meadows,False,False,False,False,30.4588852,-97.79933282
4959,10620 Lake Creek/School House,False,False,False,False,30.45692383,-97.80414077
4960,12220 Millwright/Salt Mill,True,True,False,True,30.455334370000003,-97.80393237999999
4962,11808 Millwright/Anderson Mill,False,False,False,True,30.447986110000002,-97.80399468
4964,Braker/Lamar NW Corner,True,False,False,True,30.382691,-97.687669
4965,Braker/Austin Park,True,True,False,True,30.38546473,-97.69420513
4967,2100 Braker/Metric,True,False,False,True,30.392760000000003,-97.70884
4968,2236 Braker/Kramer,True,False,False,True,30.39176139,-97.71312743
4970,2243 Braker/Kramer,True,False,False,True,30.39122983,-97.71321844
4971,Braker/Metric (Midblock),True,False,False,True,30.39116448,-97.70587773
4972,1317 Braker/Parkfield,False,False,False,True,30.385618140000002,-97.69509128
4973,Braker/Plains,True,False,False,True,30.38366746,-97.69066074
4979,2204 San Gabriel/22Nd Half,True,True,False,True,30.285872459999997,-97.74812404999999
4983,Hart/Far West,True,True,False,True,30.357422449999998,-97.75459538999999
4985,Kermit/Lufkin,True,True,False,True,30.28894873,-97.78334416999999
4986,Lake Austin/Jasper,True,True,False,True,30.28453876,-97.77786442
5002,North Loop/Woodview,True,False,False,False,30.325374309999997,-97.74220147999999
5006,North Loop/Burnet,False,False,False,False,30.325593660000003,-97.74203623000001
5007,Tannehill/Webberville,True,True,False,True,30.2839734,-97.67134418
5014,1100 Braker/Plains,False,False,False,False,30.38409767,-97.69095423
5019,Stonelake/Great Hills,True,False,False,True,30.394135820000002,-97.73962041
5023,325 Riverside/Newning,True,False,False,True,30.253590199999998,-97.74397228
5024,116 Dean Keeton/University,True,True,True,True,30.28971686,-97.73879685
5032,516 Pleasant Valley/Lakeshore,True,False,False,False,30.246213,-97.714935
5038,301 Dean Keeton/San Jacinto,True,True,True,True,30.28923672,-97.73536682
5043,Grove/Fairway,True,True,False,True,30.23039371,-97.70615964000001
5045,2474 SH 71/Presidential,True,False,False,True,30.212705070000002,-97.65909016
5048,5214 Menchaca/Fair Oaks,True,False,False,True,30.21943268,-97.79492911
5049,305 Huntland/Brenda,True,False,False,True,30.33072401,-97.71063565
5053,7101 Roland Johnson/St Johns,True,True,False,True,30.33323315,-97.70584219
5055,5402 Convict Hill/Beckett,True,False,False,True,30.22075451,-97.85820165999999
5057,6971 Roland Johnson/Huntland,True,True,False,True,30.33096951,-97.70674128
5070,Northgate/Research,False,False,False,False,30.368637160000002,-97.71763015
5077,Elmont/Wickersham,False,True,False,False,30.238352,-97.71847100000001
5078,1515 Wickersham/Riverside,False,False,False,False,30.235709,-97.71851600000001
5079,Wickersham/Riverside,False,False,False,False,30.232959,-97.720095
5081,Cameron/Clear Creek,False,False,False,False,30.34135639,-97.68045047000001
5082,Cameron/Park Center,True,False,False,True,30.33892831,-97.68205464
5092,116 15Th/Brazos,True,True,False,True,30.276851070000003,-97.73857502
5093,7Th/Colorado,False,False,False,False,30.26933,-97.74398
5098,New Airport/Spirit of Texas,True,True,False,True,30.2124806,-97.66382713
5099,New Airport/Employee,True,True,False,True,30.21263596,-97.66383984
5100,1120 Airport/Springdale,True,True,False,True,30.26490761,-97.6954518
5104,st Johns/Ih 35 (Midblock),True,True,False,True,30.332158240000002,-97.70292427
5119,7Th/Chicon,True,True,False,True,30.26260164,-97.72198317
5120,7Th/Concho,True,True,False,True,30.26388048,-97.72564592
5121,4415 Blue Meadow/Deep,False,False,False,False,30.179440330000002,-97.75820549000001
5123,1111 Braker/Tom Adams,False,False,False,True,30.37377191,-97.66933504
5130,3201 Govalle/Tillery,True,False,False,False,30.26583538,-97.70194751
5133,Hobby Horse/Gracy Farms,True,False,False,False,30.40408867,-97.71403489
5136,Meadow Lake/Blue Meadow,True,False,False,True,30.17820562,-97.75476219
5137,Meadow Lake/Glade Line,True,False,False,True,30.17819261,-97.75496101
5147,Stassney/Meadow Crest,False,False,False,False,30.19118318,-97.73151966
5150,2749 Govalle/Webberville,True,True,False,True,30.267443,-97.706568
5158,178 6Th/Colorado,False,False,False,False,30.268565,-97.744465
5159,Blue Meadow/Granger,False,False,False,False,30.17821671,-97.7557812
5160,Burnet/Allandale (Heb),False,False,False,False,30.33440031,-97.74070525
5170,Burleson/Felter NW,False,False,False,False,30.19781272,-97.70502493
5178,21St/Whitis,True,True,False,True,30.28382642,-97.74089991999999
5186,6500 Berkman/Wheless,False,False,False,False,30.318166740000002,-97.69014133
5193,Norwood Park/Brettonwoods,True,False,False,True,30.33884422,-97.69402912
5194,Riverside Dr/Willow Creek,True,True,False,True,30.235750420000002,-97.72495252
5209,509 11Th/Red River,True,False,False,True,30.27114,-97.735733
5220,Evergreen/Pecan,False,False,False,False,30.50570498,-97.91234311
5222,11100 Pecan Park/Lakeline Mall,False,False,False,False,30.47269961,-97.80224587
5223,9700 North Lake Creek/Lakeline Mall,False,False,False,False,30.47628846,-97.79445459
5225,North Lamar Bay 1,True,True,False,True,30.35001613,-97.71196037
5226,North Lamar Bay 2,False,False,False,True,30.350167000000003,-97.71209900000001
5227,North Lamar Bay 3,True,True,True,True,30.350065830000002,-97.71211112
5071,Research/Lamar,False,False,False,False,30.35032254,-97.71304708
5228,Lakeline Station Bay I,False,False,False,True,30.48042207,-97.78650493
5229,Lakeline Station Bay H,False,False,False,False,30.480561809999998,-97.78666798
5230,Lakeline Station Bay G,False,False,False,True,30.48071947,-97.78677515
5231,Lakeline Station Bay F,False,False,False,True,30.480898709999998,-97.78696904
5237,10727 Jollyville/Braker,False,False,False,False,30.40054645,-97.74881279
5240,700 Ben White (Walmart),True,True,False,True,30.21899141,-97.75529285
5259,Ben White/Governors Row,False,False,False,False,30.215567619999998,-97.74858162000001
5263,200 Turk/Cullen,True,True,False,False,30.16336715,-97.79135054000001
5264,Mopac/Bee Caves,True,True,False,True,30.26724896,-97.77849467
5289,Stassney/Birch Creek,False,False,False,False,30.19136325,-97.73484224
5310,8201 Congress/Foremost,True,False,False,True,30.17624255,-97.78411790999999
5311,8200 Congress/Foremost,False,False,False,False,30.17525716,-97.7847153
5313,6811 Congress/Clearday,True,False,False,True,30.19084188,-97.77956769
5314,7309 Congress/Dittmar,True,False,False,True,30.18600031,-97.78110541
5315,7310 Congress/Dittmar,False,False,False,False,30.185789,-97.781306
5301,Tech Ridge Bay E,False,False,False,True,30.418565070000003,-97.66911189
5316,Fiesta (3909 S Ih35/38Th Half),False,False,False,False,30.29582547,-97.71778658
5284,Capital Plaza,False,False,False,False,30.31589416,-97.70643487
5286,Camino La Costa/Calidad,False,False,False,False,30.32437321,-97.69667574
5287,1443 Coronado Hills/Cameron,False,False,False,False,30.327914,-97.68894
5317,Anderson/Cameron,False,False,False,False,30.33409216,-97.68830589
5290,Research/Seton Center,True,False,False,True,30.404484919999998,-97.74495912
5274,Tech Ridge Bay B,False,False,False,True,30.41844002,-97.66827939
5281,Tech Ridge Bay G,False,False,False,True,30.4182959,-97.66886831000001
5273,Tech Ridge Bay H,False,False,False,True,30.41826631,-97.6686782
5304,Tech Ridge Bay I,False,False,False,True,30.4181992,-97.66824275
5319,Lamar/Howard,True,True,False,True,30.41672014,-97.67625658
5320,Thompkins/Trotwood,False,False,False,False,30.38738781,-97.66119601
5321,Thompkins/Larkins,False,False,False,False,30.38341094,-97.66271023
5323,11816 Shropshire/Rotherham,True,False,False,True,30.37836093,-97.65993615999999
5324,1120 Braker/January,False,False,False,True,30.37371048,-97.66845988
5325,Braker/Wedgewood,True,True,False,True,30.375894040000002,-97.67318393000001
5270,Parmer Rapid  Station (NB),True,True,False,True,30.40558971,-97.67848855
5328,12600 Tech Ridge/Parmer,False,False,False,False,30.40078217,-97.65873718
5329,12500 Tech Ridge/Canyon Ridge,True,False,False,True,30.39894264,-97.66327795000001
5330,12501 Tech Ridge/Canyon Ridge,True,False,False,True,30.39858872,-97.66286907
5331,12601 Tech Ridge/Parmer,True,False,False,True,30.39977535,-97.65915976999999
5332,13201 Mccallen/Parmer,True,False,False,True,30.411846829999998,-97.66368609
5280,Parmer Rapid Station (SB),True,True,True,True,30.41011937,-97.67804274
5271,12416 Lamar/Parmer,True,True,False,False,30.406532520000003,-97.67859122
5335,Canyon Ridge/Tech Ridge,True,True,False,True,30.39814762,-97.66904044
5336,Canyon Ridge/Yager,True,True,False,True,30.39873392,-97.66872477
5339,3300 Wells Branch/Howard,False,False,False,True,30.44022945,-97.69560245
5277,3000 Wells Branch/Tandem,True,False,False,True,30.4414935,-97.69260774
5278,3001 Wells Branch/Summit,True,False,False,True,30.44121028,-97.69244096000001
5342,1831 Wells Branch/Thermal,True,True,False,True,30.43458746,-97.6781395
5345,1101 Howard/Center Line,False,False,False,False,30.422810159999997,-97.66827235
5346,Lamar/Walnut Creek Park,True,True,False,True,30.39878871,-97.67954537
5347,12100 Lamar/Oakbrook,False,False,False,False,30.3932522,-97.68142825999999
5348,12001 Lamar/Oakbrook,False,False,False,False,30.39362744,-97.68100611
5349,West 38Th Station (SB),True,True,True,True,30.30440528,-97.74159384000001
5350,38Th/Guadalupe,True,True,False,True,30.303402039999998,-97.73901227
5351,West 38Th Station (NB),True,True,True,True,30.304699030000002,-97.74177771
5352,38Th/Ronson,False,False,False,False,30.30340071,-97.73946088000001
5283,Hancock Center,True,True,False,True,30.30021786,-97.72057394
5354,2911 Congress/La Vista,True,False,False,True,30.23275628,-97.75814691
5353,Guadalupe/27Th,True,False,False,True,30.293074999999998,-97.741584
2768,M L King/Trinity (Midblock),True,True,False,True,30.279262,-97.733535
5356,Metric/Gracy Farms,True,False,False,True,30.39788512,-97.7048664
5357,31St Street Station (SB),True,True,False,True,30.298050999999997,-97.74126100000001
5387,Leander Station Bay D,False,False,True,False,30.586407320000003,-97.85529643999999
5363,5310 Congress/Mockingbird,False,False,False,False,30.207092,-97.773971
5408,35Th/Oakmont,False,False,False,False,30.3083472,-97.75403696000001
5369,SE Corner Road A/Road B,True,True,False,True,30.391467510000002,-97.72597966
5372,Airport/55Th,False,False,False,False,30.316768,-97.713923
5373,Nueces/27Th,True,True,False,True,30.29165659,-97.74283477
5374,1000 Howard/Center Line,True,False,False,True,30.42265414,-97.66717567
5377,6502 Bluff Springs/William Cannon,True,True,False,True,30.189946510000002,-97.76758683
5379,San Jacinto/23Rd (Midblock),True,False,False,True,30.28603214,-97.73343274
5380,404 Slaughter/Francia,True,False,False,True,30.16896907,-97.79567173
5383,5100 William Cannon/Pleasant Valley,True,True,False,True,30.180325879999998,-97.74835518
5392,2421 Rosewood/Bedford,True,True,False,True,30.27220944,-97.70818976
5394,810 45Th/Red River,True,False,False,True,30.30516679,-97.72018428
5393,815 Koenig/Lamar,True,True,False,True,30.32631937,-97.72697147
5396,907 Lamar/Treadwell,True,False,False,True,30.25654836,-97.76103786
5398,5201 William Cannon/Pleasant Valley,True,False,False,True,30.1798931,-97.74799059
5405,Hyde Park Station (SB),True,True,True,True,30.30358,-97.737757
5406,9100 Georgian/Fawnridge,True,True,False,True,30.35847821,-97.69498961000001
5413,Lakeline/North Lake Creek,True,False,False,True,30.48014055,-97.79737548000001
5411,11125 Pecan Park/Lakeline Mall,True,True,False,True,30.47297153,-97.80267266999999
5415,Airport/53Rd,False,False,False,False,30.314086,-97.715128
5416,Slaughter/Simonetti,False,False,False,False,30.17417277,-97.80446672000001
5421,Balcones/Hart,True,False,False,True,30.342397050000002,-97.75405202
3731,1200 11Th/Lydia,True,True,False,False,30.26870369,-97.72763357
2812,1117 Cesar Chavez/Waller,True,True,False,True,30.25991875,-97.73285614
5424,601 Lamar/6Th,True,False,False,True,30.27219002,-97.75353856
5427,58 Waller/Holly,True,False,False,True,30.256066360000002,-97.73446854
5428,11020 Lakeline Mall/Pecan Park,False,False,False,False,30.47237832,-97.80125545
548,6220 Congress/North Bluff,True,False,False,True,30.19904087,-97.77659452
5432,Research/Riata Trace,False,False,False,False,30.425929399999998,-97.7516402
5436,Airport/38Th,True,False,False,True,30.28909673,-97.70700936
3843,924 41St/Ih 35,True,True,False,True,30.298908309999998,-97.72053923
5438,305 Dean Keeton/San Jacinto,True,True,False,True,30.28921971,-97.73518217
2004,307 Dean Keeton/San Jacinto,True,False,True,True,30.28920227,-97.73486578
5442,12430 Metric/Parmer,True,True,False,True,30.412276509999998,-97.69136157999999
5434,Riverside/Metro Center,True,True,False,True,30.216684139999998,-97.68963715
5445,9302 Lamar/Rundberg,True,True,False,True,30.36175771,-97.69792701
5446,1113 Rutherford/Furness,True,True,False,True,30.34045408,-97.69005838
5447,1112 Rutherford/Furness,True,False,False,True,30.34058034,-97.68993508999999
5449,Lamar/West Gate,False,False,False,False,30.23228339,-97.80455523
5452,Braker/Mopac SW Corner,False,False,False,False,30.39641164,-97.73432942000001
5455,51St/Lancaster,True,False,False,True,30.308231799999998,-97.70776811
5456,Mabel Davis Park,True,True,False,True,30.22000584,-97.7429664
5461,1404 Fort Branch/Delano,False,False,False,False,30.278343000000003,-97.680174
5464,2810 Oak Springs/Webberville,False,False,False,False,30.27293924,-97.70224978
5465,Govalle/Springdale,False,False,False,True,30.26403288,-97.69678456000001
5466,703 Montopolis/Ponca,False,False,False,False,30.237459100000002,-97.69528925
5470,Riverside/Palma Verde,False,False,False,False,30.21703943,-97.68524495
5472,8400 Menchaca/Keepsake,False,False,False,False,30.188238679999998,-97.81501173
5473,8204 West Gate/Linnet,False,False,False,False,30.19658089,-97.82904318
5476,8007 West Gate/Ranch,False,False,False,False,30.19868335,-97.82688544000001
5478,7408 West Gate/Grennock,False,False,False,False,30.20179455,-97.81872993
5479,3701 Menchaca/Valley View,True,True,False,True,30.23683763,-97.78376936
5483,4826 Mueller/Philomena,False,False,False,False,30.30148161,-97.70571953
5491,4800 Convict Hill/Brush Country,True,False,False,True,30.217489,-97.84994637000001
5492,2200 Martin Luther King/Coleto,True,False,False,True,30.28035626,-97.71821679
5493,5401 Airport/53Rd Half,True,False,False,True,30.31655564,-97.71378062000001
5494,5214 Duval/53Rd,False,False,False,False,30.31625673,-97.71852025000001
5496,904 11Th/Branch,True,False,False,True,30.269995,-97.731193
5498,Seaholm Station (NB),True,True,True,True,30.265454,-97.75209799999999
5499,714 6Th/West,False,False,False,True,30.27031556,-97.75048981
5505,1120 st Johns/Blessing,True,False,False,True,30.32892072,-97.69562913
5487,727 Stassney/Nancy,True,False,False,True,30.20905937,-97.78428372
5489,4917 Congress/Ramble,False,False,False,False,30.21211476,-97.77091557
2145,1601 Barton Springs/Kinney,False,False,False,False,30.262023,-97.76175500000001
524,2300 Congress/College,False,False,False,True,30.240333240000002,-97.75290514
2640,6611 1St/William Cannon,True,False,False,True,30.19733638,-97.7878357
2832,Bee Street/Main Street,False,False,False,True,30.50272429,-97.91454941
5508,1309 Anderson/Lazy,False,False,False,True,30.35074647,-97.7197201
5509,6903 Airport/Kenniston,True,False,False,True,30.336072209999998,-97.71789566
5510,Airport/Guadalupe,True,True,False,True,30.33353494,-97.71686339
5514,10112 Lake Creek/Pecan Park,False,False,False,False,30.46403115,-97.78922338999999
5515,9701 Anderson Mill/US 183,True,False,False,True,30.44793315,-97.79300608000001
5517,9813 Lamar/Longspur,False,False,False,True,30.368162159999997,-97.69398265
5518,11900 Lamar/Little Oak,False,False,False,False,30.38961824,-97.68267388999999
5519,Rutland/Ledgewood,True,False,False,True,30.375880740000003,-97.71084225000001
5520,13207 Metric/Staton,False,False,False,False,30.42133461,-97.68311259
5521,13621 Metric/Howard,True,False,False,True,30.42627033,-97.67685867
5522,13620 Metric/Howard,True,True,False,True,30.42633426,-97.67715942
5008,6200 North Hampton/Wheless,False,False,False,False,30.312469,-97.684539
5528,203 Dean Keeton/Whitis,True,True,False,True,30.28955251,-97.73958637000001
5530,13200 Mccallen/Center Ridge,False,False,False,False,30.411843689999998,-97.66398109
5534,Downtown Station,False,True,False,False,30.264842780000002,-97.73844828
5535,Plaza Saltillo Station,True,False,True,True,30.26224153,-97.72757784000001
5536,M L King Jr Station,False,False,False,False,30.279817910000002,-97.70903073000001
5537,Highland Station,True,True,True,True,30.32860081,-97.71620336
5538,Crestview Station,True,False,False,True,30.338559,-97.719691
5539,Kramer Station,False,True,True,False,30.392786010000002,-97.71640002
5540,Howard Station,True,False,False,True,30.439990350000002,-97.70173407
5541,Lakeline Station,False,False,False,False,30.481030060000002,-97.78654331
5542,Leander Station,True,False,False,True,30.58640085,-97.855735
5543,2630 Speedway/27Th,False,False,False,False,30.29120953,-97.73668943999999
5544,South Congress Bay B,False,False,True,True,30.222916599999998,-97.76693207000001
5545,South Congress Bay C,False,False,True,True,30.22308357,-97.76685278000001
5547,South Congress Bay E,False,False,True,True,30.223436030000002,-97.76664482
5551,South Congress Bay I,False,False,True,False,30.22321165,-97.76613687999999
5552,South Congress Station Bay J,False,False,True,True,30.222940989999998,-97.76627979
5553,South Congress Station Bay K,False,False,True,True,30.22271795,-97.76645866
5555,10503 Lamar/Meadows,True,False,False,True,30.374311440000003,-97.69080891
5558,Loyola/Johnny Morris NW Corner,True,True,False,True,30.30162955,-97.65090709
5564,605 15Th/Rio Grande,True,False,False,True,30.27865162,-97.74597942000001
5554,1805 Riverside/Parker,True,True,False,True,30.24265766,-97.72906121
2003,2900 Guadalupe/29Th,True,True,False,False,30.295584,-97.742804
2623,5500 S 1St/Stassney,True,True,False,True,30.20875337,-97.78142011
2680,6905 West Gate/William Cannon,False,True,False,True,30.20697598,-97.81541836
5567,1215 Airport/12Th,True,True,False,True,30.27758949,-97.70065736999999
5568,1181 Airport/Oak Springs,True,True,False,True,30.27541003,-97.69890396
5569,3400 Red River/Harris,True,False,False,True,30.29332384,-97.72549206999999
5571,3520 Martin Luther King/EM Franklin,False,False,False,False,30.28376679,-97.69679147000001
5575,1820 Ohlen/Renton,False,False,False,False,30.36116911,-97.72318372000001
5577,12016 Amherst/Eton,True,False,False,True,30.413599039999998,-97.72083135999999
5580,2415 Kramer/Brockton,True,True,False,True,30.392964720000002,-97.71578587
5581,Colony Loop/Shannon,False,False,False,False,30.29885553,-97.64126698999999
5583,7309 Ritchie/Colony Park,False,False,False,False,30.30549847,-97.63917443
5585,6063 US 290/Old Fredericksburg,False,False,False,False,30.23492485,-97.85362953
5588,MLK Station Stop 1,True,True,False,True,30.280158880000002,-97.7092189
5594,3508 Eskew/Leafield,True,True,False,True,30.20386345,-97.83830909000001
2597,Oak Hill Plaza,True,False,False,False,30.23496612,-97.87694049000001
5607,Howard Station Bus Stop,True,True,False,True,30.43997152,-97.70124033
5608,4005 Banister/Summer Oaks,True,False,False,True,30.22979387,-97.77814262
5177,701 23Rd/Robert Dedman,False,False,False,False,30.284984,-97.731602
5176,601 23Rd/Trinity,True,True,False,True,30.284999,-97.73180400000001
5175,501 23Rd/Trinity,True,True,False,True,30.285069,-97.732623
5592,7900 Riverside/Hoeke,True,False,False,True,30.21579525,-97.68871777
5593,Palma Verde/Ben White,False,False,False,False,30.21912077,-97.68782962
5602,6413 Airport Blvd (Highland Mall),True,False,False,False,30.32912503,-97.71569414999999
5603,6402 Airport Blvd (Highland Mall),True,True,False,True,30.32833899,-97.71608149
5604,Crestview Station Bus Stop,True,True,False,True,30.338721,-97.719548
5605,717 st Johns/Lamar,False,False,False,False,30.33910851,-97.71745403999999
5606,Crestview Station (SB),True,True,True,True,30.337824,-97.719068
5610,1601 7Th/Comal,True,True,False,True,30.26376338,-97.72588849
1540,6594 1St/William Cannon,True,True,False,True,30.1974452,-97.78749991000001
3228,1945 William Cannon/Menchaca,True,True,False,True,30.20271596,-97.80623289
746,Menchaca/William Cannon SW Corner,True,True,False,True,30.20203147,-97.80716305
5612,Rundberg at IH 35,False,False,False,False,30.35890908,-97.68929878
5613,1215 51St/Cameron,True,True,False,True,30.30813193,-97.70804592
5614,12026 Metric/Bittern,False,False,False,True,30.403296549999997,-97.70024611
5615,12029 Metric/Bittern,True,False,False,True,30.403380740000003,-97.69961684
5616,Airport Blvd NB (Manor/Airport),False,False,False,True,30.286327,-97.705715
5617,3219 Manor/Tillery,True,False,False,True,30.28681736,-97.70273359999999
2260,Oltorf West Station (NB),True,True,True,True,30.24802421,-97.77101416000001
3526,Wickersham/Elmont,True,True,False,True,30.23363119,-97.72009197
2823,Park/Crestview Jonestown,True,True,False,False,30.49293195,-97.92295984
1750,US 290/Mopac (Walmart),True,True,False,True,30.23336454,-97.82142048
5622,Del Valle ISD,False,False,False,True,30.17486617,-97.6108369
5623,236 Slaughter/Alice Mae,True,False,False,True,30.16735435,-97.79282357
5624,651 Martin Luther King Jr/Red River,True,False,False,True,30.27868769,-97.73147141999999
5625,5789 Airport/Koenig,True,True,False,True,30.32164659,-97.71394989999999
5626,2629 Lake Austin/Exposition,True,False,False,True,30.282567,-97.77646188
5627,1621 Rosewood/Lawson,False,False,False,True,30.26921782,-97.72160936
5633,421 Cesar Chavez/Trinity,False,False,False,False,30.262213,-97.740639
5634,2819 Guadalupe/29Th,False,False,False,False,30.294774,-97.74243200000001
5635,906 Lamar/Treadwell,False,False,False,False,30.25634162,-97.76143257999999
5636,4705 Heflin/Springdale,True,True,False,True,30.2851835,-97.68131428
5640,5508 Martin Luther King Jr/Hilldale,True,False,False,True,30.28672917,-97.67107873
5641,5304  MLK Jr/Oldfort Hill,True,False,False,True,30.28674387,-97.67451229
5642,5107 Heflin/Webberville,False,False,False,False,30.28261976,-97.6769049
5643,Tannehill/Martin Luther King,False,False,False,False,30.286011130000002,-97.66951826
5644,Johnny Morris SB (Loyola/Johnny Morris),False,False,False,True,30.300569,-97.64862600000001
5645,6505 Loyola/Johnny Morris,False,False,False,False,30.30017487,-97.64839327
5646,Research/Georgian,True,True,False,True,30.34443234,-97.7055829
5647,Research/Northcrest,False,False,False,False,30.34339248,-97.70502696
5649,13175 Pond Springs/Turtle Rock,True,False,False,True,30.444876360000002,-97.77767390000001
5650,13050 Pond Springs/Hunters Chase,True,True,False,True,30.44158096,-97.77372405
5653,10818 Lakeline Mall/Lake Creek,False,False,False,False,30.474728159999998,-97.79590247
5654,Lakeline/US 183,False,False,False,False,30.480006590000002,-97.80018630000001
5663,2000 Woodward/Ben White,True,True,False,True,30.21799593,-97.74379554000001
5655,620 Radam/James Casey,True,False,False,True,30.22529432,-97.77315143
5659,1512 Howard/Metric,True,False,False,True,30.42622645,-97.6758285
5662,1821 Ohlen/Renton,False,False,False,False,30.360919250000002,-97.72349418
5669,1719 Aldrich/Mueller,True,False,False,False,30.29787747,-97.70781811
5670,1714 Aldrich/Mueller,True,False,False,True,30.298134360000002,-97.70767921
5671,Research/Mc Neil,False,False,False,False,30.4343908,-97.76872483999999
5672,9422 Anderson Mill/US 183,True,False,False,True,30.44941692,-97.78770737
5673,9514 Anderson Mill/US 183,False,False,False,False,30.44953485,-97.78821859
5674,137 Oltorf/Euclid (Saint Ignatius),True,True,False,True,30.24012387,-97.75551005999999
5678,9639 Metric/Rundberg,False,False,False,False,30.37678211,-97.71704817999999
5679,9540 Metric/Rundberg,False,False,False,False,30.37616409,-97.71776643999999
5680,2018 Rundberg/West,True,False,False,True,30.37333966,-97.71822390999999
5681,1933 Rundberg/West,True,True,False,True,30.37305434,-97.71810137000001
5682,1806 Rundberg/Northgate,True,True,False,True,30.371653220000002,-97.71517196
5683,1401 51St/Lancaster,True,False,False,True,30.30671538,-97.70506986
5684,5012 Airport/51St,False,False,False,True,30.311595,-97.715502
5696,SH 95/Main,False,False,False,False,30.35731478,-97.38205444
5698,ACC Cypress Creek,False,False,False,False,30.47947725,-97.83442241
5699,7944 Salt Springs/Roseborough,False,False,False,False,30.16123594,-97.74413797
5700,8022 Thaxton/Running Water,True,True,False,True,30.15754815,-97.74224276
5701,6501 Alum Rock/Fall Meadow,False,False,False,True,30.15544705,-97.74224029999999
5702,8213 Panadero/Thaxton,True,False,False,True,30.15706686,-97.74362653
5703,1626 William Cannon/Bluff Springs,True,True,False,True,30.1892226,-97.76846143
5704,6625 Bluff Springs/William Cannon,False,False,False,False,30.18784922,-97.76795675
5705,11928 Metric/Sunhillow,True,True,False,True,30.401129909999998,-97.70246423
5707,1701 Briarcliff/Berkman (Midblock),False,False,False,False,30.31390447,-97.69228255
5711,525 Ben White/Terry O,True,False,False,True,30.21924558,-97.75773587
5712,4910 Freidrich/Teri,True,False,False,True,30.20457759,-97.75319874
5713,2230 Stassney/Dove,True,False,False,True,30.19333594,-97.75396661
5718,Braker/Road A (Ut-Prc),True,False,False,False,30.39236055,-97.7259936
5723,3450 Lake Austin/Lufkin,False,False,False,False,30.28853299,-97.78089892
5724,UT Research Campus Station (NB),True,True,True,True,30.38823178,-97.72704881
5722,Mc Kinney Falls/Burleson,True,False,False,False,30.1923012,-97.69822737
5728,5902 Riverside/Grove,False,False,False,False,30.227299509999998,-97.70813716
5732,12425 Lamplight Village/Parmer,False,False,False,False,30.413848729999998,-97.69674185000001
5733,6310 Burnet/White Horse,True,False,False,True,30.33830857,-97.73937229
5734,10700 Metric/Donley,True,True,False,True,30.386818820000002,-97.71153403
5735,7401 S 1St/Elderberry,True,False,False,True,30.18778153,-97.79050455999999
5736,6107 Hogan/Montopolis,False,False,False,False,30.23555054,-97.69959726
5739,6806 Burleson/Smith School,True,False,False,False,30.20166831,-97.70961451999999
5740,3825 Lake Austin/Enfield,False,False,False,True,30.295667820000002,-97.78385317
5741,2616 Stassney/West Gate,False,False,False,False,30.21902404,-97.80693767
5743,1200 Congress/Nellie,False,False,False,False,30.252434400000002,-97.74878005
5744,Justin Station (SB),True,True,True,True,30.34571669,-97.73751804
5745,7212 Burnet/Greenlawn,True,False,False,True,30.34875705,-97.73555484
5746,8003 Burnet/Ashdale,True,True,False,True,30.35860444,-97.73009344
5747,2401 12Th/Pleasant Valley,True,True,False,True,30.274488,-97.714983
5748,1803 Montopolis/Kasper,True,True,False,True,30.22618713,-97.70256022
5749,702 Montopolis/Ponca,False,False,False,True,30.237009009999998,-97.69575714
5750,9800 Curlew/Aftonshire,False,False,False,True,30.17794288,-97.83380684
5752,11609 Metric/Gold Wing,True,False,False,True,30.395747940000003,-97.70571405
5754,3418 Enfield/Robinhood,False,False,False,False,30.29434463,-97.77980473999999
5755,Braker/Mopac (Farside/Midblock),True,False,False,True,30.3975528,-97.73606571
5757,1912 William Cannon/Elm Creek (Apt),False,False,False,False,30.188279719999997,-97.76429564
5758,1901 William Cannon/Bluff Springs,True,False,False,True,30.188349050000003,-97.76551511000001
5760,11906 Stonehollow/Metric,True,True,False,True,30.40152675,-97.70439830000001
5761,1779 Wells Branch/Wells Port,False,False,False,False,30.43573615,-97.67501958999999
5764,1426 Wells Branch/Fm 1825,True,True,False,False,30.44136614,-97.66543261000001
5765,1425 Wells Branch/Fm 1825,True,True,False,True,30.441022359999998,-97.66466347000001
5766,1114 Wells Branch/Drusillas,True,False,False,True,30.43869445,-97.65949024000001
5767,1113 Wells Branch/Drusillas,True,True,False,True,30.43794134,-97.65887182
5768,1600 Heatherwilde/Wells Branch,True,False,False,True,30.432288080000003,-97.65419564
5769,501 Wells Branch/Heatherwilde,True,False,False,True,30.43341176,-97.65307632000001
5770,2551 Heatherwilde/Wild Senna,False,False,False,True,30.42241453,-97.65883905
5771,2600 Heatherwilde/Wild Senna,False,False,False,False,30.42226609,-97.65920509
5774,4549 Riverside/Wickersham,True,True,False,True,30.232093799999998,-97.71987456000001
5775,405 23Rd/Trinity,False,False,False,False,30.28501884,-97.7320202
5776,201 W Carrie Manor/Lexington,True,True,True,True,30.33969403,-97.55912365
5777,Central/Avenue C,False,False,False,False,30.34649027,-97.37167904
5779,Riverside NB (Pleasant Valley HEB),False,False,False,False,30.235813,-97.721325
5778,1St/Fm 1626 (Akins),True,True,False,True,30.14725178,-97.80319868
5781,1718 Briarcliff/Berkman,False,False,False,False,30.31399028,-97.69215586
5782,6116 Cameron/Glencrest,False,False,False,False,30.319536980000002,-97.69731064
5783,5324 Cameron/Broadmoor,False,True,False,True,30.31123965,-97.70743892
5784,9600 Burnet/Longhorn,True,False,False,True,30.379659,-97.725088
5785,Lake Creek/Hymeadow,False,False,False,False,30.46364622,-97.78923764
5786,2918 Martin Luther King Jr/Clifford,True,False,False,True,30.28203332,-97.70767977999999
5788,4404 Oltorf/Huntwick,True,True,False,True,30.22680748,-97.72613936
5789,Oltorf/Wickersham,True,False,False,True,30.225462020000002,-97.72403475
5791,2525 Kramer/Burnet,False,False,False,False,30.394612430000002,-97.71926486
5792,Millwright/Timbercrest,True,False,False,True,30.45323742,-97.80332612
5794,4924 Mueller/Barbara Jordan,True,False,False,True,30.30391546,-97.70415127999999
5796,4300 Airport/Wilshire,True,True,False,True,30.297972939999998,-97.70932116
5797,SH 71/Cheviot (EB),True,True,False,True,30.20334698,-97.64167748
5798,8208 Alum Rock/Broad Brook,True,False,False,True,30.15407867,-97.73671593
5801,2832 Martin Luther King Jr/Alexander,True,True,False,True,30.281683740000002,-97.70989180000001
5802,2833 Martin Luther King Jr/Alexander,False,False,False,False,30.281547800000002,-97.70981296000001
5803,Del Valle ISD (Alt School),False,False,False,False,30.1759173,-97.61219946
5805,11101 Lakeline/North Lake Creek,False,False,False,False,30.47984599,-97.79749047
5808,7500 Manor/Pecan Brook,False,False,False,True,30.31903809,-97.66098842
5810,8408 Tuscany/US 290,False,False,False,True,30.33072238,-97.65948194
5811,8407 Tuscany/US 290,False,False,False,False,30.33071324,-97.65972996
5812,Exchange/Tuscany,False,False,False,False,30.33728086,-97.66204699000001
5813,8009 Exchange/Tuscany,True,False,False,True,30.33748733,-97.66219592
5814,8073 Exchange/Cross Park,False,False,False,False,30.330159530000003,-97.66676934
5815,8073 Exchange/Cross Park,True,False,False,True,30.33030471,-97.66697075
5816,8124 Exchange/Interparke,True,True,False,True,30.33049247,-97.67178115
5817,Exchange/Interparke,False,False,False,False,30.33053422,-97.67233677
5818,2202 Forbes/Cross Park,False,False,False,False,30.33519077,-97.6734472
5819,2205 Forbes/Cross Park,False,False,False,False,30.33526419,-97.67367617999999
5822,10000 Metric/Rutland,True,False,False,False,30.38015029,-97.71641315
5823,10001 Metric/Rutland,False,False,False,False,30.380334419999997,-97.7160083
5824,2208 Lake Austin/Upson,False,False,False,False,30.277570569999998,-97.77131367999999
5825,2530 Lake Austin/Hearn,False,False,False,True,30.27941887,-97.77404788
5826,4701 Stassney/Pleasant Valley,True,True,False,True,30.19388956,-97.74386310999999
5828,4604 Stassney/Pleasant Valley,True,True,False,True,30.19408772,-97.74447612
5829,5301 Stassney/Nuckols,True,True,False,True,30.19273787,-97.73823146000001
5831,5200 Stassney/Nuckols,True,True,False,True,30.19320058,-97.73867332
5832,5901 Stassney/Teri,True,False,False,True,30.19109253,-97.73122198
5833,3712 Montopolis/Burleson,True,True,False,True,30.20506348,-97.71675104
5834,3577 Montopolis/Burleson,True,True,False,True,30.20620074,-97.71630697
5835,3120 Montopolis/Ben White,True,False,False,True,30.21044282,-97.7133101
5836,3121 Montopolis/Ben White,True,True,False,True,30.21067098,-97.71346678
5837,8800 West Gate/Davis,False,False,False,True,30.191272989999998,-97.83343239999999
5838,West Gate/Davis,False,False,False,True,30.19077301,-97.83340181
5839,West Gate/Cohoba,False,False,False,False,30.18737173,-97.83612828
5840,West Gate/Cohoba,False,False,False,True,30.18738814,-97.83584462
5842,2908 Slaughter/Lindshire,False,False,False,False,30.17817266,-97.83841864
5843,West Gate/Aftonshire,True,True,False,True,30.18003034,-97.84044455
5844,Metropolis/Veterans Clinic,True,True,False,True,30.207627419999998,-97.69049498
5845,Esperanza Crossing/Domain,False,False,False,False,30.39987974,-97.72438468
5846,6705 Crystalbrook/Loyola (Park),True,False,False,True,30.30330321,-97.65353977999999
5847,3500 Loyola/Manor,True,True,False,True,30.310493830000002,-97.66745212000001
5857,Chinatown Station (SB),True,True,True,True,30.38036669,-97.68740138
5858,Masterson Station (SB),True,True,True,True,30.37093333,-97.69273333
5859,North Lamar Transit Center,True,True,True,True,30.34932551,-97.71168455
5860,Crestview Station (NB),True,True,True,True,30.336889,-97.719305
5861,Brentwood Station (SB),True,True,True,False,30.32686,-97.72590199999999
5862,Brentwood Station (NB),True,True,True,True,30.326325,-97.725966
5863,UT Dean Keeton Station (SB),True,True,True,True,30.291085,-97.741379
5864,UT Dean Keeton Station (NB),False,True,False,True,30.290239999999997,-97.74125000000001
5865,UT West Mall Station (NB),True,True,True,True,30.286216,-97.741573
5866,Museum Station (SB),True,True,False,True,30.27936636,-97.74254513000001
5867,Republic Square Station (SB),True,True,True,False,30.26775126,-97.74685683
5868,Republic Square Station (NB),True,True,False,True,30.26621768,-97.74605645
5869,st Edwards Station (NB),True,True,True,False,30.23056445,-97.75951126
5870,st Edwards Station (SB),True,True,True,True,30.22893334,-97.76081722
5871,Little Texas Station (SB),True,True,False,True,30.202521,-97.77565899999999
5872,Pleasant Hill Station (SB),True,True,False,True,30.19240001,-97.77923388
5873,Southpark Meadows Station,True,True,True,True,30.16288333,-97.79031667
5875,Bluebonnet Station (NB),True,False,False,True,30.246383570000003,-97.77816666
5876,UT Research Campus Station (SB),True,False,True,True,30.388251190000002,-97.7272333
5877,Sunshine Station (SB),True,False,True,True,30.315713,-97.736377
5879,Bluebonnet Station (SB),True,False,True,True,30.24676612,-97.7778743
5881,Lakeline/US 183,True,False,False,True,30.47841447,-97.80467476
5882,6505 Burleson (Goodwill),True,True,False,True,30.20422151,-97.71411082
5889,5801 Slaughter/Escarpment,False,False,False,False,30.200218449999998,-97.87602731
5890,5796 Slaughter/Escarpment,False,False,False,False,30.200511690000003,-97.87637458
5891,9111 Beckett/La Cresada,False,False,False,False,30.20424095,-97.87068608999999
5893,8719 Beckett/Davis,False,False,False,False,30.208186920000003,-97.86910512
5896,8101 Beckett at Dick Nichols Park,True,False,False,True,30.21388398,-97.86389054
5897,8100 Beckett at Dick Nichols Park,False,False,False,False,30.2139939,-97.86400574000001
5898,7405 Beckett/Ponoma,True,False,False,False,30.21982251,-97.85816061999999
5899,7406 Beckett/Ponoma,False,False,False,False,30.21982472,-97.8583486
5900,6911 Brush Country/One Oak,False,False,False,False,30.219895429999998,-97.84389345
5901,6914 Brush Country/One Oak (Church),False,False,False,False,30.219296630000002,-97.84440223
5902,6703 Brush Country/William Cannon,True,True,False,True,30.22295139,-97.84181264
5903,6704 Brush Country/William Cannon,False,False,False,False,30.22286681,-97.84211531
5905,Beckett/Davis,False,False,False,False,30.20817598,-97.86931636
5906,Beckett/La Cresada,False,False,False,False,30.20435871,-97.87083153
5907,10404 Escarpment/La Crosse,False,False,False,False,30.19388605,-97.88555595
5908,10405 Escarpment/La Crosse,False,False,False,False,30.1936519,-97.88535639
5909,11241 Escarpment/South Bay,False,False,False,False,30.18552081,-97.89470815
5910,11148 Escarpment/South Bay,False,False,False,False,30.18599424,-97.89469005
5911,5507 Jackie Robinson/Delano,True,True,False,True,30.27647498,-97.67840615
5912,4100 Tannehill/Samuel Huston,True,True,False,True,30.27919918,-97.67415614
5913,4600 Tannehill/Martin Luther King,False,False,False,False,30.28571826,-97.66991808
5914,6401 FM 969/Craigwood,True,False,False,True,30.28463109,-97.66003426
5915,6506 FM 969/Craigwood Eb,True,False,False,True,30.284968,-97.660672
5916,10001 Stonelake/Capital of Texas,True,False,False,True,30.39119784,-97.73928346
5917,4216 Freidrich/St Elmo,False,False,False,False,30.211274260000003,-97.7489809
5919,Domain Station,True,False,True,True,30.39985,-97.72045
5920,Mopac/Braker,True,False,False,True,30.39396157,-97.73244666
5922,8005 Georgian/Wonsley,True,True,False,True,30.345388110000002,-97.70422362
5923,Georgian/Research,False,False,False,False,30.34352666,-97.70543110999999
5924,West Gate/Piney Creek,False,False,False,False,30.1936874,-97.83148882
5925,Barbara Jordan NB (Berkman/Barbara Jordan),False,False,False,True,30.302546999999997,-97.699539
5926,Barbara Jordan SB (Berkman/Barbara Jordan),False,False,False,True,30.302693,-97.699868
5849,Northcross Station (SB),True,True,True,True,30.35421667,-97.73211694
5851,7719 Northcross/Foster,True,False,False,True,30.3549864,-97.73617039999999
5854,2535 Anderson/Northcross,True,True,False,True,30.35718283,-97.73345626
5855,2711 Anderson/Northcross,True,False,False,True,30.35870726,-97.73652056
5856,2714 Foster/Northcross,True,True,False,True,30.357211369999998,-97.73720850000001
5918,4300 Airport/Aldrich,True,True,False,True,30.2984404,-97.70929407999999
5927,Del Valle High (Tennis Courts),False,False,False,True,30.177570829999997,-97.61448111
5929,Wells Branch/Double File,False,False,False,False,30.44183071,-97.69028552
5932,1410 51St/Mueller,False,False,False,False,30.30656417,-97.70428551
5937,104 8Th/Congress,True,True,False,False,30.26991436,-97.74186886
5938,216 8Th/Lavaca,True,True,False,True,30.270613270000002,-97.74421487000001
2231,Montopolis/Oltorf,False,False,False,False,30.21515,-97.71042000000001
1222,Dove Springs NB (Pleasant Valley/Stassney),False,False,False,True,30.193732,-97.744558
830,Northcross Mall,False,False,False,False,30.35578156,-97.73426819
2287,Colony Park/Loyola,False,False,False,False,30.29876,-97.64462
5940,1609 Lavaca/17Th (Midblock),True,True,False,True,30.27883429,-97.74135767
5943,Pinnacle Park and Ride,False,True,False,True,30.23176039,-97.88154361000001
5944,Lavaca/3Rd,False,False,False,False,30.265791749999998,-97.74621334
5945,9100 US 290/Springdale,False,False,False,False,30.3289947,-97.65630218
5949,411 8Th/Trinity,False,True,False,True,30.268996589999997,-97.73847922
5950,812 Guadalupe/8Th,True,True,False,True,30.27150254,-97.74547797000001
5951,101 Braker/Georgian,True,False,False,False,30.37901591,-97.6815679
5962,8425 West Gate/Cameron,False,False,False,True,30.194439040000002,-97.83091851
5963,7809 West Gate/Epping,True,False,False,False,30.199080910000003,-97.82345698
5964,5350 Burnet/Lawnmont,True,False,False,True,30.32751714,-97.73983336
5965,813 Lavaca/8Th (Farside),True,True,False,True,30.27095216,-97.74427176
5968,324 Slaughter/Francia,False,False,False,False,30.16951891,-97.79584715
5969,8120 Research/Anderson,False,False,False,False,30.35303358,-97.71497609
5970,Primose,False,False,False,False,30.31996083,-97.70405092
5974,2901 Montopolis/Oltorf,True,False,False,True,30.21528782,-97.71024973
5976,1800 Wells Branch/Wells Port,True,True,False,True,30.43565035,-97.67566211
5977,3900 Medical/39Th,False,False,False,True,30.30691743,-97.74350625
5978,3706 Lamar/38Th,False,False,False,True,30.30470453,-97.7435314
5979,201 45Th/Avenue F,False,False,False,False,30.30807131,-97.72727134
5980,12323 Pearce/Las Alas,True,False,False,True,30.171314289999998,-97.62724242
5981,Loyola/Wentworth,True,True,False,True,30.29295823,-97.63124123
5982,8309 Loyola/Wentworth,False,False,False,False,30.29274269,-97.63131776
5983,6036 Elfen/Hog Eye,False,False,False,True,30.28403763,-97.62683714
5984,9301 Hog Eye - Community First,False,False,False,False,30.28247812,-97.62320011
5985,12321 Pearce/Las Alas,True,True,False,True,30.171770610000003,-97.62791903
5986,12905 Thome Valley/Alomar,True,False,False,False,30.17285264,-97.61736558
5987,12904 Thome Valley/Alomar,True,True,False,True,30.172997579999997,-97.61742126
5988,Gilwell/Thome Valley,False,False,False,False,30.174467659999998,-97.61318504
5989,Gilwell/Justice,True,False,False,False,30.17476096,-97.61346
5990,Gilwell/Bahan,True,True,False,True,30.175516639999998,-97.61613911
5991,Gilwell/Mathra,False,False,False,False,30.17566708,-97.61627667
5992,112 Martin Luther King Jr/Congress,True,True,False,True,30.28054483,-97.73731834
5994,8004 West Gate/Ranch,False,False,False,False,30.19886133,-97.82688984
5995,1005 Lamar/10Th,False,False,False,False,30.27530421,-97.75206734
5997,Overton Driveway/Overton Driveway,False,False,False,False,30.30042142,-97.63657214999999
5999,509 Slaughter/1St,True,False,False,True,30.171794990000002,-97.79898854
6003,Johnny Morris/Craybrough,False,False,False,False,30.30303886,-97.64631005999999
6070,Eagles Landing Apt/Decker,False,False,False,False,30.30714195,-97.62212845
6004,Johnny Morris/Point North,True,False,False,True,30.3080468,-97.64305052
6005,Daffan/Oak Crest,True,True,False,True,30.31430426,-97.62020263
6071,Lohman Ford/Fm 1431,False,False,False,False,30.47408815,-97.97510274999999
6006,Daffan/Decker,False,False,False,False,30.31225795,-97.61589423
6085,Metropolis/Metlink,True,True,False,True,30.206856480000003,-97.69505414
6093,10300 Jollyville/Great Hills,True,False,True,True,30.39698126,-97.75013777000001
6082,2219 Elmont/Town Lake,True,True,False,True,30.24093898,-97.72423309
6084,4800 Manor/Creekwood,True,False,False,True,30.295369190000002,-97.68900622
6091,Mueller Tower NB (Berkman/Tom Miller),False,False,False,True,30.290322,-97.698669
6190,1816 Mays/Tower,False,False,False,False,30.49244927,-97.67552203
6222,Sunrise/Hidden Valley,False,False,False,False,30.558731660000003,-97.67936676
6209,Sunrise/Bowman (Tiger Trail),False,False,False,False,30.52974751,-97.66780188999999
6210,Sunrise/Bowman (Tiger Trail),False,False,False,False,30.53067381,-97.668014
6199,Georgetown/Palm Valley,False,False,False,False,30.5166265,-97.67096311
6203,Mesa Park/Bayland,False,False,False,False,30.520855580000003,-97.66143434
6212,Sunrise/Country Aire,False,False,False,False,30.53457393,-97.66806476000001
6221,Sunrise/Hidden Valley,False,False,False,False,30.55774996,-97.67872565
6201,Plateau Vista/Aw Grimes,False,False,False,False,30.52113766,-97.65723722
6200,Georgetown/Palm Valley,False,False,False,False,30.517452749999997,-97.67096343
6206,Sunrise/Greenfield,False,False,False,False,30.52317163,-97.66789122
6224,N Mays St/Teravista Pkwy,False,False,False,False,30.56840791,-97.68656274
6219,Sunrise/Eagles Nest,False,False,False,False,30.552161469999998,-97.67656173
6215,Sunrise/Double File,False,False,False,False,30.54119085,-97.67099867
6193,Mays/Mays Crossing,False,False,False,False,30.49979879,-97.6762141
6225,N Mays/University,False,False,False,False,30.56145814,-97.68717504
6228,University/Teravista Club,False,False,False,False,30.56596723,-97.66935752
6192,Mays/Shipley,False,False,False,False,30.49641278,-97.67599041
6214,Sunrise/Old Settlers,False,False,False,False,30.53804975,-97.66801924
6211,Sunrise/Country Aire,False,False,False,False,30.534730930000002,-97.66787036
6197,Main St/Georgetown st,False,False,False,False,30.51043937,-97.67192415999999
6223,Mays/Teravista,False,False,False,False,30.5680802,-97.68678475
6227,University/Teravista Club,False,False,False,False,30.56584166,-97.66910052
6230,University/Sandy Brook,False,False,False,False,30.56737391,-97.66462739
6208,Sunrise/Wayne,False,False,False,False,30.52651829,-97.6679471
6216,Sunrise/Double File,False,False,False,False,30.54103618,-97.67111367
6194,Mays/Mays Crossing,False,False,False,False,30.50057827,-97.67605918
6207,Sunrise/Wayne,False,False,False,False,30.52614577,-97.66777763
6213,Sunrise/Old Settlers,False,False,False,False,30.537555060000003,-97.66818665
6198,104 Georgetown/Main,False,False,False,False,30.510752,-97.671697
6161,Dell Way/Greenlawn,False,False,False,False,30.485240859999998,-97.66390008
6183,Decker (Loyola/Decker),False,False,False,False,30.291672,-97.628589
6159,University/21St,True,True,False,True,30.28359301,-97.73957370000001
6220,Sunrise/Eagles Nest,False,False,False,False,30.55221065,-97.67681547
6226,N Mays St/University,False,False,False,False,30.56152707,-97.68689845
6229,University/Sandy Brook,False,False,False,False,30.5670093,-97.66512507
6191,Mays/Tower,False,False,False,False,30.49196033,-97.67575013000001
6196,Main/Burnet,False,False,False,False,30.50946328,-97.6759939
6232,College Park/University,False,False,False,False,30.56688473,-97.65849342
6204,Mesa Park/Bayland,False,False,False,False,30.520998640000002,-97.66155557
6202,Plateau Vista/Aw Grimes,False,False,False,False,30.52099198,-97.65781906999999
6195,Main/Burnet,False,False,False,False,30.50919607,-97.6763547
6205,Sunrise/Greenfield,False,False,False,False,30.52260751,-97.66772732999999
6160,Louis Henna/Walmart,False,False,False,False,30.48134379,-97.67047566
6241,1766 71/Thornberry,True,True,False,True,30.21940166,-97.67037929
6243,504 Campbell/5th,False,False,False,False,30.27502573,-97.76482548999999
6242,408 Shady/5Th,False,False,False,False,30.25194697,-97.69845988
6094,Bagdad/Brown,False,False,False,False,30.507150170000003,-97.68116093
6095,New Life Park and Ride,True,True,True,True,30.43521717,-97.69740195
6248,5302 Duval/53Rd,False,False,False,False,30.31651086,-97.71852394000001
6250,1300 Mearns Meadow/Parkfield,False,False,False,False,30.37237958,-97.70332695
6251,1225 Mearns Meadow/Parkfield,False,False,False,True,30.37229776,-97.70338172
6252,10014 Mountain Quail/Mearns Meadow,False,False,False,False,30.375848450000003,-97.70519597
6253,10001 Mountain Quail/Oak Hollow,False,False,False,False,30.375732369999998,-97.70597109
6254,9507 Mountain Quail/Rutland,False,False,False,False,30.37132555,-97.70948635
6255,9512 Mountain Quail/Rutland,False,False,False,False,30.371314560000002,-97.70930147
6256,1107 Mearns Meadow/Quail,False,False,False,False,30.36977123,-97.70062695
6257,1106 Mearns Meadow/Quail,False,False,False,False,30.36966446,-97.70078553
6258,1020 Mearns Meadow/Rutland,False,False,False,False,30.36675391,-97.70086981
6261,3513 Cesar Chavez/Springdale,True,True,False,True,30.25203394,-97.70470028
6263,3069 Cesar Chavez/Tillery,False,False,False,False,30.25173756,-97.70859934
6265,2719 Cesar Chavez/Pleasant Valley,True,True,False,False,30.253005,-97.712584
6266,2723 Cesar Chavez/Pleasant Valley,True,False,False,True,30.25296398,-97.7130045
6267,2411 Cesar Chavez/Pedernales,True,False,False,True,30.254573,-97.71728300000001
6268,2504 Cesar Chavez/Pedernales,True,False,False,True,30.254208000000002,-97.716515
6269,2111 Cesar Chavez/Robert Martinez,True,True,False,True,30.2557525,-97.72058804
6270,2204 Cesar Chavez/Robert Martinez,False,False,False,True,30.25572038,-97.720807
6271,1801 Cesar Chavez/Chicon,True,True,False,True,30.25726763,-97.7248412
6272,1906 Cesar Chavez/Chicon,True,False,False,True,30.25684312,-97.72408239
6274,203 Cesar Chavez/Colorado,False,False,False,False,30.26392013,-97.74613965
6275,321 Nueces/3Rd,True,True,False,True,30.267105,-97.749241
6276,467 38Th/Guadalupe,True,False,False,True,30.30227296,-97.73744955
6277,104 38Th/Speedway,True,False,False,True,30.30073285,-97.73381557
6278,101 38Th/Speedway,True,False,False,True,30.30039081,-97.73340397
6279,413 38Th/Duval,True,False,False,True,30.29871761,-97.72958256
6280,416 38Th/Duval,True,False,False,True,30.29851061,-97.72968557
6281,813 38Th Half/Red River,True,False,False,True,30.296535400000003,-97.72344807
6282,814 38Th Half/Red River,True,False,False,True,30.29636145,-97.72343271999999
6285,1612 38Th Half/Cherrywood,True,False,False,True,30.291761219999998,-97.71378244
6286,1801 38Th Half/Brookview,True,False,False,True,30.290420389999998,-97.71064102
6287,1802 38Th Half/Basford,True,False,False,False,30.289979,-97.71002
6288,1827 38Th Half/Airport,True,False,False,True,30.28924027,-97.70781531
6290,1906 38Th Half/Airport,True,False,False,True,30.289158670000003,-97.7067083
6289,3504 Manor/Greenwood,True,True,False,True,30.2880218,-97.70045278
6291,Mueller Tower Station SB (Berkman/Tom Miller),False,False,False,True,30.290214,-97.69901899999999
6292,Simond NB (Berkman/Simond),False,False,False,True,30.296343,-97.70008800000001
6293,Simond SB (Berkman/Simond),False,False,False,True,30.296149,-97.700385
6294,5304 Berkman/Westmoor,False,False,False,True,30.30666217,-97.69704383
6295,5305 Berkman/Broadmoor,False,False,False,False,30.306736309999998,-97.69720133
6296,4281 51St/Springdale,True,True,False,True,30.29398357,-97.67829904
6297,4918 Springdale/51St,True,True,False,True,30.293145929999998,-97.67812985
6298,3105 51St/Pecan Springs,False,False,False,False,30.295848,-97.682332
6299,3114 51St/Pecan Springs,False,False,False,False,30.295511,-97.681993
6300,2785 51St/Manor,True,True,False,True,30.298024299999998,-97.68690799999999
6301,2760 51St/Manor,True,True,False,True,30.2983437,-97.68727221
6303,1828 51St/Heb,False,True,False,True,30.30282147,-97.69811428
6306,467 st Johns/Duval,True,True,False,True,30.33412181,-97.70675278
6307,576 st Johns/Roland Johnson,True,True,False,True,30.33382045,-97.70649822
6310,1115 45Th/Bellvue,False,False,False,False,30.314472,-97.739517
6309,4509 Teri/Pleasant Valley,True,True,False,True,30.19727618,-97.74445696
6311,4512 Teri/Pleasant Valley,True,True,False,True,30.19700489,-97.74444941
6312,2332 Teri/Palo Blanco,False,False,False,True,30.1983034,-97.7469016
6313,2303 Teri/Spruce,False,False,False,False,30.200146179999997,-97.74903753999999
6314,115 7Th/Colorado,True,True,False,False,30.269226,-97.743548
6315,8th Street NB (Trinity/8th),True,False,False,False,30.269216,-97.738446
6320,5504 290 Hwy/Industrial Oaks,False,False,False,False,30.23715856,-97.84098904000001
6316,5976 290 Hwy/Harper Park,False,False,False,False,30.23592291,-97.85097447
6317,5411 290 Hwy/Monterey Oaks,False,False,False,False,30.23605888,-97.83851657999999
6318,5107 290 Hwy/Staggerbrush,False,False,False,False,30.23568539,-97.82848806
6319,128 Slaughter/35,False,False,False,False,30.1668259,-97.78407108
6321,149 Slaughter/35,False,False,False,False,30.167111000000002,-97.78379799999999
6327,132 Slaughter/Congress,True,False,False,True,30.16729398,-97.789084
6322,130 Slaughter/Congress,True,True,False,True,30.1669937,-97.78910228000001
6323,626 Slaughter/Narrow Glen,False,False,False,False,30.16293138,-97.77834083
6324,515 Slaughter/Narrow Glen,True,False,False,True,30.16416272,-97.77848390000001
6325,732 Slaughter/E Slaughter To Brandt,False,False,False,False,30.16035401,-97.77697859999999
6326,729 Slaughter/E Slaughter To Brandt,True,False,False,True,30.16062823,-97.77672644
6328,1708 Slaughter/Orchard Ridge,False,False,False,True,30.152643689999998,-97.76862643000001
6329,1599 Slaughter/Orchard Ridge,False,False,False,True,30.1531147,-97.76936122000001
6330,102 Chicon/Cesar Chavez,False,True,False,True,30.2572577,-97.72466053
6331,107 Chicon/Cesar Chavez,True,True,False,True,30.257487870000002,-97.72439355
6332,4804 Mueller/Philomena,False,False,False,False,30.3012394,-97.70562009000001
6334,3010 Slaughter/West Gate,True,False,False,True,30.179112789999998,-97.84099458
6335,1716 Barbara Jordan/Berkman,True,True,False,True,30.302661280000002,-97.70039144
6336,4121 Red River/Park,True,True,False,True,30.30123186,-97.72155023
6337,4202 Red River/Park,True,True,False,True,30.30161802,-97.72159806
6338,8630 Vertex/Charles Merle,False,False,False,False,30.15656624,-97.7528313
6339,8707 Vertex/Cattle Baron,True,False,False,False,30.15593114,-97.75307831
6340,4923 Airport/50Th,False,False,False,False,30.31092,-97.715345
6342,1504 st Johns/Berkman,False,False,False,False,30.32485892,-97.68968966999999
6343,1818 51St/Bartholomew Pool,True,True,False,True,30.30353557,-97.69858076999999
6346,1423 st Johns/Cameron,True,True,False,True,30.32570725,-97.69180195
6348,Fairfield Station (NB),True,True,True,True,30.35567447,-97.70224197
6355,st Elmo Station (NB),True,True,True,True,30.217776,-97.76695500000001
6356,st Elmo Station (SB),True,True,True,True,30.216701,-97.768024
6357,Broken Spoke Station (NB),True,True,True,True,30.24073937,-97.78607037
6358,Broken Spoke Station (SB),True,True,False,True,30.24100747,-97.78617891
6360,NORTH LOOP EAST STATION (SB),True,True,False,True,30.320787,-97.729716
6361,Slaughter Station (SB),True,True,True,True,30.16962126,-97.78786924
6362,Slaughter Station (NB),True,True,True,True,30.16996111,-97.78707323
6363,703 st Johns/Lamar,False,False,False,False,30.33909117,-97.71705254
6364,5106 Quicksilver/Canella,False,False,False,False,30.17240149,-97.7526912
6365,5109 Quicksilver/Pleasant Valley,False,False,False,False,30.17220047,-97.75239301
6366,633 Calles/Diaz,False,False,False,False,30.259543,-97.71203100000001
6367,4522 Riverside/Wickersham,True,True,False,True,30.23268388,-97.72070554999999
6368,5925 Riverside/Grove,False,False,False,True,30.226740980000002,-97.70763043
6369,1411 Fort Branch/Meander,True,True,False,True,30.27873601,-97.68032088
6370,303 7Th/San Jacinto,True,True,False,False,30.26815782,-97.73982188000001
6373,Westgate Transit Center - A,True,False,False,True,30.230908179999997,-97.79029482
6374,Westgate Transit Center - B,False,False,True,True,30.23110626,-97.79084303
6375,Westgate Transit Center - C,False,False,True,False,30.231153050000003,-97.79112868
6377,Westgate Transit Center - E,False,False,False,True,30.231527110000002,-97.79160646
6379,Westgate Transit Center - F,False,False,False,True,30.23140291,-97.79058805
6382,608 11Th/Red River,False,False,False,False,30.27109351,-97.73497578
6384,8473 Loyola/Decker,False,True,False,True,30.29150461,-97.62878964
6385,4338 Tannehill/Webberville,True,False,False,True,30.281843130000002,-97.67245000999999
6386,4301 Tannehill/Webberville,True,True,False,True,30.28139282,-97.6725386
6387,1508 Barbara Jordan/Mueller,False,False,False,True,30.30411349,-97.70346184
6388,2751 Foster/Rockwood,False,False,False,False,30.35754912,-97.73803659
6390,6188 Convict Hill/Escarpment,False,False,False,False,30.22555485,-97.8683804
6391,6317 Convict Hill/Escarpment,False,False,False,False,30.22602833,-97.86895588
6392,6959 Convict Hill/290,False,False,False,False,30.230042740000002,-97.87863024
6393,6964 Convict Hill/290,False,False,False,False,30.230056310000002,-97.87887515999999
6395,5169 290 Hwy/Boston,False,False,False,False,30.237093559999998,-97.83078239
6396,5638 290 Hwy/Westcreek,False,False,False,False,30.23595415,-97.84555955
6406,Howard Station Bay B,True,False,False,True,30.440473,-97.70169485
6404,27 Waller/Flores,False,False,False,False,30.25334586,-97.73555667000001
6407,603 Slaughter/1St,True,True,False,True,30.17282941,-97.79972208
6408,5843 Balcones/Northland,True,True,False,True,30.340402299999997,-97.75508653
6409,1509 Barbara Jordan/Mueller,False,False,False,True,30.30386819,-97.70347398
6414,189 Springdale/Cesar Chavez,False,False,False,False,30.252336130000003,-97.70392938
6413,5104 5Th/Shady,True,True,False,True,30.2521593,-97.69809145999999
6416,841 Rundberg/Middle Fiskville,False,False,False,False,30.357205779999997,-97.6863719
6417,1003 Rundberg/North Plaza,False,True,False,True,30.35581483,-97.68424621
6418,928 Rundberg/North Plaza,True,True,False,True,30.35616955,-97.6844364
6419,Norwood Transit Center - A,True,True,False,True,30.34020227,-97.69134542
6421,Norwood Transit Center - C,True,True,False,True,30.34039596,-97.69101944
6423,Norwood Transit Center - E,True,True,False,True,30.340470959999998,-97.69099917
6424,Norwood Transit Center - F,True,True,False,True,30.340372289999998,-97.69115875
6427,10099 Burnet/Mc Hale,True,False,False,True,30.38522109,-97.72357495
6428,2007 Pleasant Valley/Riverside,True,True,False,True,30.233458,-97.724063
6431,6822 Cameron/Camino La Costa,True,True,False,True,30.323777019999998,-97.69388545
6432,183/Patton (Esperanza Community),True,True,False,True,30.232832000000002,-97.68439099999999
6433,1031 Braker/Bluff Bend,False,False,False,False,30.37497216,-97.67183318000001
6434,6749 Metropolis/Smith School,True,False,False,True,30.20355395,-97.70704545
6439,ACC Riverside  @ Grove,False,False,False,False,30.23617963,-97.70372341
6441,Easton Park SB (McKinney Falls/William Cannon),False,False,False,False,30.16283,-97.726298
6442,1971 Riverside /Pleasant Valley (WB),True,False,False,True,30.234531320000002,-97.72324425000001
6443,1770 Riverside/Shore District,True,True,False,True,30.24370216,-97.72947475
6444,Ben White & SB I-35,False,False,False,False,30.215851530000002,-97.75294475999999
6446,5328 290 Hwy/290,True,False,False,True,30.23607066,-97.83517726
6447,5207 Eastside Bus Plaza Bay G,False,False,False,False,30.25157707,-97.69738693
6448,5203 Eastside Bus Plaza Bay H,False,False,False,False,30.2516998,-97.69762985999999
6450,5119 Eastside Bus Plaza Bay J,False,False,False,False,30.251893,-97.69802064
6451,8223 Lamar/Powell/NB,False,False,False,False,30.35095746,-97.70870287999999
6452,8130 Lamar/Powell/SB,False,False,False,False,30.35074639,-97.70956999
6453,1678 Wells Branch/Owen Tech,False,False,False,False,30.43913164,-97.67149160000001
6454,6058 Hogan/Community,False,False,False,False,30.23599351,-97.70030004
6456,10403 Burnet/Bright Verde,False,False,False,False,30.38863388,-97.72256023999999
6457,10401 Burnet/Bright Verde,True,False,False,True,30.3879076,-97.72303875
6458,2928 Menchaca/Lightsey,False,False,False,False,30.24236882,-97.78176688
6460,1114 7Th/Waller,True,False,False,True,30.26556088,-97.7304999
6461,1225 7Th/Attayac,False,False,False,False,30.264972,-97.729337
6462,5030 Tilley/51St,False,False,False,False,30.30148673,-97.69236504
6463,2121 51St/Tilley,False,False,False,False,30.301332260000002,-97.69171917
6467,6218 Stassney/Tx Dot Way SB,False,False,False,False,30.201947169999997,-97.72083841999999
6468,6303 Stassney/Tx Dot Way NB,False,False,False,False,30.2024969,-97.71943504999999
6469,2784 Slaughter/Lindshire,False,False,False,False,30.177832310000003,-97.83837481
6471,2914 Cherrywood/Manor,False,False,False,False,30.28458549,-97.71838589
6472,4223 Braker/Stonelake,False,False,False,False,30.39925093,-97.73954950000001
6474,376 Dellway /Greenlawn,False,False,False,False,30.48545107,-97.66390939
6476,9999 College Park/ACC Round Rock,False,False,False,False,30.56341506,-97.65603022
6477,9999 University/Orion/Goodwill,False,False,False,False,30.56411116,-97.67360054999999
6478,9999 Seton/Chautauqua/Tx State,False,False,False,False,30.567819779999997,-97.65291373000001
6479,305 Slaughter/Alice Mae,False,False,False,True,30.16779659,-97.79334963000001
6480,2507 Slaughter/Piping Rock,False,False,False,False,30.17646698,-97.83168615
6481,5783 William Cannon/Onion Creek Soccer Field EB,False,False,False,False,30.17545957,-97.74350541999999
6482,5764 William Cannon/Onion Creek Soccer Complex WB,False,False,False,False,30.175816769999997,-97.74341021
6483,6143 Oltorf/Montopolis/EB,False,False,False,False,30.21540975,-97.71122348
6484,2618 Slaughter/Curlew/EB,False,False,False,False,30.17646144,-97.83371815999999
6485,5210 Congress/Ramble,False,False,False,False,30.209045879999998,-97.77259955999999
6486,6303 Burnet/White Horse/NB,False,False,False,False,30.33833928,-97.73916349999999
6488,ACC Eastview SB (Webberville/Govalle),False,False,False,False,30.267713,-97.707739
6489,ACC Eastview NB (Webberville/Govalle),False,False,False,True,30.268094,-97.707357
6490,Franklin Park NB (Pleasant Valley/St Elmo),False,False,False,True,30.204087,-97.74193700000001
6491,Franklin Park SB (Pleasant Valley/St Elmo),False,False,False,True,30.204118,-97.742184
6494,Springdale Center SB (Manor/Susquehanna),False,False,False,False,30.313370000000003,-97.665007
6495,51st/Manor NB (Manor/51st),False,False,False,False,30.298344,-97.68687
6496,Airport Blvd SB (Airport/Manor),False,False,False,True,30.285952,-97.706369
6497,Manor Westbound (Manor/Airport),False,False,False,True,30.286266,-97.70702899999999
6498,East Dean Keeton SB (Dean Keeton/Medical Arts),False,False,False,False,30.288846999999997,-97.729473
6499,Capitol/Waterloo SB (San Jacinto/11th),False,False,False,False,30.272244,-97.738709
6500,Capitol/Waterloo NB (Trinity/12th),False,False,False,False,30.272682,-97.737179
6501,8th Street SB (San Jacinto/8th),False,False,False,True,30.268963999999997,-97.739881
6502,Brush Square SB (San Jacinto/5th),False,False,False,True,30.266258,-97.740904
6503,Brush Square NB (Trinity/4th),False,False,False,False,30.26565,-97.739798
6504,Vertex (Slaughter/Vertex),True,False,False,False,30.150224,-97.753916
6510,Onion Creek NB (William Cannon/Pleasant Valley),False,False,False,True,30.179559,-97.746488
6509,Onion Creek SB (William Cannon/Pleasant Valley),True,True,False,True,30.179019999999998,-97.746313
6505,Mission Hill NB (Burleson/Mission Hill),False,False,False,True,30.216708,-97.734133
6506,Mission Hill SB (Burleson/Mission Hill),False,False,False,True,30.216742,-97.734364
6507,Iroquois NB (Burleson/Iroquois),False,False,False,True,30.228005000000003,-97.735382
6508,Iroquois SB (Burleson/Iroquois),False,False,False,True,30.227672,-97.735483
6511,Oltorf at Burton NB (Oltorf/Burton),False,False,False,False,30.230755,-97.733322
6512,Oltorf at Burton SB (Oltorf/Burton),False,False,False,True,30.231070000000003,-97.734031
6515,Cesar Chavez NB (Pleasant Valley/Cesar Chavez),False,False,False,False,30.253159,-97.712655
6516,Cesar Chavez SB (Pleasant Valley/Cesar Chavez),False,False,False,False,30.25282,-97.713
6517,9999 Lakeline/N 183 Hwy Sb,True,True,False,True,30.47824597,-97.80556763999999
6518,117 15Th/Brazos,False,False,False,False,30.27657151,-97.73873241
6519,McKalla Station,True,False,False,True,30.387973319999997,-97.71754917
6520,Bluff Springs/BitterCreek,False,False,False,False,30.1873823,-97.76817979
6521,Salt Springs at Tara,False,False,False,False,30.16379391,-97.74264508
6522,Salt Springs at Roseborough Dr,False,False,False,False,30.16151184,-97.7441962
6523,Tumbleweed at Purplesage,False,False,False,True,30.30979687,-97.65503355
6524,Grove at Riverside,False,False,False,False,30.226671,-97.70831299999999
6525,Stassney NB Rapid,True,True,False,True,30.20539484,-97.77449346
6526,Airport at Clayton SB,False,False,False,False,30.323415999999998,-97.71554
6527,Airport at Clayton NB,True,False,False,True,30.324196,-97.715657
6528,Braker Station (SB),True,True,False,True,30.38231338,-97.68633772
6542,2428 Elmont/Town Lake,False,False,False,False,30.239842,-97.72157200000001
6534,2220 Elmont/Town Lake,False,False,False,False,30.241145,-97.724319
6532,3952 Airport/Antone,False,False,False,False,30.291283,-97.707692
6536,4405 Riverside/Pleasant Valley,False,False,False,False,30.233381,-97.723235
6530,Easton Park NB (McKinney Falls/William Cannon),False,False,False,False,30.161429000000002,-97.726837
6531,4001 Airport/Antone,False,False,False,False,30.291604,-97.707379
